{
  "train": {
    "ar": {
      "mse": 0.006318358704447746,
      "rmse": 0.07948810416941485,
      "mae": 0.061521805822849274,
      "r2": 0.7003301382064819
    },
    "en": {
      "mse": 0.004425492137670517,
      "rmse": 0.06652437250865668,
      "mae": 0.05130130425095558,
      "r2": 0.6471152305603027
    },
    "fi": {
      "mse": 0.004085060209035873,
      "rmse": 0.06391447573934933,
      "mae": 0.05125939100980759,
      "r2": 0.4593522548675537
    },
    "id": {
      "mse": 0.005340350326150656,
      "rmse": 0.07307770060798749,
      "mae": 0.05752791836857796,
      "r2": 0.7076503038406372
    },
    "ja": {
      "mse": 0.002948564710095525,
      "rmse": 0.05430068793390674,
      "mae": 0.04217423126101494,
      "r2": 0.6830085515975952
    },
    "ko": {
      "mse": 0.0048859682865440845,
      "rmse": 0.06989970161985017,
      "mae": 0.05500304698944092,
      "r2": 0.7759307026863098
    },
    "ru": {
      "mse": 0.005822421051561832,
      "rmse": 0.07630479048894527,
      "mae": 0.05971426144242287,
      "r2": 0.8253554105758667
    }
  },
  "val": {
    "ar": {
      "mse": 0.026096658781170845,
      "rmse": 0.16154460307039306,
      "mae": 0.11312451213598251,
      "r2": 0.46833711862564087
    },
    "en": {
      "mse": 0.007889613509178162,
      "rmse": 0.08882349638005792,
      "mae": 0.06685730069875717,
      "r2": 0.4074787497520447
    },
    "fi": {
      "mse": 0.013965178281068802,
      "rmse": 0.11817435542903884,
      "mae": 0.0858299657702446,
      "r2": 0.18802469968795776
    },
    "id": {
      "mse": 0.01873186230659485,
      "rmse": 0.13686439385974297,
      "mae": 0.10102755576372147,
      "r2": 0.49238449335098267
    },
    "ja": {
      "mse": 0.015351073816418648,
      "rmse": 0.12389945042823494,
      "mae": 0.07380076497793198,
      "r2": 0.1389228105545044
    },
    "ko": {
      "mse": 0.010747873224318027,
      "rmse": 0.10367195003624667,
      "mae": 0.07597667723894119,
      "r2": 0.46597373485565186
    },
    "ru": {
      "mse": 0.013846378773450851,
      "rmse": 0.11767063683625942,
      "mae": 0.0884711742401123,
      "r2": 0.5360556244850159
    }
  },
  "test": {
    "ar": {
      "mse": 0.045155301690101624,
      "rmse": 0.21249776867087716,
      "mae": 0.1477404087781906,
      "r2": 0.025040268898010254
    },
    "en": {
      "mse": 0.009349913336336613,
      "rmse": 0.0966949499008951,
      "mae": 0.07469054311513901,
      "r2": -0.005245685577392578
    },
    "fi": {
      "mse": 0.021578481420874596,
      "rmse": 0.14689615863212555,
      "mae": 0.10934171080589294,
      "r2": -0.18979418277740479
    },
    "id": {
      "mse": 0.02435706928372383,
      "rmse": 0.1560675151456056,
      "mae": 0.12042569369077682,
      "r2": -0.09712553024291992
    },
    "ja": {
      "mse": 0.09861554205417633,
      "rmse": 0.31403111637889697,
      "mae": 0.259863942861557,
      "r2": -1.3193254470825195
    },
    "ko": {
      "mse": 0.017975041642785072,
      "rmse": 0.13407103207921192,
      "mae": 0.1037578210234642,
      "r2": 0.21887946128845215
    },
    "ru": {
      "mse": 0.022556111216545105,
      "rmse": 0.15018692092371128,
      "mae": 0.11950535327196121,
      "r2": -0.3390352725982666
    }
  }
}