{
  "train_time": 48.78376793861389,
  "train_metrics": {
    "loss": 0.13519096185763677,
    "accuracy": 0.974036850921273,
    "f1": 0.9739714525608733
  },
  "val_metrics": {
    "loss": 0.2806080937385559,
    "accuracy": 0.8888888888888888,
    "f1": 0.8947368421052632
  },
  "test_metrics": {
    "loss": 0.6598255882660548,
    "accuracy": 0.7391304347826086,
    "f1": 0.8181818181818182
  }
}