{
  "ru": {
    "train_time": 63.581944942474365,
    "train_metrics": {
      "loss": 0.05439463548362255,
      "mse": 0.05440780520439148,
      "rmse": 0.23325480746255045,
      "r2": -0.04980170726776123
    },
    "val_metrics": {
      "loss": 0.04701932668685913,
      "mse": 0.04768897965550423,
      "rmse": 0.21837806587545422,
      "r2": 0.020213842391967773
    },
    "test_metrics": {
      "loss": 0.048595862197024484,
      "mse": 0.04825334995985031,
      "rmse": 0.21966645160299356,
      "r2": -0.1790013313293457
    },
    "language": "ru",
    "task": "single_submetric",
    "task_type": "regression",
    "model_type": "lm_probe",
    "is_control": true,
    "control_index": 1,
    "submetric": "avg_verb_edges"
  }
}