{
  "ru": {
    "train_time": 54.96391272544861,
    "train_metrics": {
      "loss": 0.0035489331806699436,
      "mse": 0.003552157199010253,
      "rmse": 0.05959997650175924,
      "r2": 0.7561724185943604
    },
    "val_metrics": {
      "loss": 0.0050840139854699375,
      "mse": 0.005214289762079716,
      "rmse": 0.07221003920563758,
      "r2": 0.7350742816925049
    },
    "test_metrics": {
      "loss": 0.007860682971243347,
      "mse": 0.007854689843952656,
      "rmse": 0.0886266881021324,
      "r2": 0.30950695276260376
    },
    "language": "ru",
    "task": "single_submetric",
    "task_type": "regression",
    "model_type": "lm_probe",
    "is_control": false,
    "control_index": null,
    "submetric": "n_tokens"
  }
}