{
  "id": {
    "train_time": 41.54728102684021,
    "train_metrics": {
      "loss": 0.015614899015054107,
      "mse": 0.0156572088599205,
      "rmse": 0.12512876911374338,
      "r2": 0.4552786946296692
    },
    "val_metrics": {
      "loss": 0.028779336251318455,
      "mse": 0.026960277929902077,
      "rmse": 0.16419585235292053,
      "r2": 0.33821576833724976
    },
    "test_metrics": {
      "loss": 0.024399697248424803,
      "mse": 0.024341057986021042,
      "rmse": 0.15601621065139687,
      "r2": 0.24444639682769775
    },
    "language": "id",
    "task": "single_submetric",
    "task_type": "regression",
    "model_type": "lm_probe",
    "is_control": false,
    "control_index": null,
    "submetric": "avg_max_depth"
  }
}