{
  "ar": {
    "train_time": 66.23387145996094,
    "train_metrics": {
      "loss": 0.016562812707094948,
      "mse": 0.016773296520113945,
      "rmse": 0.12951176209176501,
      "r2": 0.04541373252868652
    },
    "val_metrics": {
      "loss": 0.06462729970614116,
      "mse": 0.06042961776256561,
      "rmse": 0.24582436364723007,
      "r2": -0.07904088497161865
    },
    "test_metrics": {
      "loss": 0.07493390664458274,
      "mse": 0.07468356192111969,
      "rmse": 0.2732829338270498,
      "r2": -0.35225558280944824
    },
    "language": "ar",
    "task": "single_submetric",
    "task_type": "regression",
    "model_type": "lm_probe",
    "is_control": false,
    "control_index": null,
    "submetric": "avg_subordinate_chain_len"
  }
}