{
  "en": {
    "train_time": 52.181560754776,
    "train_metrics": {
      "loss": 0.012483959005524715,
      "mse": 0.012533141300082207,
      "rmse": 0.11195151316566564,
      "r2": 0.0006185173988342285
    },
    "val_metrics": {
      "loss": 0.01396116828545928,
      "mse": 0.013496837578713894,
      "rmse": 0.11617589069473018,
      "r2": -0.013631820678710938
    },
    "test_metrics": {
      "loss": 0.00968781955141042,
      "mse": 0.009584142826497555,
      "rmse": 0.09789863546800616,
      "r2": -0.030428767204284668
    },
    "language": "en",
    "task": "single_submetric",
    "task_type": "regression",
    "model_type": "lm_probe",
    "is_control": true,
    "control_index": 3,
    "submetric": "avg_links_len"
  }
}