{
  "train_time": 56.277687072753906,
  "train_metrics": {
    "loss": 0.03837807898720105,
    "mse": 0.03852443769574165,
    "rmse": 0.19627643183974394,
    "r2": 0.038459599018096924
  },
  "val_metrics": {
    "loss": 0.0632246769964695,
    "mse": 0.06324354559183121,
    "rmse": 0.251482694418187,
    "r2": -0.03073859214782715
  },
  "test_metrics": {
    "loss": 0.061260344460606575,
    "mse": 0.06204995512962341,
    "rmse": 0.24909828407603174,
    "r2": -0.1919262409210205
  },
  "language": "ja",
  "task": "complexity",
  "task_type": "regression",
  "model_type": "lm_probe",
  "is_control": true,
  "control_index": 1
}