{
  "train_time": 33.134066581726074,
  "train_metrics": {
    "loss": 0.03764720540493727,
    "mse": 0.037780482321977615,
    "rmse": 0.1943720204195491,
    "r2": -0.04116511344909668
  },
  "val_metrics": {
    "loss": 0.04669385738670826,
    "mse": 0.04646449536085129,
    "rmse": 0.21555624639720206,
    "r2": -0.11134731769561768
  },
  "test_metrics": {
    "loss": 0.041725333513958116,
    "mse": 0.04161709547042847,
    "rmse": 0.20400268495887122,
    "r2": -0.020674586296081543
  },
  "language": "id",
  "task": "complexity",
  "task_type": "regression",
  "model_type": "lm_probe",
  "is_control": true,
  "control_index": 2
}