{
  "ar": {
    "train_time": 53.95589756965637,
    "train_metrics": {
      "loss": 0.020754099720054202,
      "mse": 0.02099798060953617,
      "rmse": 0.1449067997353339,
      "r2": 0.5115671753883362
    },
    "val_metrics": {
      "loss": 0.021873613819479942,
      "mse": 0.021927980706095695,
      "rmse": 0.14808099373685907,
      "r2": 0.3622199296951294
    },
    "test_metrics": {
      "loss": 0.07270036935806275,
      "mse": 0.07244767248630524,
      "rmse": 0.2691610530635984,
      "r2": -0.24844253063201904
    },
    "language": "ar",
    "task": "single_submetric",
    "task_type": "regression",
    "model_type": "lm_probe",
    "is_control": false,
    "control_index": null,
    "submetric": "lexical_density"
  }
}