{
  "en": {
    "train_time": 40.6303288936615,
    "train_metrics": {
      "loss": 0.027278286814689637,
      "mse": 0.027073584496974945,
      "rmse": 0.16454052539412575,
      "r2": -0.009128808975219727
    },
    "val_metrics": {
      "loss": 0.044882895052433015,
      "mse": 0.044896211475133896,
      "rmse": 0.21188726123845647,
      "r2": -0.07275784015655518
    },
    "test_metrics": {
      "loss": 0.039154711578573496,
      "mse": 0.03919201344251633,
      "rmse": 0.197969728601411,
      "r2": -0.016954421997070312
    },
    "language": "en",
    "task": "complexity",
    "task_type": "regression",
    "model_type": "lm_probe",
    "is_control": true,
    "control_index": 3
  }
}