{
  "train_time": 21.29357600212097,
  "train_metrics": {
    "loss": 0.6924604326486588,
    "accuracy": 0.5209643605870021,
    "f1": 0.0
  },
  "val_metrics": {
    "loss": 0.6933922886848449,
    "accuracy": 0.5,
    "f1": 0.0
  },
  "test_metrics": {
    "loss": 0.6934569648333958,
    "accuracy": 0.5,
    "f1": 0.0
  },
  "language": "id",
  "task": "question_type",
  "task_type": "classification",
  "model_type": "lm_probe",
  "is_control": true,
  "control_index": 2
}