{
  "en": {
    "train_time": 49.51400089263916,
    "train_metrics": {
      "loss": 0.02131306493654847,
      "mse": 0.021327396854758263,
      "rmse": 0.14603902510890115,
      "r2": -0.01811206340789795
    },
    "val_metrics": {
      "loss": 0.03333731833845377,
      "mse": 0.03543538972735405,
      "rmse": 0.18824290086841003,
      "r2": 0.03304636478424072
    },
    "test_metrics": {
      "loss": 0.026129468211105893,
      "mse": 0.02621050924062729,
      "rmse": 0.16189660046037807,
      "r2": -0.3857330083847046
    },
    "language": "en",
    "task": "single_submetric",
    "task_type": "regression",
    "model_type": "lm_probe",
    "is_control": true,
    "control_index": 2,
    "submetric": "n_tokens"
  }
}