{
  "train_time": 68.0894193649292,
  "train_metrics": {
    "loss": 0.032655213057758314,
    "mse": 0.03279471769928932,
    "rmse": 0.18109311886233923,
    "r2": -0.06832361221313477
  },
  "val_metrics": {
    "loss": 0.06608536963661511,
    "mse": 0.0657317191362381,
    "rmse": 0.25638197896154497,
    "r2": -0.013144373893737793
  },
  "test_metrics": {
    "loss": 0.06663871183991432,
    "mse": 0.06580743193626404,
    "rmse": 0.25652959271059556,
    "r2": -0.13449084758758545
  },
  "language": "ar",
  "task": "complexity",
  "task_type": "regression",
  "model_type": "lm_probe",
  "is_control": true,
  "control_index": 1
}