{
  "train_time": 31.53549098968506,
  "train_metrics": {
    "loss": 0.030589032356464672,
    "mse": 0.030776841565966606,
    "rmse": 0.17543329662856652,
    "r2": -0.002589106559753418
  },
  "val_metrics": {
    "loss": 0.06673917174339294,
    "mse": 0.06642304360866547,
    "rmse": 0.25772668392827597,
    "r2": -0.023800015449523926
  },
  "test_metrics": {
    "loss": 0.059681931883096694,
    "mse": 0.059109658002853394,
    "rmse": 0.2431247786690065,
    "r2": -0.019024133682250977
  },
  "language": "ar",
  "task": "complexity",
  "task_type": "regression",
  "model_type": "lm_probe",
  "is_control": true,
  "control_index": 3
}