{
  "ar": {
    "train_time": 67.41251063346863,
    "train_metrics": {
      "loss": 0.0404430932054917,
      "mse": 0.040636323392391205,
      "rmse": 0.2015845316297637,
      "r2": 0.004408717155456543
    },
    "val_metrics": {
      "loss": 0.0653562272588412,
      "mse": 0.06491033732891083,
      "rmse": 0.25477507203200006,
      "r2": -0.1272275447845459
    },
    "test_metrics": {
      "loss": 0.12560425251722335,
      "mse": 0.1265082061290741,
      "rmse": 0.3556799208966878,
      "r2": -0.8329236507415771
    },
    "language": "ar",
    "task": "single_submetric",
    "task_type": "regression",
    "model_type": "lm_probe",
    "is_control": true,
    "control_index": 3,
    "submetric": "avg_verb_edges"
  }
}