{
  "train_time": 72.70677304267883,
  "train_metrics": {
    "loss": 0.012689481868098179,
    "mse": 0.01255100592970848,
    "rmse": 0.11203127210608867,
    "r2": -0.000805974006652832
  },
  "val_metrics": {
    "loss": 0.013872824981808663,
    "mse": 0.013344530947506428,
    "rmse": 0.11551853075375582,
    "r2": -0.0021933317184448242
  },
  "test_metrics": {
    "loss": 0.009506943469334925,
    "mse": 0.009406686760485172,
    "rmse": 0.0969880753519997,
    "r2": -0.011349678039550781
  },
  "language": "en",
  "task": "single_submetric",
  "task_type": "regression",
  "model_type": "lm_probe",
  "is_control": true,
  "control_index": 1,
  "submetric": "avg_links_len"
}