{
  "ko": {
    "train_time": 52.55525231361389,
    "train_metrics": {
      "loss": 0.0046782912872236305,
      "mse": 0.004705575294792652,
      "rmse": 0.068597195968878,
      "r2": 0.7886230945587158
    },
    "val_metrics": {
      "loss": 0.015578781254589558,
      "mse": 0.016628582030534744,
      "rmse": 0.1289518593527629,
      "r2": 0.6470332741737366
    },
    "test_metrics": {
      "loss": 0.011302244583410876,
      "mse": 0.01128347683697939,
      "rmse": 0.1062237112747403,
      "r2": 0.649645984172821
    },
    "language": "ko",
    "task": "complexity",
    "task_type": "regression",
    "model_type": "lm_probe",
    "is_control": false,
    "control_index": null
  }
}