{
  "ja": {
    "train_time": 49.72608470916748,
    "train_metrics": {
      "loss": 0.007481838609091938,
      "mse": 0.0075097535736858845,
      "rmse": 0.0866588343660696,
      "r2": 0.8125623464584351
    },
    "val_metrics": {
      "loss": 0.013114669360220432,
      "mse": 0.01301522459834814,
      "rmse": 0.11408428725441616,
      "r2": 0.7878788709640503
    },
    "test_metrics": {
      "loss": 0.01863280621667703,
      "mse": 0.01846095733344555,
      "rmse": 0.1358711055870436,
      "r2": 0.6453809142112732
    },
    "language": "ja",
    "task": "complexity",
    "task_type": "regression",
    "model_type": "lm_probe",
    "is_control": false,
    "control_index": null
  }
}