{
  "ru": {
    "train_time": 74.337961435318,
    "train_metrics": {
      "loss": 0.005349549422195802,
      "mse": 0.005359294358640909,
      "rmse": 0.07320720154903415,
      "r2": 0.8392469882965088
    },
    "val_metrics": {
      "loss": 0.010852803196758031,
      "mse": 0.010686222463846207,
      "rmse": 0.10337418664176375,
      "r2": 0.6419415473937988
    },
    "test_metrics": {
      "loss": 0.01518915334184255,
      "mse": 0.014958425424993038,
      "rmse": 0.12230464187835652,
      "r2": 0.11199861764907837
    },
    "language": "ru",
    "task": "single_submetric",
    "task_type": "regression",
    "model_type": "lm_probe",
    "is_control": false,
    "control_index": null,
    "submetric": "avg_links_len"
  }
}