{
  "id": {
    "train_time": 30.700320959091187,
    "train_metrics": {
      "loss": 0.2896502036601305,
      "accuracy": 0.9737945492662474,
      "f1": 0.9718785151856018
    },
    "val_metrics": {
      "loss": 0.4648717999458313,
      "accuracy": 0.7916666666666666,
      "f1": 0.7368421052631579
    },
    "test_metrics": {
      "loss": 0.6069695821830204,
      "accuracy": 0.6181818181818182,
      "f1": 0.38235294117647056
    },
    "language": "id",
    "task": "question_type",
    "task_type": "classification",
    "model_type": "lm_probe",
    "is_control": false,
    "control_index": null
  }
}