{
  "train_time": 26.845388174057007,
  "train_metrics": {
    "loss": 0.044705578374365965,
    "mse": 0.04475269094109535,
    "rmse": 0.21154831821854636,
    "r2": -0.0021936893463134766
  },
  "val_metrics": {
    "loss": 0.04846441149711609,
    "mse": 0.05052106827497482,
    "rmse": 0.22476892195091122,
    "r2": -0.016242027282714844
  },
  "test_metrics": {
    "loss": 0.050787336592163355,
    "mse": 0.05119749531149864,
    "rmse": 0.2262686352800552,
    "r2": -0.2511812448501587
  },
  "language": "id",
  "task": "single_submetric",
  "task_type": "regression",
  "model_type": "lm_probe",
  "is_control": true,
  "control_index": 3,
  "submetric": "lexical_density"
}