{
  "ko": {
    "train_time": 21.4188129901886,
    "train_metrics": {
      "loss": 0.03626586584017632,
      "mse": 0.03688841685652733,
      "rmse": 0.19206357503839017,
      "r2": -0.0003151893615722656
    },
    "val_metrics": {
      "loss": 0.033266155421733855,
      "mse": 0.03271104395389557,
      "rmse": 0.18086194722465965,
      "r2": -0.3314235210418701
    },
    "test_metrics": {
      "loss": 0.043146979329841476,
      "mse": 0.042983293533325195,
      "rmse": 0.2073241267516282,
      "r2": -0.23891973495483398
    },
    "language": "ko",
    "task": "single_submetric",
    "task_type": "regression",
    "model_type": "lm_probe",
    "is_control": true,
    "control_index": 2,
    "submetric": "avg_verb_edges"
  }
}