{
  "en": {
    "train_time": 45.654618978500366,
    "train_metrics": {
      "loss": 0.02876001293460528,
      "mse": 0.028554029762744904,
      "rmse": 0.16897937673794663,
      "r2": -0.06431031227111816
    },
    "val_metrics": {
      "loss": 0.040785963833332065,
      "mse": 0.04118279740214348,
      "rmse": 0.20293545131923962,
      "r2": 0.01597118377685547
    },
    "test_metrics": {
      "loss": 0.03907569790525096,
      "mse": 0.03908592090010643,
      "rmse": 0.19770159559322334,
      "r2": -0.014201641082763672
    },
    "language": "en",
    "task": "complexity",
    "task_type": "regression",
    "model_type": "lm_probe",
    "is_control": true,
    "control_index": 3
  }
}