{
  "en": {
    "train_time": 53.23915457725525,
    "train_metrics": {
      "loss": 0.054659320761760076,
      "mse": 0.05475020036101341,
      "rmse": 0.23398760728084173,
      "r2": 0.004396975040435791
    },
    "val_metrics": {
      "loss": 0.049812644720077515,
      "mse": 0.05108064413070679,
      "rmse": 0.22601027439191074,
      "r2": 0.0013639330863952637
    },
    "test_metrics": {
      "loss": 0.06027628641043391,
      "mse": 0.06044721230864525,
      "rmse": 0.24586014786590618,
      "r2": -0.016190648078918457
    },
    "language": "en",
    "task": "single_submetric",
    "task_type": "regression",
    "model_type": "lm_probe",
    "is_control": true,
    "control_index": 2,
    "submetric": "avg_verb_edges"
  }
}