{
  "train_time": 42.2141900062561,
  "train_metrics": {
    "loss": 0.020479892424884297,
    "mse": 0.0206887349486351,
    "rmse": 0.14383579161194582,
    "r2": 0.02702265977859497
  },
  "val_metrics": {
    "loss": 0.034166776885588966,
    "mse": 0.03608449548482895,
    "rmse": 0.18995919426242297,
    "r2": 0.0412144660949707
  },
  "test_metrics": {
    "loss": 0.05250573456287384,
    "mse": 0.05243552848696709,
    "rmse": 0.22898805315336232,
    "r2": -0.06316173076629639
  }
}