{
  "ar": {
    "train_time": 69.12698364257812,
    "train_metrics": {
      "loss": 0.0077451741773753415,
      "mse": 0.007818627171218395,
      "rmse": 0.08842300136965718,
      "r2": 0.7452996969223022
    },
    "val_metrics": {
      "loss": 0.027995642895499866,
      "mse": 0.02759411372244358,
      "rmse": 0.1661147607000762,
      "r2": 0.5746829509735107
    },
    "test_metrics": {
      "loss": 0.04982330501079559,
      "mse": 0.04996325820684433,
      "rmse": 0.22352462550431515,
      "r2": 0.1386556625366211
    },
    "language": "ar",
    "task": "complexity",
    "task_type": "regression",
    "model_type": "lm_probe",
    "is_control": false,
    "control_index": null
  }
}