{
  "train_time": 71.51030659675598,
  "train_metrics": {
    "loss": 0.016144949647169265,
    "mse": 0.016202257946133614,
    "rmse": 0.12728809035465027,
    "r2": 0.16437220573425293
  },
  "val_metrics": {
    "loss": 0.053025721261898674,
    "mse": 0.0540277361869812,
    "rmse": 0.23243867188353404,
    "r2": -0.04020535945892334
  },
  "test_metrics": {
    "loss": 0.07985761538147926,
    "mse": 0.07843522727489471,
    "rmse": 0.2800628987832817,
    "r2": -0.04716014862060547
  },
  "language": "ar",
  "task": "single_submetric",
  "task_type": "regression",
  "model_type": "lm_probe",
  "is_control": true,
  "control_index": 3,
  "submetric": "n_tokens"
}