{
  "ru": {
    "train_time": 56.95858097076416,
    "train_metrics": {
      "loss": 0.05320222166677316,
      "mse": 0.053223125636577606,
      "rmse": 0.23070137762175935,
      "r2": -0.026943087577819824
    },
    "val_metrics": {
      "loss": 0.04930158630013466,
      "mse": 0.051120560616254807,
      "rmse": 0.22609856394115999,
      "r2": -0.050289154052734375
    },
    "test_metrics": {
      "loss": 0.05346288425581796,
      "mse": 0.05292161554098129,
      "rmse": 0.23004698550726826,
      "r2": -0.293063759803772
    },
    "language": "ru",
    "task": "single_submetric",
    "task_type": "regression",
    "model_type": "lm_probe",
    "is_control": true,
    "control_index": 2,
    "submetric": "avg_verb_edges"
  }
}