{
  "ar": {
    "train_time": 45.99560213088989,
    "train_metrics": {
      "loss": 0.041914419315400575,
      "mse": 0.04188753664493561,
      "rmse": 0.20466444890340776,
      "r2": -0.026246070861816406
    },
    "val_metrics": {
      "loss": 0.061857556303342186,
      "mse": 0.061108898371458054,
      "rmse": 0.24720214070969945,
      "r2": -0.06121206283569336
    },
    "test_metrics": {
      "loss": 0.11257279962301255,
      "mse": 0.11341550946235657,
      "rmse": 0.3367721922343895,
      "r2": -0.6432291269302368
    },
    "language": "ar",
    "task": "single_submetric",
    "task_type": "regression",
    "model_type": "lm_probe",
    "is_control": true,
    "control_index": 1,
    "submetric": "avg_verb_edges"
  }
}