{
  "en": {
    "train_time": 66.07855248451233,
    "train_metrics": {
      "loss": 0.026967147526641685,
      "mse": 0.027020486071705818,
      "rmse": 0.16437909256260608,
      "r2": -0.007149696350097656
    },
    "val_metrics": {
      "loss": 0.04376832842826843,
      "mse": 0.043902620673179626,
      "rmse": 0.20952952219956889,
      "r2": -0.04901683330535889
    },
    "test_metrics": {
      "loss": 0.038953149425131936,
      "mse": 0.038980040699243546,
      "rmse": 0.1974336361900969,
      "r2": -0.011454224586486816
    },
    "language": "en",
    "task": "complexity",
    "task_type": "regression",
    "model_type": "lm_probe",
    "is_control": true,
    "control_index": 2
  }
}