{
  "ru": {
    "train_time": 62.279179096221924,
    "train_metrics": {
      "loss": 0.006959985895082355,
      "mse": 0.006952487863600254,
      "rmse": 0.0833815798818915,
      "r2": 0.6512805223464966
    },
    "val_metrics": {
      "loss": 0.015438521467149257,
      "mse": 0.013100448995828629,
      "rmse": 0.11445719285317384,
      "r2": 0.7183859348297119
    },
    "test_metrics": {
      "loss": 0.017698935366102626,
      "mse": 0.017635909840464592,
      "rmse": 0.1328002629532961,
      "r2": 0.5539162755012512
    },
    "language": "ru",
    "task": "complexity",
    "task_type": "regression",
    "model_type": "lm_probe",
    "is_control": false,
    "control_index": null
  }
}