{
  "train_time": 55.58315443992615,
  "train_metrics": {
    "loss": 0.029094279383619626,
    "mse": 0.029065316542983055,
    "rmse": 0.17048553177024453,
    "r2": -0.4578436613082886
  },
  "val_metrics": {
    "loss": 0.04871999248862267,
    "mse": 0.04444827139377594,
    "rmse": 0.21082758688979947,
    "r2": 0.044516801834106445
  },
  "test_metrics": {
    "loss": 0.04722812053348337,
    "mse": 0.04713810607790947,
    "rmse": 0.21711311816173032,
    "r2": -0.1923140287399292
  },
  "language": "ru",
  "task": "complexity",
  "task_type": "regression",
  "model_type": "lm_probe",
  "is_control": true,
  "control_index": 2
}