{
  "train_time": 32.115801095962524,
  "train_metrics": {
    "loss": 0.020775029025971888,
    "mse": 0.020792284980416298,
    "rmse": 0.14419530151990492,
    "r2": -0.04288911819458008
  },
  "val_metrics": {
    "loss": 0.05931929498910904,
    "mse": 0.05686364695429802,
    "rmse": 0.23846099671497228,
    "r2": -0.22237062454223633
  },
  "test_metrics": {
    "loss": 0.05669111518987587,
    "mse": 0.05649862438440323,
    "rmse": 0.23769439283332544,
    "r2": -0.42907941341400146
  },
  "language": "ru",
  "task": "complexity",
  "task_type": "regression",
  "model_type": "lm_probe",
  "is_control": true,
  "control_index": 2
}