{
  "ar": {
    "train_time": 67.16742205619812,
    "train_metrics": {
      "loss": 0.05054380310078462,
      "mse": 0.05027589574456215,
      "rmse": 0.22422287069913754,
      "r2": -0.16946470737457275
    },
    "val_metrics": {
      "loss": 0.03212932621439298,
      "mse": 0.03279276192188263,
      "rmse": 0.18108771885990124,
      "r2": 0.0462154746055603
    },
    "test_metrics": {
      "loss": 0.061288048326969144,
      "mse": 0.060593146830797195,
      "rmse": 0.2461567525598215,
      "r2": -0.044161319732666016
    },
    "language": "ar",
    "task": "single_submetric",
    "task_type": "regression",
    "model_type": "lm_probe",
    "is_control": true,
    "control_index": 3,
    "submetric": "lexical_density"
  }
}