{
  "ru": {
    "train_time": 45.646806955337524,
    "train_metrics": {
      "loss": 0.03315376535058021,
      "mse": 0.03320528566837311,
      "rmse": 0.18222317544256852,
      "r2": 0.00400155782699585
    },
    "val_metrics": {
      "loss": 0.028959596529603004,
      "mse": 0.028735144063830376,
      "rmse": 0.16951443615170472,
      "r2": 0.03718441724777222
    },
    "test_metrics": {
      "loss": 0.016067499427923133,
      "mse": 0.01604379527270794,
      "rmse": 0.1266641041207332,
      "r2": 0.04756605625152588
    },
    "language": "ru",
    "task": "single_submetric",
    "task_type": "regression",
    "model_type": "lm_probe",
    "is_control": true,
    "control_index": 2,
    "submetric": "avg_links_len"
  }
}