{
  "train_time": 46.44518828392029,
  "train_metrics": {
    "loss": 0.6705778906742732,
    "accuracy": 0.6331236897274634,
    "f1": 0.5986238532110092
  },
  "val_metrics": {
    "loss": 0.6901090621948243,
    "accuracy": 0.4722222222222222,
    "f1": 0.3448275862068966
  },
  "test_metrics": {
    "loss": 0.6765550204685756,
    "accuracy": 0.6454545454545455,
    "f1": 0.5301204819277109
  },
  "language": "id",
  "task": "question_type",
  "task_type": "classification",
  "model_type": "lm_probe",
  "is_control": true,
  "control_index": 1
}