{"dev_precision":0.5120481927710844,"test_confusion_matrix":{"size":24791,"path":"media/images/test_confusion_matrix_4_4622e1e50a4d641a12a2.png","format":"png","width":800,"height":600,"_type":"image-file","sha256":"4622e1e50a4d641a12a246d1e61efdcd0f432c2324af17e41972776fd63981b8"},"test_recall":0.3465909090909091,"dev_recall":0.38990825688073394,"_runtime":206.771264187,"_wandb":{"runtime":206},"_timestamp":1.7429040089873595e+09,"test_accuracy":0.5090403337969402,"_step":4,"test_f1":0.40871021775544386,"training_time":202.21140813827515,"dev_accuracy":0.5147392290249433,"dev_f1":0.4427083333333333,"test_precision":0.49795918367346936,"dev_confusion_matrix":{"format":"png","width":800,"height":600,"_type":"image-file","sha256":"380ba6639b02807f1ff65f46b7c54b63f63d66cba15aa15a8a67c1c3045e2cb2","size":23949,"path":"media/images/dev_confusion_matrix_2_380ba6639b02807f1ff6.png"}}