{
  "en": {
    "train_time": 78.71544575691223,
    "train_metrics": {
      "loss": 0.0028223079435216883,
      "mse": 0.00282733584754169,
      "rmse": 0.05317269832857544,
      "r2": 0.9485864043235779
    },
    "val_metrics": {
      "loss": 0.013946286402642727,
      "mse": 0.015059967525303364,
      "rmse": 0.12271905934003635,
      "r2": 0.7055748701095581
    },
    "test_metrics": {
      "loss": 0.029038177004882267,
      "mse": 0.029005223885178566,
      "rmse": 0.17030920082361542,
      "r2": 0.5123871564865112
    },
    "language": "en",
    "task": "single_submetric",
    "task_type": "regression",
    "model_type": "lm_probe",
    "is_control": false,
    "control_index": null,
    "submetric": "avg_verb_edges"
  }
}