{
  "id": {
    "train_time": 26.948420763015747,
    "train_metrics": {
      "loss": 0.03718715813010931,
      "mse": 0.036975085735321045,
      "rmse": 0.19228906816384816,
      "r2": -0.01896965503692627
    },
    "val_metrics": {
      "loss": 0.050648026168346405,
      "mse": 0.04968603327870369,
      "rmse": 0.2229036412414649,
      "r2": -0.1884007453918457
    },
    "test_metrics": {
      "loss": 0.04186756696019854,
      "mse": 0.04176696389913559,
      "rmse": 0.20436967460740252,
      "r2": -0.02435016632080078
    },
    "language": "id",
    "task": "complexity",
    "task_type": "regression",
    "model_type": "lm_probe",
    "is_control": true,
    "control_index": 1
  }
}