{
  "ar": {
    "train_time": 27.284886360168457,
    "train_metrics": {
      "loss": 0.0426503320239366,
      "mse": 0.04240060970187187,
      "rmse": 0.2059140833014388,
      "r2": 0.013721823692321777
    },
    "val_metrics": {
      "loss": 0.03757705166935921,
      "mse": 0.0373118557035923,
      "rmse": 0.19316276997287107,
      "r2": -0.08522343635559082
    },
    "test_metrics": {
      "loss": 0.06073911860585213,
      "mse": 0.061067841947078705,
      "rmse": 0.24711908454645648,
      "r2": -0.052341461181640625
    },
    "language": "ar",
    "task": "single_submetric",
    "task_type": "regression",
    "model_type": "lm_probe",
    "is_control": true,
    "control_index": 1,
    "submetric": "lexical_density"
  }
}