{
  "train_time": 54.28714370727539,
  "train_metrics": {
    "loss": 0.6931072719891866,
    "accuracy": 0.5004198152812762,
    "f1": 0.6670397313933968
  },
  "val_metrics": {
    "loss": 0.692919909954071,
    "accuracy": 0.5217391304347826,
    "f1": 0.6857142857142857
  },
  "test_metrics": {
    "loss": 0.6924722592035929,
    "accuracy": 0.5978260869565217,
    "f1": 0.7482993197278912
  },
  "language": "ja",
  "task": "question_type",
  "task_type": "classification",
  "model_type": "lm_probe",
  "is_control": true,
  "control_index": 3
}