{
  "train_time": 30.262150287628174,
  "train_metrics": {
    "loss": 0.6931876104975504,
    "accuracy": 0.5005025125628141,
    "f1": 0.0
  },
  "val_metrics": {
    "loss": 0.6921258171399435,
    "accuracy": 0.5454545454545454,
    "f1": 0.0
  },
  "test_metrics": {
    "loss": 0.6886619687080383,
    "accuracy": 0.7142857142857143,
    "f1": 0.0
  },
  "language": "ar",
  "task": "question_type",
  "task_type": "classification",
  "model_type": "lm_probe",
  "is_control": true,
  "control_index": 3
}