{
  "train_time": 41.56748652458191,
  "train_metrics": {
    "loss": 0.01970689230790687,
    "mse": 0.019805382937192917,
    "rmse": 0.14073159892928425,
    "r2": -0.021458148956298828
  },
  "val_metrics": {
    "loss": 0.0492973905056715,
    "mse": 0.05029228702187538,
    "rmse": 0.2242594190259918,
    "r2": 0.03171396255493164
  },
  "test_metrics": {
    "loss": 0.08303968980908394,
    "mse": 0.08130332827568054,
    "rmse": 0.2851373849141507,
    "r2": -0.08545112609863281
  },
  "language": "ar",
  "task": "single_submetric",
  "task_type": "regression",
  "model_type": "lm_probe",
  "is_control": true,
  "control_index": 2,
  "submetric": "n_tokens"
}