{
  "ar": {
    "train_time": 65.26145792007446,
    "train_metrics": {
      "loss": 0.004013731323611287,
      "mse": 0.004041094798594713,
      "rmse": 0.06356960593392658,
      "r2": 0.8683569431304932
    },
    "val_metrics": {
      "loss": 0.01713320395598809,
      "mse": 0.016930200159549713,
      "rmse": 0.13011610261435635,
      "r2": 0.7390493154525757
    },
    "test_metrics": {
      "loss": 0.08176371455192566,
      "mse": 0.08229249715805054,
      "rmse": 0.2868666888261001,
      "r2": -0.41868603229522705
    },
    "language": "ar",
    "task": "complexity",
    "task_type": "regression",
    "model_type": "lm_probe",
    "is_control": false,
    "control_index": null
  }
}