{
  "model_type": "XGBRegressor",
  "training_time": 161.32148432731628,
  "train_metrics": {
    "mse": 0.011490317061543465,
    "rmse": 0.10719289650692095,
    "mae": 0.08489775657653809,
    "r2": 0.3825119137763977
  },
  "val_metrics": {
    "mse": 0.029128514230251312,
    "rmse": 0.17067077731776847,
    "mae": 0.12393166124820709,
    "r2": -0.1134328842163086
  },
  "test_metrics": {
    "mse": 0.03833713382482529,
    "rmse": 0.19579870741357128,
    "mae": 0.13999482989311218,
    "r2": -0.3878704309463501
  },
  "per_language_metrics": {
    "train": {
      "ar": {
        "mse": 0.01338123343884945,
        "rmse": 0.11567728142919616,
        "mae": 0.09200531244277954,
        "r2": 0.3653491139411926
      },
      "en": {
        "mse": 0.009733890183269978,
        "rmse": 0.09866047933833474,
        "mae": 0.07599251717329025,
        "r2": 0.22382837533950806
      },
      "fi": {
        "mse": 0.006540046073496342,
        "rmse": 0.08087055133666607,
        "mae": 0.06401867419481277,
        "r2": 0.13444089889526367
      },
      "id": {
        "mse": 0.013777435757219791,
        "rmse": 0.11737732215900902,
        "mae": 0.09388037770986557,
        "r2": 0.24577438831329346
      },
      "ja": {
        "mse": 0.008297796361148357,
        "rmse": 0.09109224094920686,
        "mae": 0.07258553057909012,
        "r2": 0.1079285740852356
      },
      "ko": {
        "mse": 0.012992896139621735,
        "rmse": 0.11398638576436107,
        "mae": 0.09239204972982407,
        "r2": 0.40414899587631226
      },
      "ru": {
        "mse": 0.017049571499228477,
        "rmse": 0.13057400774743982,
        "mae": 0.10922752320766449,
        "r2": 0.48859500885009766
      }
    },
    "val": {
      "ar": {
        "mse": 0.056174732744693756,
        "rmse": 0.23701209408950794,
        "mae": 0.17254534363746643,
        "r2": -0.1444385051727295
      },
      "en": {
        "mse": 0.015705367550253868,
        "rmse": 0.1253210578883448,
        "mae": 0.08715666085481644,
        "r2": -0.1794954538345337
      },
      "fi": {
        "mse": 0.019175676628947258,
        "rmse": 0.13847626738523558,
        "mae": 0.1033535897731781,
        "r2": -0.11492860317230225
      },
      "id": {
        "mse": 0.0462828166782856,
        "rmse": 0.21513441537393685,
        "mae": 0.1648872196674347,
        "r2": -0.2542198896408081
      },
      "ja": {
        "mse": 0.020574210211634636,
        "rmse": 0.14343712982221388,
        "mae": 0.11009149253368378,
        "r2": -0.15405499935150146
      },
      "ko": {
        "mse": 0.02212228812277317,
        "rmse": 0.14873563165150835,
        "mae": 0.1137404814362526,
        "r2": -0.09918332099914551
      },
      "ru": {
        "mse": 0.030049316585063934,
        "rmse": 0.17334738701539154,
        "mae": 0.12708204984664917,
        "r2": -0.006848931312561035
      }
    },
    "test": {
      "ar": {
        "mse": 0.05853915959596634,
        "rmse": 0.24194867140773132,
        "mae": 0.16276293992996216,
        "r2": -0.26393401622772217
      },
      "en": {
        "mse": 0.011791390366852283,
        "rmse": 0.10858816863200282,
        "mae": 0.07254455983638763,
        "r2": -0.26773858070373535
      },
      "fi": {
        "mse": 0.02250186912715435,
        "rmse": 0.15000623029445928,
        "mae": 0.11508098989725113,
        "r2": -0.24070799350738525
      },
      "id": {
        "mse": 0.036507923156023026,
        "rmse": 0.19107046646727752,
        "mae": 0.1538415253162384,
        "r2": -0.6444413661956787
      },
      "ja": {
        "mse": 0.10771774500608444,
        "rmse": 0.3282038162576487,
        "mae": 0.2639460563659668,
        "r2": -1.5333986282348633
      },
      "ko": {
        "mse": 0.028812739998102188,
        "rmse": 0.16974315891399627,
        "mae": 0.1309795379638672,
        "r2": -0.25208187103271484
      },
      "ru": {
        "mse": 0.019902892410755157,
        "rmse": 0.14107761130227275,
        "mae": 0.1079215407371521,
        "r2": -0.18152785301208496
      }
    }
  },