{
  "train_time": 80.01444864273071,
  "train_metrics": {
    "loss": 0.0199876078342398,
    "mse": 0.020001642405986786,
    "rmse": 0.1414271629001543,
    "r2": 0.010214030742645264
  },
  "val_metrics": {
    "loss": 0.0834594089537859,
    "mse": 0.08335394412279129,
    "rmse": 0.28871083132226144,
    "r2": -0.2714040279388428
  },
  "test_metrics": {
    "loss": 0.038324390671082904,
    "mse": 0.0385410338640213,
    "rmse": 0.1963187048246328,
    "r2": 0.0239565372467041
  },
  "language": "fi",
  "task": "complexity",
  "task_type": "regression",
  "model_type": "lm_probe",
  "is_control": true,
  "control_index": 1
}