{
  "id": {
    "train_time": 40.88521409034729,
    "train_metrics": {
      "loss": 0.014994157501496375,
      "mse": 0.015047533437609673,
      "rmse": 0.12266838809412013,
      "r2": 0.66302490234375
    },
    "val_metrics": {
      "loss": 0.02463376447558403,
      "mse": 0.02623433619737625,
      "rmse": 0.161970170702436,
      "r2": 0.4722907543182373
    },
    "test_metrics": {
      "loss": 0.03199378494173288,
      "mse": 0.03222771733999252,
      "rmse": 0.17952079918492042,
      "r2": 0.21240836381912231
    },
    "language": "id",
    "task": "single_submetric",
    "task_type": "regression",
    "model_type": "lm_probe",
    "is_control": false,
    "control_index": null,
    "submetric": "lexical_density"
  }
}