{
  "ja": {
    "train_time": 48.772411584854126,
    "train_metrics": {
      "loss": 0.012447713858758409,
      "mse": 0.012511149048805237,
      "rmse": 0.1118532478241255,
      "r2": 0.8074160814285278
    },
    "val_metrics": {
      "loss": 0.026436269904176395,
      "mse": 0.026580214500427246,
      "rmse": 0.16303439667882128,
      "r2": 0.6910121440887451
    },
    "test_metrics": {
      "loss": 0.08570861319700877,
      "mse": 0.0864274725317955,
      "rmse": 0.2939854971453447,
      "r2": 0.09525442123413086
    },
    "language": "ja",
    "task": "single_submetric",
    "task_type": "regression",
    "model_type": "lm_probe",
    "is_control": false,
    "control_index": null,
    "submetric": "avg_verb_edges"
  }
}