{
  "train_time": 69.2133572101593,
  "train_metrics": {
    "loss": 0.0077451741773753415,
    "mse": 0.007818627171218395,
    "rmse": 0.08842300136965718,
    "r2": 0.7452996969223022
  },
  "val_metrics": {
    "loss": 0.027995642895499866,
    "mse": 0.02759411372244358,
    "rmse": 0.1661147607000762,
    "r2": 0.5746829509735107
  },
  "test_metrics": {
    "loss": 0.041553242930344174,
    "mse": 0.041569728404283524,
    "rmse": 0.20388655768412867,
    "r2": -0.052744507789611816
  },
  "train_language": "ar",
  "eval_language": "fi",
  "task": "complexity",
  "task_type": "regression",
  "model_type": "lm_probe"
}