{
  "train_time": 39.59055852890015,
  "train_metrics": {
    "loss": 0.025252625873933236,
    "mse": 0.025391051545739174,
    "rmse": 0.15934569823418257,
    "r2": -0.005488991737365723
  },
  "val_metrics": {
    "loss": 0.03318584412336349,
    "mse": 0.03490932658314705,
    "rmse": 0.18684037728271438,
    "r2": 0.016124606132507324
  },
  "test_metrics": {
    "loss": 0.026221999898552895,
    "mse": 0.02627437561750412,
    "rmse": 0.1620937247937258,
    "r2": 0.07054978609085083
  },
  "language": "en",
  "task": "single_submetric",
  "task_type": "regression",
  "model_type": "lm_probe",
  "is_control": true,
  "control_index": 2,
  "submetric": "avg_max_depth"
}