{
  "train_time": 50.485249280929565,
  "train_metrics": {
    "loss": 0.05142290763556957,
    "mse": 0.051390279084444046,
    "rmse": 0.2266942414011526,
    "r2": 0.008421719074249268
  },
  "val_metrics": {
    "loss": 0.05084099620580673,
    "mse": 0.04872874543070793,
    "rmse": 0.22074588428939718,
    "r2": -0.0011484622955322266
  },
  "test_metrics": {
    "loss": 0.04473794890301568,
    "mse": 0.04436890780925751,
    "rmse": 0.21063928363260617,
    "r2": -0.08409059047698975
  },
  "language": "ru",
  "task": "single_submetric",
  "task_type": "regression",
  "model_type": "lm_probe",
  "is_control": true,
  "control_index": 2,
  "submetric": "avg_verb_edges"
}