{
  "ru": {
    "train_time": 65.43389678001404,
    "train_metrics": {
      "loss": 0.009029700285755098,
      "mse": 0.008997361175715923,
      "rmse": 0.09485442096031119,
      "r2": 0.7301225662231445
    },
    "val_metrics": {
      "loss": 0.01336312610656023,
      "mse": 0.013349498622119427,
      "rmse": 0.11554003038825733,
      "r2": 0.5527043342590332
    },
    "test_metrics": {
      "loss": 0.020889401701944216,
      "mse": 0.020614195615053177,
      "rmse": 0.14357644519576732,
      "r2": -0.22375404834747314
    },
    "language": "ru",
    "task": "single_submetric",
    "task_type": "regression",
    "model_type": "lm_probe",
    "is_control": false,
    "control_index": null,
    "submetric": "avg_links_len"
  }
}