{
  "train_time": 66.31608629226685,
  "train_metrics": {
    "loss": 0.07611492052674293,
    "accuracy": 0.9874213836477987,
    "f1": 0.9868995633187773
  },
  "val_metrics": {
    "loss": 0.3570680171251297,
    "accuracy": 0.8611111111111112,
    "f1": 0.84375
  },
  "test_metrics": {
    "loss": 0.21647548143352782,
    "accuracy": 0.9363636363636364,
    "f1": 0.9369369369369369
  },
  "train_language": "id",
  "eval_language": "ru",
  "task": "question_type",
  "task_type": "classification",
  "model_type": "lm_probe"
}