{
  "en": {
    "train_time": 79.9358012676239,
    "train_metrics": {
      "loss": 0.02849025556196769,
      "mse": 0.02860761247575283,
      "rmse": 0.16913785051180244,
      "r2": -0.047514915466308594
    },
    "val_metrics": {
      "loss": 0.026470735482871533,
      "mse": 0.025693021714687347,
      "rmse": 0.1602904292672752,
      "r2": 0.01527857780456543
    },
    "test_metrics": {
      "loss": 0.028722581320575306,
      "mse": 0.028882473707199097,
      "rmse": 0.1699484442623677,
      "r2": -0.009439229965209961
    },
    "language": "en",
    "task": "single_submetric",
    "task_type": "regression",
    "model_type": "lm_probe",
    "is_control": true,
    "control_index": 3,
    "submetric": "lexical_density"
  }
}