{
  "en": {
    "train_time": 80.63018918037415,
    "train_metrics": {
      "loss": 0.05492110940317313,
      "mse": 0.05491778254508972,
      "rmse": 0.23434543423137078,
      "r2": 0.0013495087623596191
    },
    "val_metrics": {
      "loss": 0.05172806978225708,
      "mse": 0.05323342978954315,
      "rmse": 0.23072370877207907,
      "r2": -0.040723443031311035
    },
    "test_metrics": {
      "loss": 0.062007323439632146,
      "mse": 0.0621890164911747,
      "rmse": 0.24937725736557192,
      "r2": -0.04547250270843506
    },
    "language": "en",
    "task": "single_submetric",
    "task_type": "regression",
    "model_type": "lm_probe",
    "is_control": true,
    "control_index": 3,
    "submetric": "avg_verb_edges"
  }
}