{
  "DummyRegressor_None_unknown_layer0_monolingual": 0.0,
  "DummyClassifier_None_unknown_layer0_monolingual": 0.0,
  "XGBClassifier_None_unknown_layer0_monolingual": 0.2522021325915623,
  "XGBRegressor_lexical_density_unknown_layer0_monolingual": 0.14597729841868085,
  "XGBRegressor_avg_max_depth_unknown_layer0_monolingual": 0.39816002051035565,
  "XGBRegressor_avg_verb_edges_unknown_layer0_monolingual": 0.13054986794789633,
  "XGBRegressor_avg_subordinate_chain_len_unknown_layer0_monolingual": 0.355526864528656,
  "XGBRegressor_n_tokens_unknown_layer0_monolingual": 0.41323304176330566,
  "XGBRegressor_avg_links_len_unknown_layer0_monolingual": 0.20545554161071777,
  "XGBRegressor_None_unknown_layer0_monolingual": 0.5474549134572347,
  "lm_probe_lexical_density_ar_layer12_monolingual": -0.2071437438329061,
  "lm_probe_lexical_density_en_layer12_monolingual": 0.21376826365788779,
  "lm_probe_lexical_density_fi_layer12_monolingual": 0.15516388416290283,
  "lm_probe_lexical_density_id_layer12_monolingual": 0.45365683237711585,
  "lm_probe_lexical_density_ja_layer12_monolingual": -0.2300977309544881,
  "lm_probe_lexical_density_ko_layer12_monolingual": -0.021568814913431877,
  "lm_probe_lexical_density_ru_layer12_monolingual": 0.17220532894134521,
  "lm_probe_complexity_ko_layer12_monolingual": 0.5266673763593038,
  "lm_probe_complexity_fi_layer12_monolingual": 0.25921603043874103,
  "lm_probe_complexity_ar_layer12_monolingual": 0.15655410289764404,
  "lm_probe_complexity_ja_layer12_monolingual": 0.6924631198247274,
  "lm_probe_complexity_en_layer12_monolingual": 0.3854231834411621,
  "lm_probe_complexity_id_layer12_monolingual": -0.46895158290863037,
  "lm_probe_complexity_ru_layer12_monolingual": 0.8227534890174866,
  "lm_probe_avg_verb_edges_ar_layer12_monolingual": 0.8862875699996948,
  "lm_probe_avg_verb_edges_en_layer12_monolingual": 0.30130741993586224,
  "lm_probe_avg_verb_edges_fi_layer12_monolingual": 0.7607924938201904,
  "lm_probe_avg_verb_edges_id_layer12_monolingual": 0.3725885550181071,
  "lm_probe_avg_verb_edges_ja_layer12_monolingual": 0.4068236748377482,
  "lm_probe_avg_verb_edges_ko_layer12_monolingual": -0.04016810655593872,
  "lm_probe_avg_verb_edges_ru_layer12_monolingual": 0.47774610916773474,
  "lm_probe_avg_max_depth_ar_layer12_monolingual": 0.02257017294565837,
  "lm_probe_avg_max_depth_en_layer12_monolingual": 0.3918335835138957,
  "lm_probe_avg_max_depth_fi_layer12_monolingual": 0.3732054630915324,
  "lm_probe_avg_max_depth_id_layer12_monolingual": 0.2876178423563639,
  "lm_probe_avg_max_depth_ja_layer12_monolingual": 0.5931602716445923,
  "lm_probe_avg_max_depth_ko_layer12_monolingual": 0.6343727906545004,
  "lm_probe_avg_max_depth_ru_layer12_monolingual": -0.05768144130706787,
  "lm_probe_n_tokens_ar_layer12_monolingual": 0.45845423142115277,
  "lm_probe_n_tokens_en_layer12_monolingual": -0.32627443472544354,
  "lm_probe_n_tokens_fi_layer12_monolingual": 0.3799568812052409,
  "lm_probe_n_tokens_id_layer12_monolingual": -0.09465034802754718,
  "lm_probe_n_tokens_ja_layer12_monolingual": 0.567440410455068,
  "lm_probe_n_tokens_ko_layer12_monolingual": 0.6645179192225138,
  "lm_probe_n_tokens_ru_layer12_monolingual": 0.016798436641693115,
  "lm_probe_avg_links_len_ar_layer12_monolingual": 0.045848886171976744,
  "lm_probe_avg_links_len_en_layer12_monolingual": 0.06939091285069784,
  "lm_probe_avg_links_len_fi_layer12_monolingual": 0.32277822494506836,
  "lm_probe_avg_links_len_id_layer12_monolingual": 0.25404445330301917,
  "lm_probe_avg_links_len_ja_layer12_monolingual": 0.46225412686665845,
  "lm_probe_avg_links_len_ko_layer12_monolingual": 0.711983323097229,
  "lm_probe_avg_links_len_ru_layer12_monolingual": 0.1085894505182902,
  "lm_probe_avg_subordinate_chain_len_ar_layer12_monolingual": 0.022866050402323423,
  "lm_probe_avg_subordinate_chain_len_en_layer12_monolingual": 0.294466237227122,
  "lm_probe_avg_subordinate_chain_len_fi_layer12_monolingual": 0.3622468511263529,
  "lm_probe_avg_subordinate_chain_len_id_layer12_monolingual": 0.5524068872133892,
  "lm_probe_avg_subordinate_chain_len_ja_layer12_monolingual": 0.5745023290316263,
  "lm_probe_avg_subordinate_chain_len_ko_layer12_monolingual": -0.006086111068725586,
  "lm_probe_avg_subordinate_chain_len_ru_layer12_monolingual": 0.6096874475479126,
  "Ridge_None_unknown_layer0_monolingual": 0.5270211395937717,
  "LogisticRegression_None_unknown_layer0_monolingual": 0.2605470560964303,
  "Ridge_avg_verb_edges_unknown_layer0_monolingual": 0.23611437566861782,
  "Ridge_avg_subordinate_chain_len_unknown_layer0_monolingual": 0.5051843799110209,
  "Ridge_lexical_density_unknown_layer0_monolingual": 0.22653754550608413,
  "Ridge_avg_max_depth_unknown_layer0_monolingual": 0.4245521410433538,
  "Ridge_n_tokens_unknown_layer0_monolingual": 0.3955612177009446,
  "Ridge_avg_links_len_unknown_layer0_monolingual": 0.408665678600305,
  "lm_probe_avg_links_len_ar_layer11_monolingual": 0.472189466158549,
  "lm_probe_avg_links_len_en_layer11_monolingual": 0.12085696061452231,
  "lm_probe_avg_links_len_fi_layer11_monolingual": 0.11170542240142822,
  "lm_probe_avg_links_len_id_layer11_monolingual": 0.48359855016072595,
  "lm_probe_avg_links_len_ja_layer11_monolingual": 0.5950437386830647,
  "lm_probe_avg_links_len_ko_layer11_monolingual": 0.41230519612630206,
  "lm_probe_avg_links_len_ru_layer11_monolingual": 0.26269958416620887,
  "lm_probe_avg_subordinate_chain_len_ar_layer11_monolingual": 0.5432451963424683,
  "lm_probe_avg_subordinate_chain_len_en_layer11_monolingual": 0.012080868085225419,
  "lm_probe_avg_subordinate_chain_len_fi_layer11_monolingual": 0.5359256863594055,
  "lm_probe_avg_subordinate_chain_len_id_layer11_monolingual": 0.7079057494799297,
  "lm_probe_avg_subordinate_chain_len_ja_layer11_monolingual": 0.4587719241778056,
  "lm_probe_avg_subordinate_chain_len_ko_layer11_monolingual": 0.2589009801546733,
  "lm_probe_avg_subordinate_chain_len_ru_layer11_monolingual": 0.6742309927940369,
  "lm_probe_avg_max_depth_ar_layer11_monolingual": 0.43052756786346436,
  "lm_probe_avg_max_depth_en_layer11_monolingual": 0.6791220108668009,
  "lm_probe_avg_max_depth_fi_layer11_monolingual": 0.556945006052653,
  "lm_probe_avg_max_depth_id_layer11_monolingual": 0.32471752166748047,
  "lm_probe_avg_max_depth_ja_layer11_monolingual": 0.7778252363204956,
  "lm_probe_avg_max_depth_ko_layer11_monolingual": 0.6703161001205444,
  "lm_probe_avg_max_depth_ru_layer11_monolingual": 0.4646034240722656,
  "lm_probe_complexity_ko_layer11_monolingual": 0.7348257501920065,
  "lm_probe_complexity_fi_layer11_monolingual": 0.5694787303606669,
  "lm_probe_complexity_ar_layer11_monolingual": -0.24084866046905518,
  "lm_probe_complexity_ja_layer11_monolingual": 0.696770191192627,
  "lm_probe_complexity_en_layer11_monolingual": 0.7299711306889852,
  "lm_probe_complexity_id_layer11_monolingual": 0.560647209485372,
  "lm_probe_complexity_ru_layer11_monolingual": 0.9730139970779419,
  "lm_probe_avg_verb_edges_ar_layer11_monolingual": 0.8910976052284241,
  "lm_probe_avg_verb_edges_en_layer11_monolingual": 0.5464088916778564,
  "lm_probe_avg_verb_edges_fi_layer11_monolingual": 0.6117470661799113,
  "lm_probe_avg_verb_edges_id_layer11_monolingual": 0.4060436685880025,
  "lm_probe_avg_verb_edges_ja_layer11_monolingual": 0.44209625323613483,
  "lm_probe_avg_verb_edges_ko_layer11_monolingual": -0.09449684619903564,
  "lm_probe_avg_verb_edges_ru_layer11_monolingual": 0.54149329662323,
  "lm_probe_lexical_density_ar_layer11_monolingual": 0.17183236281077066,
  "lm_probe_lexical_density_en_layer11_monolingual": 0.24599838256835938,
  "lm_probe_lexical_density_fi_layer11_monolingual": 0.0793810486793518,
  "lm_probe_lexical_density_id_layer11_monolingual": 0.4351409077644348,
  "lm_probe_lexical_density_ja_layer11_monolingual": -0.4116970698038737,
  "lm_probe_lexical_density_ko_layer11_monolingual": 0.7060472965240479,
  "lm_probe_lexical_density_ru_layer11_monolingual": 0.7492459416389465,