{
  "train": {
    "ar": {
      "mse": 0.009392699984627348,
      "rmse": 0.09691594288158861,
      "mae": 0.051565403688663865,
      "r2": 0.46545137949639637
    },
    "en": {
      "mse": 0.010459450596373859,
      "rmse": 0.10227145543294991,
      "mae": 0.05580817875515089,
      "r2": 0.48813168081401315
    },
    "fi": {
      "mse": 0.006766075824081946,
      "rmse": 0.08225615979415733,
      "mae": 0.04098486108337879,
      "r2": 0.5141853116783759
    },
    "id": {
      "mse": 0.018416230587542735,
      "rmse": 0.13570641321449306,
      "mae": 0.09394417652364619,
      "r2": 0.5068327303714871
    },
    "ja": {
      "mse": 0.038307908596082386,
      "rmse": 0.19572406238396542,
      "mae": 0.17141367305482053,
      "r2": 0.4059148215796501
    },
    "ko": {
      "mse": 0.03512904916985152,
      "rmse": 0.1874274504170921,
      "mae": 0.16656351026592525,
      "r2": 0.4534895895620019
    },
    "ru": {
      "mse": 0.006840965483174836,
      "rmse": 0.08271012926585737,
      "mae": 0.04308948562131996,
      "r2": 0.4988157260418441
    }
  },
  "val": {
    "ar": {
      "mse": 0.06799495851509603,
      "rmse": 0.2607584294228971,
      "mae": 0.1494557695327069,
      "r2": -0.21412889990526307
    },
    "en": {
      "mse": 0.05616327479614677,
      "rmse": 0.2369879212030579,
      "mae": 0.1473997949484652,
      "r2": -0.162471689132192
    },
    "fi": {
      "mse": 0.05714649510334886,
      "rmse": 0.23905333108607557,
      "mae": 0.13809301668075064,
      "r2": -0.17411425508133727
    },
    "id": {
      "mse": 0.06605935919651598,
      "rmse": 0.25702015328864,
      "mae": 0.19516939696290858,
      "r2": -0.3268285929319228
    },
    "ja": {
      "mse": 0.08151357244047487,
      "rmse": 0.285505818575515,
      "mae": 0.25404923850726374,
      "r2": -0.3994541118380921
    },
    "ko": {
      "mse": 0.07599583648194558,
      "rmse": 0.2756734236047167,
      "mae": 0.24298058297560546,
      "r2": -0.15896837414060783
    },
    "ru": {
      "mse": 0.06496212628636258,
      "rmse": 0.2548766883933534,
      "mae": 0.14168643602552022,
      "r2": -0.19463985967944408
    }
  },
  "test": {
    "ar": {
      "mse": 0.07736145043218784,
      "rmse": 0.2781392644561135,
      "mae": 0.18944470903938543,
      "r2": -0.40074262827512475
    },
    "en": {
      "mse": 0.028880649593996843,
      "rmse": 0.16994307751125623,
      "mae": 0.11712315024062066,
      "r2": -0.18081140743328605
    },
    "fi": {
      "mse": 0.049980705487546184,
      "rmse": 0.22356364974553933,
      "mae": 0.13621509532247839,
      "r2": -0.12585287946651702
    },
    "id": {
      "mse": 0.07624881772783672,
      "rmse": 0.27613188466353666,
      "mae": 0.2116425051004942,
      "r2": -0.45426991850342247
    },
    "ja": {
      "mse": 0.1087141779287049,
      "rmse": 0.329718331199078,
      "mae": 0.27357646941123936,
      "r2": -0.4774287966523778
    },
    "ko": {
      "mse": 0.07119609179259892,
      "rmse": 0.26682595786879304,
      "mae": 0.23571067196039147,
      "r2": -0.4089755561730979
    },
    "ru": {
      "mse": 0.05640206339354325,
      "rmse": 0.2374911859281166,
      "mae": 0.17105645225599814,
      "r2": -0.4934271100943919
    }
  }
}