{
  "en": {
    "train_time": 41.14010429382324,
    "train_metrics": {
      "loss": 0.05371695863703887,
      "mse": 0.05382826551795006,
      "rmse": 0.2320091927444903,
      "r2": 0.02116185426712036
    },
    "val_metrics": {
      "loss": 0.049996378272771834,
      "mse": 0.05142896622419357,
      "rmse": 0.22677955424639493,
      "r2": -0.00544583797454834
    },
    "test_metrics": {
      "loss": 0.06072791772229331,
      "mse": 0.06089384853839874,
      "rmse": 0.24676678978014593,
      "r2": -0.023699164390563965
    },
    "language": "en",
    "task": "single_submetric",
    "task_type": "regression",
    "model_type": "lm_probe",
    "is_control": true,
    "control_index": 1,
    "submetric": "avg_verb_edges"
  }
}