{
  "id": {
    "train_time": 39.24552297592163,
    "train_metrics": {
      "loss": 0.033207347290590404,
      "mse": 0.03335694596171379,
      "rmse": 0.18263884023316013,
      "r2": -0.041765570640563965
    },
    "val_metrics": {
      "loss": 0.03145357891917229,
      "mse": 0.031453441828489304,
      "rmse": 0.17735118220211926,
      "r2": 0.053676486015319824
    },
    "test_metrics": {
      "loss": 0.031612279159682136,
      "mse": 0.03160437196493149,
      "rmse": 0.17777618503312384,
      "r2": -0.06986689567565918
    },
    "language": "id",
    "task": "single_submetric",
    "task_type": "regression",
    "model_type": "lm_probe",
    "is_control": true,
    "control_index": 1,
    "submetric": "n_tokens"
  }
}