{
  "ar": {
    "train_time": 53.463425159454346,
    "train_metrics": {
      "loss": 0.0005729096232070809,
      "accuracy": 1.0,
      "f1": 1.0
    },
    "val_metrics": {
      "loss": 0.0005966431344859302,
      "accuracy": 1.0,
      "f1": 1.0
    },
    "test_metrics": {
      "loss": 0.25192818238865583,
      "accuracy": 0.961038961038961,
      "f1": 0.9361702127659575
    },
    "language": "ar",
    "task": "question_type",
    "task_type": "classification",
    "model_type": "lm_probe",
    "is_control": false,
    "control_index": null
  }
}