{
  "train_time": 66.50450348854065,
  "train_metrics": {
    "loss": 0.07611492052674293,
    "accuracy": 0.9874213836477987,
    "f1": 0.9868995633187773
  },
  "val_metrics": {
    "loss": 0.3570680171251297,
    "accuracy": 0.8611111111111112,
    "f1": 0.84375
  },
  "test_metrics": {
    "loss": 1.339702844619751,
    "accuracy": 0.40217391304347827,
    "f1": 0.12698412698412698
  }
}