{
  "ar": {
    "train_time": 67.29433965682983,
    "train_metrics": {
      "loss": 0.004487507034181839,
      "mse": 0.0045105768367648125,
      "rmse": 0.06716082814233913,
      "r2": 0.7673680186271667
    },
    "val_metrics": {
      "loss": 0.015696328443785507,
      "mse": 0.016276055946946144,
      "rmse": 0.12757764673698188,
      "r2": 0.6866343021392822
    },
    "test_metrics": {
      "loss": 0.04236972257494927,
      "mse": 0.04222466051578522,
      "rmse": 0.20548639983168038,
      "r2": 0.4362739324569702
    },
    "language": "ar",
    "task": "single_submetric",
    "task_type": "regression",
    "model_type": "lm_probe",
    "is_control": false,
    "control_index": null,
    "submetric": "n_tokens"
  }
}