{
  "train_time": 56.4215247631073,
  "train_metrics": {
    "loss": 0.015308862986663977,
    "mse": 0.015322200022637844,
    "rmse": 0.12378287451274447,
    "r2": 0.2314767837524414
  },
  "val_metrics": {
    "loss": 0.024336296133697033,
    "mse": 0.02160707488656044,
    "rmse": 0.14699345184925905,
    "r2": 0.5355230569839478
  },
  "test_metrics": {
    "loss": 0.03335699412439551,
    "mse": 0.03327510878443718,
    "rmse": 0.18241466164877532,
    "r2": 0.18391567468643188
  },
  "train_language": "ru",
  "eval_language": "id",
  "task": "complexity",
  "task_type": "regression",
  "model_type": "lm_probe"
}