{
  "ja": {
    "train_time": 79.9643542766571,
    "train_metrics": {
      "loss": 0.03764564814666907,
      "mse": 0.03760148212313652,
      "rmse": 0.1939110159922239,
      "r2": 0.06149601936340332
    },
    "val_metrics": {
      "loss": 0.059212433795134224,
      "mse": 0.059246040880680084,
      "rmse": 0.24340509625042792,
      "r2": 0.0344124436378479
    },
    "test_metrics": {
      "loss": 0.05251163834085067,
      "mse": 0.05289756879210472,
      "rmse": 0.22999471470471822,
      "r2": -0.016116738319396973
    },
    "language": "ja",
    "task": "complexity",
    "task_type": "regression",
    "model_type": "lm_probe",
    "is_control": true,
    "control_index": 3
  }
}