{
  "train_time": 46.32050371170044,
  "train_metrics": {
    "loss": 0.021598790970941386,
    "mse": 0.021699601784348488,
    "rmse": 0.14730784698836816,
    "r2": -0.035880088806152344
  },
  "val_metrics": {
    "loss": 0.032397221960127356,
    "mse": 0.034487366676330566,
    "rmse": 0.18570774533209586,
    "r2": 0.058915793895721436
  },
  "test_metrics": {
    "loss": 0.022775640711188316,
    "mse": 0.02284819446504116,
    "rmse": 0.15115619228149788,
    "r2": -0.2079695463180542
  },
  "language": "en",
  "task": "single_submetric",
  "task_type": "regression",
  "model_type": "lm_probe",
  "is_control": true,
  "control_index": 1,
  "submetric": "n_tokens"
}