{
  "ko": {
    "train_time": 18.017189741134644,
    "train_metrics": {
      "loss": 0.03646040097513097,
      "mse": 0.03685814514756203,
      "rmse": 0.19198475238300053,
      "r2": 0.0005056858062744141
    },
    "val_metrics": {
      "loss": 0.03089924268424511,
      "mse": 0.03031804785132408,
      "rmse": 0.17412078523635277,
      "r2": -0.2340226173400879
    },
    "test_metrics": {
      "loss": 0.03920593964202063,
      "mse": 0.039097193628549576,
      "rmse": 0.19773010299028718,
      "r2": -0.12690949440002441
    },
    "language": "ko",
    "task": "single_submetric",
    "task_type": "regression",
    "model_type": "lm_probe",
    "is_control": true,
    "control_index": 1,
    "submetric": "avg_verb_edges"
  }
}