{
  "ko": {
    "train_time": 34.79212760925293,
    "train_metrics": {
      "loss": 0.007255472733262688,
      "mse": 0.007328353356570005,
      "rmse": 0.0856058021197746,
      "r2": 0.7490929365158081
    },
    "val_metrics": {
      "loss": 0.011051845736801624,
      "mse": 0.011814320459961891,
      "rmse": 0.10869370018525402,
      "r2": 0.6473598480224609
    },
    "test_metrics": {
      "loss": 0.015110729661371027,
      "mse": 0.015194824896752834,
      "rmse": 0.12326729045757773,
      "r2": 0.56480473279953
    },
    "language": "ko",
    "task": "single_submetric",
    "task_type": "regression",
    "model_type": "lm_probe",
    "is_control": false,
    "control_index": null,
    "submetric": "avg_max_depth"
  }
}