{
  "train_time": 53.6602897644043,
  "train_metrics": {
    "loss": 0.01023263253390472,
    "mse": 0.010265916585922241,
    "rmse": 0.10132085957946785,
    "r2": 0.5388495922088623
  },
  "val_metrics": {
    "loss": 0.014486748538911343,
    "mse": 0.014588968828320503,
    "rmse": 0.12078480379716855,
    "r2": 0.6903271675109863
  },
  "test_metrics": {
    "loss": 0.028275022150150368,
    "mse": 0.028272559866309166,
    "rmse": 0.16814446130131425,
    "r2": 0.3066050410270691
  },
  "train_language": "ko",
  "eval_language": "id",
  "task": "complexity",
  "task_type": "regression",
  "model_type": "lm_probe"
}