{
  "model_type": "XGBRegressor",
  "training_time": 164.66179203987122,
  "train_metrics": {
    "mse": 0.01295080129057169,
    "rmse": 0.1138015873815989,
    "mae": 0.09034454077482224,
    "r2": 0.45954686403274536
  },
  "val_metrics": {
    "mse": 0.032673180103302,
    "rmse": 0.18075724080462724,
    "mae": 0.13475249707698822,
    "r2": 0.02637845277786255
  },
  "test_metrics": {
    "mse": 0.04018303006887436,
    "rmse": 0.20045705292873672,
    "mae": 0.14647454023361206,
    "r2": -0.02746284008026123
  },
  "per_language_metrics": {
    "train": {
      "ar": {
        "mse": 0.013775299303233624,
        "rmse": 0.11736822101077286,
        "mae": 0.09554202854633331,
        "r2": 0.2895420789718628
      },
      "en": {
        "mse": 0.013631843030452728,
        "rmse": 0.11675548394166643,
        "mae": 0.09083706885576248,
        "r2": 0.34925276041030884
      },
      "fi": {
        "mse": 0.011332598514854908,
        "rmse": 0.10645467821967669,
        "mae": 0.08441382646560669,
        "r2": 0.22688090801239014
      },
      "id": {
        "mse": 0.01890542544424534,
        "rmse": 0.13749700158274483,
        "mae": 0.11411701142787933,
        "r2": 0.40956759452819824
      },
      "ja": {
        "mse": 0.01395020354539156,
        "rmse": 0.11811097978338661,
        "mae": 0.09621322900056839,
        "r2": 0.3287128210067749
      },
      "ko": {
        "mse": 0.006588325370103121,
        "rmse": 0.08116849986357466,
        "mae": 0.06089190021157265,
        "r2": 0.3351445198059082
      },
      "ru": {
        "mse": 0.011386686936020851,
        "rmse": 0.10670842017395277,
        "mae": 0.08483831584453583,
        "r2": 0.2183937430381775
      }
    },
    "val": {
      "ar": {
        "mse": 0.04893232882022858,
        "rmse": 0.22120652978659688,
        "mae": 0.15302428603172302,
        "r2": 0.05789744853973389
      },
      "en": {
        "mse": 0.03604968637228012,
        "rmse": 0.18986754955041718,
        "mae": 0.13354410231113434,
        "r2": 0.016283512115478516
      },
      "fi": {
        "mse": 0.021006746217608452,
        "rmse": 0.14493704225493376,
        "mae": 0.11714860796928406,
        "r2": -0.14029598236083984
      },
      "id": {
        "mse": 0.03291945904493332,
        "rmse": 0.18143720413667458,
        "mae": 0.14545360207557678,
        "r2": 0.009569108486175537
      },
      "ja": {
        "mse": 0.023760225623846054,
        "rmse": 0.15414352280860216,
        "mae": 0.13051007688045502,
        "r2": -0.18915891647338867
      },
      "ko": {
        "mse": 0.04537012428045273,
        "rmse": 0.21300263913964243,
        "mae": 0.14282864332199097,
        "r2": -0.05279552936553955
      },
      "ru": {
        "mse": 0.02231982722878456,
        "rmse": 0.14939821695316366,
        "mae": 0.12413138896226883,
        "r2": -0.1340177059173584
      }
    },
    "test": {
      "ar": {
        "mse": 0.07220228761434555,
        "rmse": 0.268704833626687,
        "mae": 0.19032275676727295,
        "r2": 0.036053597927093506
      },
      "en": {
        "mse": 0.024392999708652496,
        "rmse": 0.15618258452417957,
        "mae": 0.13337275385856628,
        "r2": -0.289642333984375
      },
      "fi": {
        "mse": 0.018963977694511414,
        "rmse": 0.13770975889352002,
        "mae": 0.1066737174987793,
        "r2": -0.37156713008880615
      },
      "id": {
        "mse": 0.03301892802119255,
        "rmse": 0.18171111144118995,
        "mae": 0.14130505919456482,
        "r2": -0.1177523136138916
      },
      "ja": {
        "mse": 0.06466386467218399,
        "rmse": 0.2542909056025873,
        "mae": 0.18686150014400482,
        "r2": -0.08390140533447266
      },
      "ko": {
        "mse": 0.06681084632873535,
        "rmse": 0.25847794166763116,
        "mae": 0.18825840950012207,
        "r2": -0.6021566390991211
      },
      "ru": {
        "mse": 0.014840020798146725,
        "rmse": 0.12181962402727536,
        "mae": 0.09829074889421463,
        "r2": -0.3045620918273926
      }
    }
  },