{
  "train_time": 64.45278477668762,
  "train_metrics": {
    "loss": 0.012161385733634233,
    "mse": 0.012168125249445438,
    "rmse": 0.11030922558628285,
    "r2": 0.6962929368019104
  },
  "val_metrics": {
    "loss": 0.015213956435521444,
    "mse": 0.015124274417757988,
    "rmse": 0.12298078881580646,
    "r2": 0.7535057067871094
  },
  "test_metrics": {
    "loss": 0.09507394315940994,
    "mse": 0.0948042944073677,
    "rmse": 0.30790306008120105,
    "r2": -1.3979854583740234
  },
  "train_language": "ja",
  "eval_language": "ru",
  "task": "complexity",
  "task_type": "regression",
  "model_type": "lm_probe"
}