{
  "id": {
    "train_time": 39.220484018325806,
    "train_metrics": {
      "loss": 0.03794770824412505,
      "mse": 0.03780113905668259,
      "rmse": 0.1944251502678668,
      "r2": -0.04173433780670166
    },
    "val_metrics": {
      "loss": 0.04853938706219196,
      "mse": 0.04784177988767624,
      "rmse": 0.21872763860032923,
      "r2": -0.14428949356079102
    },
    "test_metrics": {
      "loss": 0.042240552072014124,
      "mse": 0.04210614040493965,
      "rmse": 0.20519780799253107,
      "r2": -0.0326685905456543
    },
    "language": "id",
    "task": "complexity",
    "task_type": "regression",
    "model_type": "lm_probe",
    "is_control": true,
    "control_index": 3
  }
}