{
  "train_time": 26.300889253616333,
  "train_metrics": {
    "loss": 0.026308147050440312,
    "mse": 0.026088576763868332,
    "rmse": 0.16151958631654656,
    "r2": -0.0018680095672607422
  },
  "val_metrics": {
    "loss": 0.027660659203926723,
    "mse": 0.027363844215869904,
    "rmse": 0.1654202049807396,
    "r2": -0.013511300086975098
  },
  "test_metrics": {
    "loss": 0.06677249756952126,
    "mse": 0.06744879484176636,
    "rmse": 0.25970905806645705,
    "r2": -0.28718113899230957
  },
  "language": "ja",
  "task": "single_submetric",
  "task_type": "regression",
  "model_type": "lm_probe",
  "is_control": true,
  "control_index": 2,
  "submetric": "lexical_density"
}