{
  "train_time": 67.27679347991943,
  "train_metrics": {
    "loss": 0.03941566964227056,
    "mse": 0.0393516980111599,
    "rmse": 0.19837262414748638,
    "r2": 0.03588211536407471
  },
  "val_metrics": {
    "loss": 0.06965912878513336,
    "mse": 0.0690692737698555,
    "rmse": 0.26281033801937,
    "r2": -0.19945132732391357
  },
  "test_metrics": {
    "loss": 0.12965440899133682,
    "mse": 0.13043871521949768,
    "rmse": 0.3611630036693926,
    "r2": -0.8898711204528809
  },
  "language": "ar",
  "task": "single_submetric",
  "task_type": "regression",
  "model_type": "lm_probe",
  "is_control": true,
  "control_index": 1,
  "submetric": "avg_verb_edges"
}