{
  "train_time": 48.2353310585022,
  "train_metrics": {
    "loss": 0.03224476995567481,
    "accuracy": 0.9983221476510067,
    "f1": 0.998324958123953
  },
  "val_metrics": {
    "loss": 0.15795647203922272,
    "accuracy": 0.9444444444444444,
    "f1": 0.9473684210526315
  },
  "test_metrics": {
    "loss": 0.6261037460395268,
    "accuracy": 0.7272727272727273,
    "f1": 0.7222222222222222
  }
}