{
  "id": {
    "train_time": 52.59002351760864,
    "train_metrics": {
      "loss": 0.013198464969173073,
      "mse": 0.013186421245336533,
      "rmse": 0.11483214378098379,
      "r2": 0.7047027349472046
    },
    "val_metrics": {
      "loss": 0.020768950507044793,
      "mse": 0.021149523556232452,
      "rmse": 0.14542875766584976,
      "r2": 0.5745728611946106
    },
    "test_metrics": {
      "loss": 0.026259086493934904,
      "mse": 0.026355931535363197,
      "rmse": 0.162345100127362,
      "r2": 0.3559049963951111
    },
    "language": "id",
    "task": "single_submetric",
    "task_type": "regression",
    "model_type": "lm_probe",
    "is_control": false,
    "control_index": null,
    "submetric": "lexical_density"
  }
}