{
  "train_time": 40.9966561794281,
  "train_metrics": {
    "loss": 0.08110813879304463,
    "accuracy": 1.0,
    "f1": 1.0
  },
  "val_metrics": {
    "loss": 0.17452879001696905,
    "accuracy": 0.9772727272727273,
    "f1": 0.975609756097561
  },
  "test_metrics": {
    "loss": 0.5147396070616586,
    "accuracy": 0.8,
    "f1": 0.7708333333333334
  }
}