{
  "train": {
    "ar": {
      "mse": 0.012201253324747086,
      "rmse": 0.11045928356071791,
      "mae": 0.05722780525684357,
      "r2": 0.30561357736587524
    },
    "en": {
      "mse": 0.01424457412213087,
      "rmse": 0.11935063519785251,
      "mae": 0.060591910034418106,
      "r2": 0.3028939962387085
    },
    "fi": {
      "mse": 0.009539955295622349,
      "rmse": 0.09767269472898937,
      "mae": 0.05143532529473305,
      "r2": 0.3150164484977722
    },
    "id": {
      "mse": 0.023287195712327957,
      "rmse": 0.15260142762218168,
      "mae": 0.0956345722079277,
      "r2": 0.3763933777809143
    },
    "ja": {
      "mse": 0.03378904238343239,
      "rmse": 0.18381795990444566,
      "mae": 0.16465924680233002,
      "r2": 0.4759941101074219
    },
    "ko": {
      "mse": 0.029929913580417633,
      "rmse": 0.17300264038568208,
      "mae": 0.1546008139848709,
      "r2": 0.5343737602233887
    },
    "ru": {
      "mse": 0.01004881877452135,
      "rmse": 0.10024379668848019,
      "mae": 0.05218471214175224,
      "r2": 0.2638014554977417
    }
  },
  "val": {
    "ar": {
      "mse": 0.05834195762872696,
      "rmse": 0.24154079909764098,
      "mae": 0.14151093363761902,
      "r2": -0.0417633056640625
    },
    "en": {
      "mse": 0.05963386967778206,
      "rmse": 0.24420047026527622,
      "mae": 0.14799071848392487,
      "r2": -0.2343062162399292
    },
    "fi": {
      "mse": 0.05731693282723427,
      "rmse": 0.23940955040940673,
      "mae": 0.13562823832035065,
      "r2": -0.17761600017547607
    },
    "id": {
      "mse": 0.07176685333251953,
      "rmse": 0.26789336186721674,
      "mae": 0.19401182234287262,
      "r2": -0.4414658546447754
    },
    "ja": {
      "mse": 0.07114023715257645,
      "rmse": 0.26672127240356447,
      "mae": 0.2368793934583664,
      "r2": -0.2213611602783203
    },
    "ko": {
      "mse": 0.0767127051949501,
      "rmse": 0.2769705854327317,
      "mae": 0.24048954248428345,
      "r2": -0.1699010133743286
    },
    "ru": {
      "mse": 0.06317631900310516,
      "rmse": 0.25134899841277497,
      "mae": 0.14027732610702515,
      "r2": -0.16179931163787842
    }
  },
  "test": {
    "ar": {
      "mse": 0.06700004637241364,
      "rmse": 0.25884367168701194,
      "mae": 0.17652764916419983,
      "r2": -0.21313440799713135
    },
    "en": {
      "mse": 0.029284289106726646,
      "rmse": 0.1711265295234104,
      "mae": 0.11137115955352783,
      "r2": -0.19731462001800537
    },
    "fi": {
      "mse": 0.0519094243645668,
      "rmse": 0.2278363982434914,
      "mae": 0.1395372599363327,
      "r2": -0.16929888725280762
    },
    "id": {
      "mse": 0.07661224156618118,
      "rmse": 0.27678916446671314,
      "mae": 0.20410336554050446,
      "r2": -0.4612013101577759
    },
    "ja": {
      "mse": 0.10619157552719116,
      "rmse": 0.3258704888865992,
      "mae": 0.27157536149024963,
      "r2": -0.44314658641815186
    },
    "ko": {
      "mse": 0.06584253162145615,
      "rmse": 0.25659799613686807,
      "mae": 0.2247893214225769,
      "r2": -0.3030283451080322
    },
    "ru": {
      "mse": 0.05363135784864426,
      "rmse": 0.2315844507920259,
      "mae": 0.1653696447610855,
      "r2": -0.420063853263855
    }
  }
}