{
  "train": {
    "ar": {
      "mse": 0.04364169389009476,
      "rmse": 0.2089059450807821,
      "mae": 0.1631026566028595,
      "r2": -0.015146970748901367
    },
    "en": {
      "mse": 0.03307874873280525,
      "rmse": 0.181875640845071,
      "mae": 0.14719077944755554,
      "r2": -0.2112330198287964
    },
    "fi": {
      "mse": 0.041550006717443466,
      "rmse": 0.2038381875837878,
      "mae": 0.15784786641597748,
      "r2": -0.03879106044769287
    },
    "id": {
      "mse": 0.044690802693367004,
      "rmse": 0.211401993115881,
      "mae": 0.17082887887954712,
      "r2": -0.000807642936706543
    },
    "ja": {
      "mse": 0.07223405689001083,
      "rmse": 0.26876394268951115,
      "mae": 0.22945718467235565,
      "r2": -1.7739722728729248
    },
    "ko": {
      "mse": 0.10243573039770126,
      "rmse": 0.32005582387718123,
      "mae": 0.29174572229385376,
      "r2": -1.991182565689087
    },
    "ru": {
      "mse": 0.03475728631019592,
      "rmse": 0.18643306120480863,
      "mae": 0.1495075672864914,
      "r2": -0.4728565216064453
    }
  },
  "val": {
    "ar": {
      "mse": 0.041022464632987976,
      "rmse": 0.20254003217385935,
      "mae": 0.15368877351284027,
      "r2": -0.1931471824645996
    },
    "en": {
      "mse": 0.036927539855241776,
      "rmse": 0.19216539713289116,
      "mae": 0.15594813227653503,
      "r2": -0.41530025005340576
    },
    "fi": {
      "mse": 0.035478830337524414,
      "rmse": 0.18835824998529907,
      "mae": 0.14614537358283997,
      "r2": -1.5735626220703125e-05
    },
    "id": {
      "mse": 0.051609352231025696,
      "rmse": 0.2271769183500509,
      "mae": 0.17936068773269653,
      "r2": -0.03813302516937256
    },
    "ja": {
      "mse": 0.07517218589782715,
      "rmse": 0.2741754655286048,
      "mae": 0.2427016794681549,
      "r2": -1.784252643585205
    },
    "ko": {
      "mse": 0.07681051641702652,
      "rmse": 0.2771471024871567,
      "mae": 0.24502409994602203,
      "r2": -0.8484240770339966
    },
    "ru": {
      "mse": 0.04396554455161095,
      "rmse": 0.20967962359659784,
      "mae": 0.16511577367782593,
      "r2": -0.0014979839324951172
    }
  },
  "test": {
    "ar": {
      "mse": 0.07257115095853806,
      "rmse": 0.2693903319693156,
      "mae": 0.21223105490207672,
      "r2": -0.2505704164505005
    },
    "en": {
      "mse": 0.03538190573453903,
      "rmse": 0.18810078610824313,
      "mae": 0.15092645585536957,
      "r2": -0.23659372329711914
    },
    "fi": {
      "mse": 0.04889029636979103,
      "rmse": 0.22111150212006392,
      "mae": 0.1756935864686966,
      "r2": -0.09325098991394043
    },
    "id": {
      "mse": 0.05295437574386597,
      "rmse": 0.23011817777799728,
      "mae": 0.17617186903953552,
      "r2": -0.2941164970397949
    },
    "ja": {
      "mse": 0.06305311620235443,
      "rmse": 0.2511037956749249,
      "mae": 0.2082168310880661,
      "r2": -0.2032947540283203
    },
    "ko": {
      "mse": 0.03997885435819626,
      "rmse": 0.1999471289071095,
      "mae": 0.15602107346057892,
      "r2": -0.00010824203491210938
    },
    "ru": {
      "mse": 0.04519644379615784,
      "rmse": 0.21259455260226645,
      "mae": 0.1616145521402359,
      "r2": -0.12429213523864746
    }
  }
}