{
  "ar": {
    "train_time": 48.45240545272827,
    "train_metrics": {
      "loss": 0.08110813879304463,
      "accuracy": 1.0,
      "f1": 1.0
    },
    "val_metrics": {
      "loss": 0.17452879001696905,
      "accuracy": 0.9772727272727273,
      "f1": 0.975609756097561
    },
    "test_metrics": {
      "loss": 0.4258708208799362,
      "accuracy": 0.8311688311688312,
      "f1": 0.7636363636363637
    },
    "language": "ar",
    "task": "question_type",
    "task_type": "classification",
    "model_type": "lm_probe",
    "is_control": false,
    "control_index": null
  }
}