{
  "ko": {
    "train_time": 36.92937517166138,
    "train_metrics": {
      "loss": 0.06450112021349846,
      "mse": 0.06485495716333389,
      "rmse": 0.254666364412998,
      "r2": -0.008962750434875488
    },
    "val_metrics": {
      "loss": 0.06896005868911743,
      "mse": 0.0694475993514061,
      "rmse": 0.2635291242944622,
      "r2": -0.0591050386428833
    },
    "test_metrics": {
      "loss": 0.051978317754609246,
      "mse": 0.05197383090853691,
      "rmse": 0.2279776982701091,
      "r2": -0.02856588363647461
    },
    "language": "ko",
    "task": "single_submetric",
    "task_type": "regression",
    "model_type": "lm_probe",
    "is_control": true,
    "control_index": 2,
    "submetric": "avg_subordinate_chain_len"
  }
}