{
  "train_time": 64.41449975967407,
  "train_metrics": {
    "loss": 0.040346437866489095,
    "mse": 0.04025696963071823,
    "rmse": 0.20064139560598712,
    "r2": -0.004783034324645996
  },
  "val_metrics": {
    "loss": 0.06048121924201647,
    "mse": 0.06073182076215744,
    "rmse": 0.2464382696785494,
    "r2": 0.010197341442108154
  },
  "test_metrics": {
    "loss": 0.05203965958207846,
    "mse": 0.05249181017279625,
    "rmse": 0.22911091238261927,
    "r2": -0.008322477340698242
  },
  "language": "ja",
  "task": "complexity",
  "task_type": "regression",
  "model_type": "lm_probe",
  "is_control": true,
  "control_index": 3
}