{
  "model_type": "Ridge",
  "training_time": 0.4657163619995117,
  "train_metrics": {
    "mse": 0.009115797222866644,
    "rmse": 0.09547668418449944,
    "mae": 0.07193905843275812,
    "r2": 0.5101183312513837
  },
  "val_metrics": {
    "mse": 0.03140783094207819,
    "rmse": 0.1772225463705964,
    "mae": 0.12994563201936776,
    "r2": -0.20055940268068317
  },
  "test_metrics": {
    "mse": 0.040384600737272805,
    "rmse": 0.20095920167355563,
    "mae": 0.14471782482403814,
    "r2": -0.46199218706596046
  },
  "per_language_metrics": {
    "train": {
      "ar": {
        "mse": 0.011336823419883405,
        "rmse": 0.10647452005002608,
        "mae": 0.08246251047120745,
        "r2": 0.462312249271851
      },
      "en": {
        "mse": 0.0060614410809109905,
        "rmse": 0.07785525724645055,
        "mae": 0.05947824921311768,
        "r2": 0.516666113970597
      },
      "fi": {
        "mse": 0.004009841150785193,
        "rmse": 0.06332330653704994,
        "mae": 0.04744517807674304,
        "r2": 0.4693073307797815
      },
      "id": {
        "mse": 0.009487801022285577,
        "rmse": 0.09740534391030903,
        "mae": 0.07390176775798316,
        "r2": 0.4806042024188597
      },
      "ja": {
        "mse": 0.005443487054648962,
        "rmse": 0.0737799908826842,
        "mae": 0.057459927239178185,
        "r2": 0.41478685670151716
      },
      "ko": {
        "mse": 0.011572371551292511,
        "rmse": 0.10757495782612472,
        "mae": 0.08257160323502764,
        "r2": 0.4692939042068037
      },
      "ru": {
        "mse": 0.01726982596517122,
        "rmse": 0.13141470985080483,
        "mae": 0.10641762357798776,
        "r2": 0.48198846386377114
      }
    },
    "val": {
      "ar": {
        "mse": 0.05850724391949402,
        "rmse": 0.24188270694593697,
        "mae": 0.17611485068890237,
        "r2": -0.19195846121357651
      },
      "en": {
        "mse": 0.017102018860312165,
        "rmse": 0.13077468738372944,
        "mae": 0.09174747096030693,
        "r2": -0.2843860597054666
      },
      "fi": {
        "mse": 0.020347888152774878,
        "rmse": 0.14264602396412904,
        "mae": 0.1090342568585443,
        "r2": -0.18308420337309284
      },
      "id": {
        "mse": 0.05043392939557753,
        "rmse": 0.22457499726277974,
        "mae": 0.16872285202925494,
        "r2": -0.36671109562372983
      },
      "ja": {
        "mse": 0.020066537769741447,
        "rmse": 0.14165640744329727,
        "mae": 0.10691803204916947,
        "r2": -0.1255784955232202
      },
      "ko": {
        "mse": 0.024502361682669796,
        "rmse": 0.1565323023617483,
        "mae": 0.12192558686219887,
        "r2": -0.2174412026059518
      },
      "ru": {
        "mse": 0.03395553758874361,
        "rmse": 0.18427028406323037,
        "mae": 0.1421816267298976,
        "r2": -0.13773296151499115
      }
    },
    "test": {
      "ar": {
        "mse": 0.0678907438657478,
        "rmse": 0.26055852291903214,
        "mae": 0.1844562392798953,
        "r2": -0.46584634567421723
      },
      "en": {
        "mse": 0.012946051036345385,
        "rmse": 0.11378071469429864,
        "mae": 0.07868514705060481,
        "r2": -0.3918805592060799
      },
      "fi": {
        "mse": 0.025382055133393172,
        "rmse": 0.1593174665044394,
        "mae": 0.12104241609805139,
        "r2": -0.39951572192068174
      },
      "id": {
        "mse": 0.0372178580471906,
        "rmse": 0.19291930449592284,
        "mae": 0.15154181181165058,
        "r2": -0.6764191197113338
      },
      "ja": {
        "mse": 0.1066755145030401,
        "rmse": 0.32661217751798555,
        "mae": 0.25931179248307357,
        "r2": -1.508886570000167
      },
      "ko": {
        "mse": 0.028274687259446152,
        "rmse": 0.16815078726977806,
        "mae": 0.13023900582389583,
        "r2": -0.2287004402081747
      },
      "ru": {
        "mse": 0.02340474232505087,
        "rmse": 0.15298608539684538,
        "mae": 0.11842162572024034,
        "r2": -0.3894138108178611
      }
    }
  },
  "feature_importances": null,
  "task": "complexity",
  "languages": [
    "all"
  ],
  "control_index": 3,
  "submetric": "avg_links_len"
}