{
  "ar": {
    "train_time": 36.66137194633484,
    "train_metrics": {
      "loss": 0.02098584235719745,
      "mse": 0.020783497020602226,
      "rmse": 0.14416482587858326,
      "r2": 0.5165562629699707
    },
    "val_metrics": {
      "loss": 0.024115655571222305,
      "mse": 0.02452947571873665,
      "rmse": 0.1566188868519268,
      "r2": 0.28655487298965454
    },
    "test_metrics": {
      "loss": 0.06365155726671219,
      "mse": 0.0638815313577652,
      "rmse": 0.2527479601456067,
      "r2": -0.10082793235778809
    },
    "language": "ar",
    "task": "single_submetric",
    "task_type": "regression",
    "model_type": "lm_probe",
    "is_control": false,
    "control_index": null,
    "submetric": "lexical_density"
  }
}