{
  "ja": {
    "train_time": 79.5176510810852,
    "train_metrics": {
      "loss": 0.011946869002034267,
      "mse": 0.012029476463794708,
      "rmse": 0.10967897001610978,
      "r2": 0.8148304224014282
    },
    "val_metrics": {
      "loss": 0.015929837711155415,
      "mse": 0.016302989795804024,
      "rmse": 0.12768316175519787,
      "r2": 0.8104821443557739
    },
    "test_metrics": {
      "loss": 0.07227658107876778,
      "mse": 0.07243582606315613,
      "rmse": 0.26913904596538224,
      "r2": 0.2417227029800415
    },
    "language": "ja",
    "task": "single_submetric",
    "task_type": "regression",
    "model_type": "lm_probe",
    "is_control": false,
    "control_index": null,
    "submetric": "avg_verb_edges"
  }
}