{
  "train_time": 32.002453088760376,
  "train_metrics": {
    "loss": 0.6936969542503357,
    "accuracy": 0.499581589958159,
    "f1": 0.0
  },
  "val_metrics": {
    "loss": 0.6910175234079361,
    "accuracy": 0.5238095238095238,
    "f1": 0.0
  },
  "test_metrics": {
    "loss": 0.6937861698014396,
    "accuracy": 0.5,
    "f1": 0.0
  },
  "language": "fi",
  "task": "question_type",
  "task_type": "classification",
  "model_type": "lm_probe",
  "is_control": true,
  "control_index": 3
}