{
  "en": {
    "train_time": 47.31256985664368,
    "train_metrics": {
      "loss": 0.006272997905810674,
      "mse": 0.0062135313637554646,
      "rmse": 0.07882595615503478,
      "r2": 0.7683995962142944
    },
    "val_metrics": {
      "loss": 0.03153934478759766,
      "mse": 0.03114946000277996,
      "rmse": 0.1764920961481844,
      "r2": 0.2557094097137451
    },
    "test_metrics": {
      "loss": 0.012753607838281564,
      "mse": 0.012714429758489132,
      "rmse": 0.11275828022140605,
      "r2": 0.6700859665870667
    },
    "language": "en",
    "task": "complexity",
    "task_type": "regression",
    "model_type": "lm_probe",
    "is_control": false,
    "control_index": null
  }
}