{
  "train": {
    "ar": {
      "mse": 0.01054348283890916,
      "rmse": 0.10268146297608523,
      "mae": 0.07999494197959646,
      "r2": 0.4562222056638797
    },
    "en": {
      "mse": 0.010721999296832672,
      "rmse": 0.10354708734113516,
      "mae": 0.07799756391819423,
      "r2": 0.4881608344911669
    },
    "fi": {
      "mse": 0.007596934840819194,
      "rmse": 0.08716039720434501,
      "mae": 0.06539003107251462,
      "r2": 0.48173091663267764
    },
    "id": {
      "mse": 0.016305722655408375,
      "rmse": 0.1276938630295457,
      "mae": 0.10265732983368743,
      "r2": 0.49075853482182663
    },
    "ja": {
      "mse": 0.012696932239176374,
      "rmse": 0.11268066488611245,
      "mae": 0.0892862669909537,
      "r2": 0.3890205719490192
    },
    "ko": {
      "mse": 0.00567081709570664,
      "rmse": 0.07530482783797225,
      "mae": 0.051276574876608916,
      "r2": 0.42773408159509363
    },
    "ru": {
      "mse": 0.007380355973714201,
      "rmse": 0.08590899821156223,
      "mae": 0.06416276453753095,
      "r2": 0.49339678862057834
    }
  },
  "val": {
    "ar": {
      "mse": 0.049301902158029806,
      "rmse": 0.22204031651488387,
      "mae": 0.15920535727365043,
      "r2": 0.050781942179403905
    },
    "en": {
      "mse": 0.041365306149633324,
      "rmse": 0.20338462613883412,
      "mae": 0.14435300617489732,
      "r2": -0.12876810229622793
    },
    "fi": {
      "mse": 0.021756606422393562,
      "rmse": 0.14750120820655524,
      "mae": 0.11478457526060469,
      "r2": -0.18100025010574394
    },
    "id": {
      "mse": 0.034065925881878525,
      "rmse": 0.18456956921951823,
      "mae": 0.14712579813135832,
      "r2": -0.024924010751633974
    },
    "ja": {
      "mse": 0.023166824218206556,
      "rmse": 0.15220651831707654,
      "mae": 0.12709885675428484,
      "r2": -0.15946019170034265
    },
    "ko": {
      "mse": 0.05123903474714299,
      "rmse": 0.22636040896575307,
      "mae": 0.1518109797372442,
      "r2": -0.18898120730404688
    },
    "ru": {
      "mse": 0.02547806277964785,
      "rmse": 0.1596184913462342,
      "mae": 0.1308791536374177,
      "r2": -0.29448025160484703
    }
  },
  "test": {
    "ar": {
      "mse": 0.07504638397230147,
      "rmse": 0.2739459508229707,
      "mae": 0.20274793850177994,
      "r2": -0.0019169145192932113
    },
    "en": {
      "mse": 0.029718960747875552,
      "rmse": 0.17239188132819813,
      "mae": 0.14594224457482988,
      "r2": -0.571222366075322
    },
    "fi": {
      "mse": 0.01989748331920189,
      "rmse": 0.14105843937603268,
      "mae": 0.10996910704376578,
      "r2": -0.43908301017416984
    },
    "id": {
      "mse": 0.03389926214386109,
      "rmse": 0.18411752264209152,
      "mae": 0.14680634278702637,
      "r2": -0.14755331971256647
    },
    "ja": {
      "mse": 0.05984453724044047,
      "rmse": 0.24463143142376548,
      "mae": 0.18061213079489255,
      "r2": -0.0031194247984944745
    },
    "ko": {
      "mse": 0.07208521739038956,
      "rmse": 0.2684869035733206,
      "mae": 0.19491329034653485,
      "r2": -0.728638440227019
    },
    "ru": {
      "mse": 0.015175965495128991,
      "rmse": 0.1231907687090595,
      "mae": 0.09575501716766127,
      "r2": -0.33409438149239357
    }
  }
}