{
  "train_time": 26.32988929748535,
  "train_metrics": {
    "loss": 0.6932037885983785,
    "accuracy": 0.499581589958159,
    "f1": 0.0
  },
  "val_metrics": {
    "loss": 0.6927233785390854,
    "accuracy": 0.5238095238095238,
    "f1": 0.0
  },
  "test_metrics": {
    "loss": 0.693167873791286,
    "accuracy": 0.5,
    "f1": 0.0
  },
  "language": "fi",
  "task": "question_type",
  "task_type": "classification",
  "model_type": "lm_probe",
  "is_control": true,
  "control_index": 2
}