{
  "fi": {
    "train_time": 25.66346836090088,
    "train_metrics": {
      "loss": 0.040063956876595815,
      "mse": 0.04009782895445824,
      "rmse": 0.2002444230296021,
      "r2": -0.002485036849975586
    },
    "val_metrics": {
      "loss": 0.03705206187441945,
      "mse": 0.03713620454072952,
      "rmse": 0.19270756223025998,
      "r2": -0.046730875968933105
    },
    "test_metrics": {
      "loss": 0.054517049342393875,
      "mse": 0.05478278174996376,
      "rmse": 0.23405721896571308,
      "r2": -0.2250145673751831
    },
    "language": "fi",
    "task": "single_submetric",
    "task_type": "regression",
    "model_type": "lm_probe",
    "is_control": true,
    "control_index": 1,
    "submetric": "lexical_density"
  }
}