{
  "ar": {
    "train_time": 26.746906042099,
    "train_metrics": {
      "loss": 0.6935987822593205,
      "accuracy": 0.5005025125628141,
      "f1": 0.0
    },
    "val_metrics": {
      "loss": 0.6904944976170858,
      "accuracy": 0.5454545454545454,
      "f1": 0.0
    },
    "test_metrics": {
      "loss": 0.6828970432281494,
      "accuracy": 0.7142857142857143,
      "f1": 0.0
    },
    "language": "ar",
    "task": "question_type",
    "task_type": "classification",
    "model_type": "lm_probe",
    "is_control": true,
    "control_index": 2
  }
}