{
  "train": {
    "ar": {
      "mse": 0.012032069265842438,
      "rmse": 0.10969078933913474,
      "mae": 0.057340335100889206,
      "r2": 0.3152421712875366
    },
    "en": {
      "mse": 0.015058769844472408,
      "rmse": 0.1227141794760182,
      "mae": 0.06128924340009689,
      "r2": 0.2630486488342285
    },
    "fi": {
      "mse": 0.009862217120826244,
      "rmse": 0.09930869609871154,
      "mae": 0.051805250346660614,
      "r2": 0.2918775677680969
    },
    "id": {
      "mse": 0.02282489649951458,
      "rmse": 0.15107910676038094,
      "mae": 0.09396939724683762,
      "r2": 0.38877320289611816
    },
    "ja": {
      "mse": 0.03460148349404335,
      "rmse": 0.18601473999133336,
      "mae": 0.16675741970539093,
      "r2": 0.4633947014808655
    },
    "ko": {
      "mse": 0.03099142573773861,
      "rmse": 0.17604381766406513,
      "mae": 0.15753024816513062,
      "r2": 0.5178595185279846
    },
    "ru": {
      "mse": 0.010279085487127304,
      "rmse": 0.1013858248826102,
      "mae": 0.053022172302007675,
      "r2": 0.24693149328231812
    }
  },
  "val": {
    "ar": {
      "mse": 0.0575198270380497,
      "rmse": 0.2398329148345775,
      "mae": 0.13876517117023468,
      "r2": -0.027083158493041992
    },
    "en": {
      "mse": 0.059624042361974716,
      "rmse": 0.24418034802574656,
      "mae": 0.15164843201637268,
      "r2": -0.23410284519195557
    },
    "fi": {
      "mse": 0.05795559287071228,
      "rmse": 0.24073967863796836,
      "mae": 0.13889512419700623,
      "r2": -0.19073784351348877
    },
    "id": {
      "mse": 0.06382995843887329,
      "rmse": 0.25264591514384965,
      "mae": 0.17609721422195435,
      "r2": -0.28205013275146484
    },
    "ja": {
      "mse": 0.07624297589063644,
      "rmse": 0.27612130647712874,
      "mae": 0.24563144147396088,
      "r2": -0.3089667558670044
    },
    "ko": {
      "mse": 0.08469491451978683,
      "rmse": 0.29102390712755344,
      "mae": 0.2504572868347168,
      "r2": -0.2916330099105835
    },
    "ru": {
      "mse": 0.06437026709318161,
      "rmse": 0.25371296201254995,
      "mae": 0.14186127483844757,
      "r2": -0.1837557554244995
    }
  },
  "test": {
    "ar": {
      "mse": 0.06619216501712799,
      "rmse": 0.25727838039199485,
      "mae": 0.1735813170671463,
      "r2": -0.19850647449493408
    },
    "en": {
      "mse": 0.028225179761648178,
      "rmse": 0.1680035111586903,
      "mae": 0.10906821489334106,
      "r2": -0.15401196479797363
    },
    "fi": {
      "mse": 0.05441413074731827,
      "rmse": 0.23326836636654844,
      "mae": 0.14455316960811615,
      "r2": -0.22571933269500732
    },
    "id": {
      "mse": 0.059815626591444016,
      "rmse": 0.24457233406794812,
      "mae": 0.17866885662078857,
      "r2": -0.14084482192993164
    },
    "ja": {
      "mse": 0.11657862365245819,
      "rmse": 0.3414361194315244,
      "mae": 0.28767210245132446,
      "r2": -0.5843068361282349
    },
    "ko": {
      "mse": 0.06919067353010178,
      "rmse": 0.26304120120259067,
      "mae": 0.2271142303943634,
      "r2": -0.3692883253097534
    },
    "ru": {
      "mse": 0.054033007472753525,
      "rmse": 0.23245001069639365,
      "mae": 0.1629529744386673,
      "r2": -0.4306987524032593
    }
  }
}