{
  "train_time": 31.939342737197876,
  "train_metrics": {
    "loss": 0.01999484424168865,
    "mse": 0.020002586767077446,
    "rmse": 0.14143050154431838,
    "r2": 0.010167181491851807
  },
  "val_metrics": {
    "loss": 0.08748222049325705,
    "mse": 0.08745606243610382,
    "rmse": 0.29572971179119595,
    "r2": -0.3339740037918091
  },
  "test_metrics": {
    "loss": 0.043265559311423986,
    "mse": 0.04352540895342827,
    "rmse": 0.20862744055715265,
    "r2": -0.1022716760635376
  },
  "language": "fi",
  "task": "complexity",
  "task_type": "regression",
  "model_type": "lm_probe",
  "is_control": true,
  "control_index": 1
}