{
  "train_time": 48.811392307281494,
  "train_metrics": {
    "loss": 0.03224476995567481,
    "accuracy": 0.9983221476510067,
    "f1": 0.998324958123953
  },
  "val_metrics": {
    "loss": 0.15795647203922272,
    "accuracy": 0.9444444444444444,
    "f1": 0.9473684210526315
  },
  "test_metrics": {
    "loss": 0.5662694488252912,
    "accuracy": 0.6818181818181818,
    "f1": 0.7407407407407407
  },
  "train_language": "en",
  "eval_language": "ko",
  "task": "question_type",
  "task_type": "classification",
  "model_type": "lm_probe"
}