{
  "train_time": 57.10165333747864,
  "train_metrics": {
    "loss": 0.014306354088087876,
    "mse": 0.014314648695290089,
    "rmse": 0.11964384102531182,
    "r2": 0.017412304878234863
  },
  "val_metrics": {
    "loss": 0.020354028232395648,
    "mse": 0.019699126482009888,
    "rmse": 0.14035357666269102,
    "r2": -0.0008660554885864258
  },
  "test_metrics": {
    "loss": 0.01099370080711586,
    "mse": 0.011117396876215935,
    "rmse": 0.10543906712512177,
    "r2": 0.02268773317337036
  },
  "language": "ru",
  "task": "single_submetric",
  "task_type": "regression",
  "model_type": "lm_probe",
  "is_control": true,
  "control_index": 1,
  "submetric": "n_tokens"
}