{
  "train": {
    "ar": {
      "mse": 0.02100149169564247,
      "rmse": 0.14491891420943806,
      "mae": 0.1174408346414566,
      "r2": 0.3158535361289978
    },
    "en": {
      "mse": 0.021320167928934097,
      "rmse": 0.1460142730315571,
      "mae": 0.11801721155643463,
      "r2": 0.20532143115997314
    },
    "fi": {
      "mse": 0.016519151628017426,
      "rmse": 0.1285268517782079,
      "mae": 0.10428915172815323,
      "r2": 0.18254578113555908
    },
    "id": {
      "mse": 0.02626883238554001,
      "rmse": 0.16207662504365028,
      "mae": 0.1354057937860489,
      "r2": 0.27607613801956177
    },
    "ja": {
      "mse": 0.024257022887468338,
      "rmse": 0.15574666252433256,
      "mae": 0.13266518712043762,
      "r2": 0.3945634365081787
    },
    "ko": {
      "mse": 0.017405113205313683,
      "rmse": 0.13192843971378454,
      "mae": 0.10845250636339188,
      "r2": 0.21815311908721924
    },
    "ru": {
      "mse": 0.01573382504284382,
      "rmse": 0.12543454485445316,
      "mae": 0.09942236542701721,
      "r2": 0.21083062887191772
    }
  },
  "val": {
    "ar": {
      "mse": 0.06516318768262863,
      "rmse": 0.2552708124377494,
      "mae": 0.21797284483909607,
      "r2": -0.004381418228149414
    },
    "en": {
      "mse": 0.045142028480768204,
      "rmse": 0.21246653496672882,
      "mae": 0.17324090003967285,
      "r2": -0.07863140106201172
    },
    "fi": {
      "mse": 0.07720295339822769,
      "rmse": 0.27785419449457244,
      "mae": 0.228067547082901,
      "r2": -0.17758262157440186
    },
    "id": {
      "mse": 0.054673030972480774,
      "rmse": 0.23382264854474807,
      "mae": 0.19152207672595978,
      "r2": -0.30768072605133057
    },
    "ja": {
      "mse": 0.0678248181939125,
      "rmse": 0.26043198381518445,
      "mae": 0.2142825722694397,
      "r2": -0.10540378093719482
    },
    "ko": {
      "mse": 0.05454748123884201,
      "rmse": 0.2335540220994749,
      "mae": 0.1907280534505844,
      "r2": -0.15785253047943115
    },
    "ru": {
      "mse": 0.062291305512189865,
      "rmse": 0.2495822620143304,
      "mae": 0.19799847900867462,
      "r2": -0.3390463590621948
    }
  },
  "test": {
    "ar": {
      "mse": 0.05620524287223816,
      "rmse": 0.23707644942557698,
      "mae": 0.19432571530342102,
      "r2": 0.031046628952026367
    },
    "en": {
      "mse": 0.040159922093153,
      "rmse": 0.20039940641916332,
      "mae": 0.15601050853729248,
      "r2": -0.04206979274749756
    },
    "fi": {
      "mse": 0.03794383630156517,
      "rmse": 0.19479177678117002,
      "mae": 0.15302488207817078,
      "r2": 0.03908044099807739
    },
    "id": {
      "mse": 0.041847363114356995,
      "rmse": 0.20456628049206202,
      "mae": 0.16280177235603333,
      "r2": -0.026322007179260254
    },
    "ja": {
      "mse": 0.05796583741903305,
      "rmse": 0.2407609549304726,
      "mae": 0.19421549141407013,
      "r2": -0.11347389221191406
    },
    "ko": {
      "mse": 0.03614754229784012,
      "rmse": 0.1901250701455232,
      "mae": 0.14837004244327545,
      "r2": -0.12238776683807373
    },
    "ru": {
      "mse": 0.059261396527290344,
      "rmse": 0.24343663760266313,
      "mae": 0.19672025740146637,
      "r2": -0.4989612102508545
    }
  }
}