{
  "train_time": 40.01979684829712,
  "train_metrics": {
    "loss": 0.01475741211945812,
    "mse": 0.014741172082722187,
    "rmse": 0.12141322861501619,
    "r2": -0.01186525821685791
  },
  "val_metrics": {
    "loss": 0.020560019090771674,
    "mse": 0.019608139991760254,
    "rmse": 0.14002906838139093,
    "r2": 0.003756701946258545
  },
  "test_metrics": {
    "loss": 0.012556034339857953,
    "mse": 0.012664609588682652,
    "rmse": 0.11253714759439504,
    "r2": -0.11332523822784424
  },
  "language": "ru",
  "task": "single_submetric",
  "task_type": "regression",
  "model_type": "lm_probe",
  "is_control": true,
  "control_index": 1,
  "submetric": "n_tokens"
}