{
  "train_time": 34.37158560752869,
  "train_metrics": {
    "loss": 0.04429698743236562,
    "mse": 0.044247280806303024,
    "rmse": 0.21035037629227818,
    "r2": 0.009124517440795898
  },
  "val_metrics": {
    "loss": 0.050587596744298934,
    "mse": 0.05189354717731476,
    "rmse": 0.22780155218372583,
    "r2": -0.04384970664978027
  },
  "test_metrics": {
    "loss": 0.049358182453683445,
    "mse": 0.04969731345772743,
    "rmse": 0.222928942620126,
    "r2": -0.21451938152313232
  },
  "language": "id",
  "task": "single_submetric",
  "task_type": "regression",
  "model_type": "lm_probe",
  "is_control": true,
  "control_index": 2,
  "submetric": "lexical_density"
}