{
  "fi": {
    "train_time": 42.854596853256226,
    "train_metrics": {
      "loss": 0.02039359722286463,
      "mse": 0.020424149930477142,
      "rmse": 0.14291308523181892,
      "r2": -0.010693907737731934
    },
    "val_metrics": {
      "loss": 0.0808424036949873,
      "mse": 0.08072712272405624,
      "rmse": 0.28412518847165985,
      "r2": -0.23133695125579834
    },
    "test_metrics": {
      "loss": 0.03914194607308933,
      "mse": 0.03935142979025841,
      "rmse": 0.19837194809311726,
      "r2": 0.0034334659576416016
    },
    "language": "fi",
    "task": "complexity",
    "task_type": "regression",
    "model_type": "lm_probe",
    "is_control": true,
    "control_index": 1
  }
}