{
  "id": {
    "train_time": 38.8520770072937,
    "train_metrics": {
      "loss": 0.02899041261213521,
      "mse": 0.02903561107814312,
      "rmse": 0.17039838930618775,
      "r2": -0.010161995887756348
    },
    "val_metrics": {
      "loss": 0.04095966778695583,
      "mse": 0.039667315781116486,
      "rmse": 0.19916655286748447,
      "r2": 0.02630072832107544
    },
    "test_metrics": {
      "loss": 0.03254282607563904,
      "mse": 0.032642465084791183,
      "rmse": 0.18067225875820334,
      "r2": -0.013231635093688965
    },
    "language": "id",
    "task": "single_submetric",
    "task_type": "regression",
    "model_type": "lm_probe",
    "is_control": true,
    "control_index": 3,
    "submetric": "avg_max_depth"
  }
}