{
  "train_time": 79.47608709335327,
  "train_metrics": {
    "loss": 0.02009246848523617,
    "mse": 0.020115841180086136,
    "rmse": 0.1418303253189745,
    "r2": 0.0045629143714904785
  },
  "val_metrics": {
    "loss": 0.08344031870365143,
    "mse": 0.08333708345890045,
    "rmse": 0.28868162992975577,
    "r2": -0.27114689350128174
  },
  "test_metrics": {
    "loss": 0.03896738429154668,
    "mse": 0.039173200726509094,
    "rmse": 0.19792220877533956,
    "r2": 0.007947087287902832
  },
  "language": "fi",
  "task": "complexity",
  "task_type": "regression",
  "model_type": "lm_probe",
  "is_control": true,
  "control_index": 2
}