{
  "ko": {
    "train_time": 26.57945156097412,
    "train_metrics": {
      "loss": 0.6913664734109919,
      "accuracy": 0.5385656292286874,
      "f1": 0.0
    },
    "val_metrics": {
      "loss": 0.6937837481498719,
      "accuracy": 0.5,
      "f1": 0.0
    },
    "test_metrics": {
      "loss": 0.6936177355902535,
      "accuracy": 0.5,
      "f1": 0.0
    },
    "language": "ko",
    "task": "question_type",
    "task_type": "classification",
    "model_type": "lm_probe",
    "is_control": true,
    "control_index": 3
  }
}