{"time": {"finished": "2025-05-09 19:05:07", "start-to-finish-secs": 0.0}, "metadata": {}, "data": {"Ridge regression": [[1.0, 2.0, 3.0, 4.0, 5.0, 6.0, 7.0, 8.0, 9.0, 10.0, 11.0, 12.0], [0.0787296742200851, 0.0787296742200851, 0.0787296742200851, 0.0787296742200851, 0.0787296742200851, 0.0787296742200851, 0.0787296742200851, 0.0787296742200851, 0.0787296742200851, 0.0787296742200851, 0.0787296742200851, 0.0787296742200851]], "Gradient boosting": [[1.0, 2.0, 3.0, 4.0, 5.0, 6.0, 7.0, 8.0, 9.0, 10.0, 11.0, 12.0], [0.0234976876527071, 0.0234976876527071, 0.0234976876527071, 0.0234976876527071, 0.0234976876527071, 0.0234976876527071, 0.0234976876527071, 0.0234976876527071, 0.0234976876527071, 0.0234976876527071, 0.0234976876527071, 0.0234976876527071]], "Dummy regressor": [[1.0, 2.0, 3.0, 4.0, 5.0, 6.0, 7.0, 8.0, 9.0, 10.0, 11.0, 12.0], [0.0099681997671723, 0.0099681997671723, 0.0099681997671723, 0.0099681997671723, 0.0099681997671723, 0.0099681997671723, 0.0099681997671723, 0.0099681997671723, 0.0099681997671723, 0.0099681997671723, 0.0099681997671723, 0.0099681997671723]], "MLP probe": [[1.0, 2.0, 3.0, 4.0, 5.0, 6.0, 7.0, 8.0, 9.0, 10.0, 11.0, 12.0], [0.0289118345826864, 0.02674893848598, 0.0245772432535886, 0.0256548635661602, 0.0282183662056922, 0.0303871110081672, 0.0335954055190086, 0.025542726740241, 0.0255184844136238, 0.0260190833359956, 0.0273361187428236, 0.0315246880054473]], "Finetuned Glot500": [[1.0, 2.0, 3.0, 4.0, 5.0, 6.0, 7.0, 8.0, 9.0, 10.0, 11.0, 12.0], [0.0255968384444713, 0.0290420111268758, 0.0263379272073507, 0.0231060031801462, 0.0226230304688215, 0.0225693825632333, 0.0260278265923261, 0.0292928293347358, 0.0368961915373802, 0.0516686402261257, 0.0361350812017917, 0.0626653879880905]]}}