{"time": {"finished": "2025-05-09 22:56:19", "start-to-finish-secs": 0.0}, "metadata": {}, "data": {"Probe": [[1.0, 2.0, 3.0, 4.0, 5.0, 6.0, 7.0, 8.0, 9.0, 10.0, 11.0, 12.0], [0.0423019863665103, 0.0482051484286785, 0.044227086007595, 0.0369752086699008, 0.0388262346386909, 0.0402470976114273, 0.0479598566889762, 0.0420018248260021, 0.049804713577032, 0.0518261343240737, 0.0548338703811168, 0.0787296742200851]]}}