{"time": {"finished": "2025-05-09 22:39:07", "start-to-finish-secs": 0.0}, "metadata": {}, "data": {"Probe": [[1.0, 2.0, 3.0, 4.0, 5.0, 6.0, 7.0, 8.0, 9.0, 10.0, 11.0, 12.0], [0.0137197514995932, 0.0108181154355406, 0.0100658629089593, 0.0115987816825509, 0.0127096995711326, 0.0161459203809499, 0.0157023519277572, 0.0146414590999484, 0.0144678596407175, 0.0163394622504711, 0.0177905615419149, 0.0234976876527071]]}}