{
  "model_type": "Ridge",
  "training_time": 0.08016443252563477,
  "train_metrics": {
    "mse": 0.005640223587187501,
    "rmse": 0.07510142200509588,
    "mae": 0.05664445888104611,
    "r2": 0.8032986594542014
  },
  "val_metrics": {
    "mse": 0.02834229564475883,
    "rmse": 0.1683517022330301,
    "mae": 0.13133771533684654,
    "r2": 0.49083574300101995
  },
  "test_metrics": {
    "mse": 0.02617858559723656,
    "rmse": 0.16179797772913157,
    "mae": 0.12907747825580945,
    "r2": 0.4215514664697695
  },
  "per_language_metrics": {
    "train": {
      "ar": {
        "mse": 0.006075524723299216,
        "rmse": 0.07794565236945045,
        "mae": 0.059519315510674166,
        "r2": 0.8020831777875405
      },
      "en": {
        "mse": 0.005860945232574889,
        "rmse": 0.07655681049113064,
        "mae": 0.05854671193784067,
        "r2": 0.7815417098430664
      },
      "fi": {
        "mse": 0.004139004238707193,
        "rmse": 0.06433509336829467,
        "mae": 0.04818191618734715,
        "r2": 0.7951803910938658
      },
      "id": {
        "mse": 0.005953644414631984,
        "rmse": 0.07715986271781453,
        "mae": 0.05765490987643357,
        "r2": 0.8359278077620887
      },
      "ja": {
        "mse": 0.009223721572040934,
        "rmse": 0.09604020810077898,
        "mae": 0.07584390928898008,
        "r2": 0.7697830053097967
      },
      "ko": {
        "mse": 0.003976594147711565,
        "rmse": 0.06306024221101252,
        "mae": 0.04814692185009772,
        "r2": 0.8213693045514963
      },
      "ru": {
        "mse": 0.003764348274064622,
        "rmse": 0.0613542848875661,
        "mae": 0.04612011609144233,
        "r2": 0.8111896959483615
      }
    },
    "val": {
      "ar": {
        "mse": 0.023430672788444882,
        "rmse": 0.1530708097203542,
        "mae": 0.12799631262510072,
        "r2": 0.6388553750226147
      },
      "en": {
        "mse": 0.02886024101371165,
        "rmse": 0.16988302155810525,
        "mae": 0.14468958032373966,
        "r2": 0.31040847718765163
      },
      "fi": {
        "mse": 0.04484549940096756,
        "rmse": 0.2117675598408962,
        "mae": 0.1611411862570465,
        "r2": 0.3159681678854579
      },
      "id": {
        "mse": 0.02614363131534607,
        "rmse": 0.16168992335747479,
        "mae": 0.11948646993435287,
        "r2": 0.37469128606472535
      },
      "ja": {
        "mse": 0.02362178592672383,
        "rmse": 0.15369380575261915,
        "mae": 0.11274315472735419,
        "r2": 0.6150139340272189
      },
      "ko": {
        "mse": 0.028036215945570844,
        "rmse": 0.1674401861727669,
        "mae": 0.1332639035589341,
        "r2": 0.4048890154046789
      },
      "ru": {
        "mse": 0.021906219527549443,
        "rmse": 0.14800749821393996,
        "mae": 0.11575469696620504,
        "r2": 0.5290924703656337
      }
    },
    "test": {
      "ar": {
        "mse": 0.038348678690941405,
        "rmse": 0.19582818666101517,
        "mae": 0.16567683866826724,
        "r2": 0.3388858634007883
      },
      "en": {
        "mse": 0.02029187067703147,
        "rmse": 0.1424495373001663,
        "mae": 0.11273559626885418,
        "r2": 0.47346643913070763
      },
      "fi": {
        "mse": 0.02812761062003924,
        "rmse": 0.1677128814970372,
        "mae": 0.13389457938440535,
        "r2": 0.28767431464830895
      },
      "id": {
        "mse": 0.02101863705457525,
        "rmse": 0.1449780571485742,
        "mae": 0.1149874458134276,
        "r2": 0.4845101539129776
      },
      "ja": {
        "mse": 0.03551147856474356,
        "rmse": 0.1884448953003067,
        "mae": 0.14847879763280558,
        "r2": 0.3178550495758393
      },
      "ko": {
        "mse": 0.019058982479903352,
        "rmse": 0.13805427367489698,
        "mae": 0.11341161500547696,
        "r2": 0.40821506565014387
      },
      "ru": {
        "mse": 0.02607106968894332,
        "rmse": 0.16146538232371457,
        "mae": 0.12851204449376594,
        "r2": 0.340556770523494
      }
    }
  },
  "feature_importances": null
}