{
  "train_time": 35.23861885070801,
  "train_metrics": {
    "loss": 0.01735100061780522,
    "mse": 0.01755101978778839,
    "rmse": 0.13248026187998116,
    "r2": 0.0011526942253112793
  },
  "val_metrics": {
    "loss": 0.06646080935994784,
    "mse": 0.062374748289585114,
    "rmse": 0.24974937094932814,
    "r2": -0.11377346515655518
  },
  "test_metrics": {
    "loss": 0.07670315951108933,
    "mse": 0.07650134712457657,
    "rmse": 0.27658876897765855,
    "r2": -0.38516926765441895
  },
  "language": "ar",
  "task": "single_submetric",
  "task_type": "regression",
  "model_type": "lm_probe",
  "is_control": true,
  "control_index": 3,
  "submetric": "avg_subordinate_chain_len"
}