{
  "train": {
    "ar": {
      "mse": 0.011393757164071159,
      "rmse": 0.10674154375907798,
      "mae": 0.08357727175095431,
      "r2": 0.4641592295451493
    },
    "en": {
      "mse": 0.012941087778559759,
      "rmse": 0.11375890197500924,
      "mae": 0.08365296869520478,
      "r2": 0.48753121538505406
    },
    "fi": {
      "mse": 0.015539372741943811,
      "rmse": 0.12465702042782753,
      "mae": 0.09601267712834256,
      "r2": 0.4988506171793179
    },
    "id": {
      "mse": 0.014887389276840825,
      "rmse": 0.12201388968818601,
      "mae": 0.08975924922591179,
      "r2": 0.4820610523131408
    },
    "ja": {
      "mse": 0.010313438932186912,
      "rmse": 0.10155510293523862,
      "mae": 0.0793306859668331,
      "r2": 0.3965501559358522
    },
    "ko": {
      "mse": 0.01607087365060575,
      "rmse": 0.12677094955314389,
      "mae": 0.09476978665036219,
      "r2": 0.44976789619890134
    },
    "ru": {
      "mse": 0.011001173793154599,
      "rmse": 0.10488648050704437,
      "mae": 0.07894130174960139,
      "r2": 0.48410640308537256
    }
  },
  "val": {
    "ar": {
      "mse": 0.03792894914524767,
      "rmse": 0.194753560032282,
      "mae": 0.13899612775817344,
      "r2": -0.007793670512914241
    },
    "en": {
      "mse": 0.04189763493524117,
      "rmse": 0.20468911777434864,
      "mae": 0.1514105790594307,
      "r2": -0.18083204003409947
    },
    "fi": {
      "mse": 0.05438197189304823,
      "rmse": 0.2331994251559129,
      "mae": 0.1895677223715183,
      "r2": -0.19052997247476045
    },
    "id": {
      "mse": 0.04530243951159227,
      "rmse": 0.21284369737343004,
      "mae": 0.16195812064389195,
      "r2": -0.11202256035249913
    },
    "ja": {
      "mse": 0.03218587033654378,
      "rmse": 0.17940420936127385,
      "mae": 0.1159520022898638,
      "r2": -0.1026347209518923
    },
    "ko": {
      "mse": 0.03809422285179713,
      "rmse": 0.19517741378498982,
      "mae": 0.15816733095716215,
      "r2": -0.13705685622804165
    },
    "ru": {
      "mse": 0.03759763076877873,
      "rmse": 0.1939010850118656,
      "mae": 0.15575425945339236,
      "r2": -0.04370540044128712
    }
  },
  "test": {
    "ar": {
      "mse": 0.051113031309280306,
      "rmse": 0.22608191283090362,
      "mae": 0.17889106610767308,
      "r2": -0.036347462865014224
    },
    "en": {
      "mse": 0.03066887560612738,
      "rmse": 0.17512531400721992,
      "mae": 0.13160393273602392,
      "r2": -0.08490460292881408
    },
    "fi": {
      "mse": 0.03900451597298581,
      "rmse": 0.19749561000940202,
      "mae": 0.15905951864959264,
      "r2": -0.2791258039822213
    },
    "id": {
      "mse": 0.032044147574792535,
      "rmse": 0.1790087918924446,
      "mae": 0.13630933854708324,
      "r2": 0.005340352283789818
    },
    "ja": {
      "mse": 0.08215117665775383,
      "rmse": 0.2866202656089653,
      "mae": 0.20998162490440336,
      "r2": -0.21363163344348335
    },
    "ko": {
      "mse": 0.04078873219807726,
      "rmse": 0.2019622048752619,
      "mae": 0.15027417853178593,
      "r2": -0.16823087276594584
    },
    "ru": {
      "mse": 0.024770802605778443,
      "rmse": 0.15738742836001368,
      "mae": 0.12447863270529934,
      "r2": -0.015538648838732794
    }
  }
}