{
  "train_time": 56.10940861701965,
  "train_metrics": {
    "loss": 0.6762179231643677,
    "accuracy": 0.5857740585774058,
    "f1": 0.3426294820717131
  },
  "val_metrics": {
    "loss": 0.690613329410553,
    "accuracy": 0.49206349206349204,
    "f1": 0.2
  },
  "test_metrics": {
    "loss": 0.6979247842516217,
    "accuracy": 0.4727272727272727,
    "f1": 0.06451612903225806
  },
  "language": "fi",
  "task": "question_type",
  "task_type": "classification",
  "model_type": "lm_probe",
  "is_control": true,
  "control_index": 2
}