{
  "model_type": "Ridge",
  "training_time": 0.05746626853942871,
  "train_metrics": {
    "mse": 0.029888129965365592,
    "rmse": 0.17288183815937866,
    "mae": 0.1456225531464279,
    "r2": 0.512026746142868
  },
  "val_metrics": {
    "mse": 0.057029529305659986,
    "rmse": 0.23880856204428683,
    "mae": 0.1983108556770359,
    "r2": -0.038505450933445484
  },
  "test_metrics": {
    "mse": 0.07435678444735018,
    "rmse": 0.2726844044813531,
    "mae": 0.2261966452674097,
    "r2": -0.17644067127310747
  },
  "per_language_metrics": {
    "train": {
      "ar": {
        "mse": 0.022494500197736852,
        "rmse": 0.14998166620536274,
        "mae": 0.13229091010347876,
        "r2": 0.4488839877913824
      },
      "en": {
        "mse": 0.028683327711624074,
        "rmse": 0.16936152960936576,
        "mae": 0.1482332143796555,
        "r2": 0.47840907402023325
      },
      "fi": {
        "mse": 0.023072015541767698,
        "rmse": 0.15189475152804885,
        "mae": 0.13281416179567332,
        "r2": 0.48882252729039766
      },
      "id": {
        "mse": 0.049091130056517614,
        "rmse": 0.22156518241031828,
        "mae": 0.1889996838785652,
        "r2": 0.5016978196005051
      },
      "ja": {
        "mse": 0.03875355531652961,
        "rmse": 0.19685922715618287,
        "mae": 0.16917523090688535,
        "r2": 0.40346712731155365
      },
      "ko": {
        "mse": 0.0194899615151769,
        "rmse": 0.13960645226914442,
        "mae": 0.1089256013386891,
        "r2": 0.4714843781743765
      },
      "ru": {
        "mse": 0.02632356166213615,
        "rmse": 0.1622453748559143,
        "mae": 0.13150624640994077,
        "r2": 0.49208542479433826
      }
    },
    "val": {
      "ar": {
        "mse": 0.07018760920131127,
        "rmse": 0.26492944192994344,
        "mae": 0.230855832007921,
        "r2": -0.21887207414455756
      },
      "en": {
        "mse": 0.05353254519514613,
        "rmse": 0.23137101200268398,
        "mae": 0.19782360159515297,
        "r2": -0.04657117646154685
      },
      "fi": {
        "mse": 0.05679620701200001,
        "rmse": 0.23831954811135408,
        "mae": 0.19454535235744144,
        "r2": 0.07519096716536
      },
      "id": {
        "mse": 0.0597198351899851,
        "rmse": 0.24437642110069682,
        "mae": 0.2087567054787191,
        "r2": 0.009385230491289476
      },
      "ja": {
        "mse": 0.08718814041326849,
        "rmse": 0.2952763797076706,
        "mae": 0.2623736467282323,
        "r2": -0.01353865417966471
      },
      "ko": {
        "mse": 0.03165682414339637,
        "rmse": 0.17792364694833673,
        "mae": 0.14274478911524702,
        "r2": -0.2885141442866941
      },
      "ru": {
        "mse": 0.05610401933497248,
        "rmse": 0.2368628703173473,
        "mae": 0.1863955398831978,
        "r2": -0.152675995443605
      }
    },
    "test": {
      "ar": {
        "mse": 0.11649345314241057,
        "rmse": 0.34131137271179607,
        "mae": 0.3010035015491816,
        "r2": -0.6878243288017309
      },
      "en": {
        "mse": 0.07060386068890863,
        "rmse": 0.26571386995960267,
        "mae": 0.22471740404004883,
        "r2": -0.18693596568326898
      },
      "fi": {
        "mse": 0.08418841583025552,
        "rmse": 0.2901524010416862,
        "mae": 0.2474002233454657,
        "r2": -0.18974548097018418
      },
      "id": {
        "mse": 0.07309270639590328,
        "rmse": 0.2703566281708353,
        "mae": 0.22854403587405284,
        "r2": -0.14439647441468417
      },
      "ja": {
        "mse": 0.10058276503046025,
        "rmse": 0.3171478598863001,
        "mae": 0.2679507268002596,
        "r2": -0.05292693078188426
      },
      "ko": {
        "mse": 0.03955417514327418,
        "rmse": 0.19888231480771282,
        "mae": 0.15826662126813193,
        "r2": -0.14008124342278516
      },
      "ru": {
        "mse": 0.052914639604174925,
        "rmse": 0.2300318230249348,
        "mae": 0.18476854694827066,
        "r2": -0.29289321817119274
      }
    }
  },
  "feature_importances": null
}