{
  "ja": {
    "train_time": 49.18444228172302,
    "train_metrics": {
      "loss": 0.03523014285912116,
      "accuracy": 0.9899244332493703,
      "f1": 0.9899328859060402
    },
    "val_metrics": {
      "loss": 0.12751577173670134,
      "accuracy": 0.9782608695652174,
      "f1": 0.9795918367346939
    },
    "test_metrics": {
      "loss": 1.0596837947765987,
      "accuracy": 0.6413043478260869,
      "f1": 0.7441860465116279
    },
    "language": "ja",
    "task": "question_type",
    "task_type": "classification",
    "model_type": "lm_probe",
    "is_control": false,
    "control_index": null
  }
}