{
  "train_time": 14.18432068824768,
  "train_metrics": {
    "loss": 0.6910015230483197,
    "accuracy": 0.5385656292286874,
    "f1": 0.0
  },
  "val_metrics": {
    "loss": 0.69362872838974,
    "accuracy": 0.5,
    "f1": 0.0
  },
  "test_metrics": {
    "loss": 0.6935953838484628,
    "accuracy": 0.5,
    "f1": 0.0
  },
  "language": "ko",
  "task": "question_type",
  "task_type": "classification",
  "model_type": "lm_probe",
  "is_control": true,
  "control_index": 1
}