{
  "ru": {
    "train_time": 55.57818388938904,
    "train_metrics": {
      "loss": 0.031141505365570386,
      "mse": 0.03112182766199112,
      "rmse": 0.1764137966883291,
      "r2": 0.06649518013000488
    },
    "val_metrics": {
      "loss": 0.03329303599894047,
      "mse": 0.03414103761315346,
      "rmse": 0.18477293528315628,
      "r2": -0.14394843578338623
    },
    "test_metrics": {
      "loss": 0.02052870485931635,
      "mse": 0.020438268780708313,
      "rmse": 0.14296247333027054,
      "r2": -0.21331024169921875
    },
    "language": "ru",
    "task": "single_submetric",
    "task_type": "regression",
    "model_type": "lm_probe",
    "is_control": true,
    "control_index": 1,
    "submetric": "avg_links_len"
  }
}