{
  "ru": {
    "train_time": 81.86583542823792,
    "train_metrics": {
      "loss": 0.041092507590850195,
      "mse": 0.04109399393200874,
      "rmse": 0.202716535911624,
      "r2": -0.7413777112960815
    },
    "val_metrics": {
      "loss": 0.04933846071362495,
      "mse": 0.04460688307881355,
      "rmse": 0.21120341635213563,
      "r2": -0.01610708236694336
    },
    "test_metrics": {
      "loss": 0.0440815162978002,
      "mse": 0.04382704570889473,
      "rmse": 0.20934910009095986,
      "r2": -0.09022748470306396
    },
    "language": "ru",
    "task": "single_submetric",
    "task_type": "regression",
    "model_type": "lm_probe",
    "is_control": true,
    "control_index": 3,
    "submetric": "lexical_density"
  }
}