{
  "train_time": 80.63089966773987,
  "train_metrics": {
    "loss": 0.012304918933659792,
    "accuracy": 0.9974811083123426,
    "f1": 0.9974768713204374
  },
  "val_metrics": {
    "loss": 0.005798588196436564,
    "accuracy": 1.0,
    "f1": 1.0
  },
  "test_metrics": {
    "loss": 0.48225374839135576,
    "accuracy": 0.8909090909090909,
    "f1": 0.9
  },
  "train_language": "ja",
  "eval_language": "ru",
  "task": "question_type",
  "task_type": "classification",
  "model_type": "lm_probe"
}