{
  "en": {
    "train_time": 54.58456492424011,
    "train_metrics": {
      "loss": 0.024858440520862737,
      "mse": 0.02496376633644104,
      "rmse": 0.1579992605566274,
      "r2": 0.011431574821472168
    },
    "val_metrics": {
      "loss": 0.033578502386808394,
      "mse": 0.03553938865661621,
      "rmse": 0.18851893447772353,
      "r2": -0.0016328096389770508
    },
    "test_metrics": {
      "loss": 0.027093216643801758,
      "mse": 0.027040693908929825,
      "rmse": 0.1644405482505146,
      "r2": 0.04344141483306885
    },
    "language": "en",
    "task": "single_submetric",
    "task_type": "regression",
    "model_type": "lm_probe",
    "is_control": true,
    "control_index": 1,
    "submetric": "avg_max_depth"
  }
}