{
  "train_time": 22.085038661956787,
  "train_metrics": {
    "loss": 0.033366927954678736,
    "mse": 0.033298950642347336,
    "rmse": 0.18248000066403808,
    "r2": -0.039954423904418945
  },
  "val_metrics": {
    "loss": 0.034505763277411464,
    "mse": 0.0341767817735672,
    "rmse": 0.18486963453625152,
    "r2": -0.02825927734375
  },
  "test_metrics": {
    "loss": 0.03516515131507601,
    "mse": 0.03516766056418419,
    "rmse": 0.18753042570256218,
    "r2": -0.19049084186553955
  },
  "language": "id",
  "task": "single_submetric",
  "task_type": "regression",
  "model_type": "lm_probe",
  "is_control": true,
  "control_index": 3,
  "submetric": "n_tokens"
}