{
  "fi": {
    "train_time": 52.680333852767944,
    "train_metrics": {
      "loss": 0.020533935396621624,
      "mse": 0.02051255665719509,
      "rmse": 0.14322205366910185,
      "r2": -0.015068650245666504
    },
    "val_metrics": {
      "loss": 0.07767997682094574,
      "mse": 0.07755094766616821,
      "rmse": 0.27847970781758624,
      "r2": -0.18289053440093994
    },
    "test_metrics": {
      "loss": 0.03734601821218218,
      "mse": 0.03753044083714485,
      "rmse": 0.19372774926980607,
      "r2": 0.049549639225006104
    },
    "language": "fi",
    "task": "complexity",
    "task_type": "regression",
    "model_type": "lm_probe",
    "is_control": true,
    "control_index": 2
  }
}