{
  "train_time": 53.2637996673584,
  "train_metrics": {
    "loss": 0.029543894679939495,
    "mse": 0.02975981868803501,
    "rmse": 0.17251034371316698,
    "r2": 0.13099610805511475
  },
  "val_metrics": {
    "loss": 0.04428949356079102,
    "mse": 0.04115225374698639,
    "rmse": 0.20286018275400028,
    "r2": 0.009682238101959229
  },
  "test_metrics": {
    "loss": 0.08260426989623479,
    "mse": 0.08281783014535904,
    "rmse": 0.28778087175029377,
    "r2": -1.0717649459838867
  },
  "language": "ko",
  "task": "single_submetric",
  "task_type": "regression",
  "model_type": "lm_probe",
  "is_control": true,
  "control_index": 1,
  "submetric": "lexical_density"
}