{
  "model_type": "Ridge",
  "training_time": 0.4824521541595459,
  "train_metrics": {
    "mse": 0.010284058117968373,
    "rmse": 0.10141034522162112,
    "mae": 0.07682003024306538,
    "r2": 0.5708333830215964
  },
  "val_metrics": {
    "mse": 0.0350079047773769,
    "rmse": 0.18710399455216584,
    "mae": 0.13845747991302962,
    "r2": -0.04319352506360108
  },
  "test_metrics": {
    "mse": 0.04220703963432714,
    "rmse": 0.20544351932910207,
    "mae": 0.15090294597311543,
    "r2": -0.07921584822898264
  },
  "per_language_metrics": {
    "train": {
      "ar": {
        "mse": 0.010576351226066363,
        "rmse": 0.1028413886821175,
        "mae": 0.08110342527445845,
        "r2": 0.45452702586942206
      },
      "en": {
        "mse": 0.010702887276064315,
        "rmse": 0.1034547595621599,
        "mae": 0.07836036250803209,
        "r2": 0.48907319052575016
      },
      "fi": {
        "mse": 0.007450552459729635,
        "rmse": 0.0863165827621184,
        "mae": 0.06473350060197047,
        "r2": 0.49171724191491883
      },
      "id": {
        "mse": 0.017119511847520637,
        "rmse": 0.1308415524499791,
        "mae": 0.10453021289090539,
        "r2": 0.4653432122816782
      },
      "ja": {
        "mse": 0.012392439019498627,
        "rmse": 0.11132133227507937,
        "mae": 0.08891198076135745,
        "r2": 0.4036728587927725
      },
      "ko": {
        "mse": 0.005673077517960368,
        "rmse": 0.07531983482430353,
        "mae": 0.05028594737910432,
        "r2": 0.4275059729124857
      },
      "ru": {
        "mse": 0.007747519938971686,
        "rmse": 0.0880199973811161,
        "mae": 0.06603025530853773,
        "r2": 0.46819387909091303
      }
    },
    "val": {
      "ar": {
        "mse": 0.056776239029153845,
        "rmse": 0.2382776511323583,
        "mae": 0.16840859142086834,
        "r2": -0.09312275962224259
      },
      "en": {
        "mse": 0.03942530054977398,
        "rmse": 0.19855805334907467,
        "mae": 0.1396654971848885,
        "r2": -0.07582962212456135
      },
      "fi": {
        "mse": 0.020516802063272603,
        "rmse": 0.14323687396502552,
        "mae": 0.11427164402173674,
        "r2": -0.11370072600822789
      },
      "id": {
        "mse": 0.030038772531142757,
        "rmse": 0.17331697127270243,
        "mae": 0.14138721301413001,
        "r2": 0.09623888317527474
      },
      "ja": {
        "mse": 0.023796981778846187,
        "rmse": 0.15426270378431134,
        "mae": 0.12969239114075476,
        "r2": -0.19099850697302645
      },
      "ko": {
        "mse": 0.051170792570279726,
        "rmse": 0.22620962086144727,
        "mae": 0.15027823297044524,
        "r2": -0.18739767501784477
      },
      "ru": {
        "mse": 0.0259361315394611,
        "rmse": 0.16104698550255792,
        "mae": 0.130958043681699,
        "r2": -0.3177536444284583
      }
    },
    "test": {
      "ar": {
        "mse": 0.08142827053448845,
        "rmse": 0.2853563921388278,
        "mae": 0.20531248360864143,
        "r2": -0.0871191555167874
      },
      "en": {
        "mse": 0.030573414605090027,
        "rmse": 0.17485255103969752,
        "mae": 0.14862894080150776,
        "r2": -0.6163967926854679
      },
      "fi": {
        "mse": 0.016910233860309303,
        "rmse": 0.13003935504419153,
        "mae": 0.10035213819059242,
        "r2": -0.22303056401904797
      },
      "id": {
        "mse": 0.035819563074867285,
        "rmse": 0.18926056925537155,
        "mae": 0.1525561836977481,
        "r2": -0.2125590917813358
      },
      "ja": {
        "mse": 0.05921194246061701,
        "rmse": 0.2433350415797466,
        "mae": 0.1826141409759931,
        "r2": 0.007484184836207941
      },
      "ko": {
        "mse": 0.07020046794837956,
        "rmse": 0.264953709067036,
        "mae": 0.18957530297948788,
        "r2": -0.6834412353963752
      },
      "ru": {
        "mse": 0.015854374689070503,
        "rmse": 0.1259141560312839,
        "mae": 0.09879339748532966,
        "r2": -0.3937322275510611
      }
    }
  },
  "feature_importances": null,
  "task": "complexity",
  "languages": [
    "all"
  ],
  "control_index": 1,
  "submetric": "n_tokens"
}