{
  "train_time": 39.76887059211731,
  "train_metrics": {
    "loss": 0.021330540248503286,
    "mse": 0.021328534930944443,
    "rmse": 0.14604292153659637,
    "r2": -0.0697859525680542
  },
  "val_metrics": {
    "loss": 0.054510478675365445,
    "mse": 0.05145544931292534,
    "rmse": 0.22683793622964687,
    "r2": -0.10611319541931152
  },
  "test_metrics": {
    "loss": 0.04795515563871179,
    "mse": 0.04778624698519707,
    "rmse": 0.2186006564152932,
    "r2": -0.20870816707611084
  },
  "language": "ru",
  "task": "complexity",
  "task_type": "regression",
  "model_type": "lm_probe",
  "is_control": true,
  "control_index": 3
}