{
  "ru": {
    "train_time": 78.42638969421387,
    "train_metrics": {
      "loss": 0.0032820344173039,
      "mse": 0.003278744872659445,
      "rmse": 0.05726032546763461,
      "r2": 0.8355463147163391
    },
    "val_metrics": {
      "loss": 0.011916481144726276,
      "mse": 0.010862929746508598,
      "rmse": 0.10422537956999052,
      "r2": 0.766484797000885
    },
    "test_metrics": {
      "loss": 0.017582249827682972,
      "mse": 0.017550017684698105,
      "rmse": 0.13247647974149263,
      "r2": 0.5560888051986694
    },
    "language": "ru",
    "task": "complexity",
    "task_type": "regression",
    "model_type": "lm_probe",
    "is_control": false,
    "control_index": null
  }
}