{
  "fi": {
    "train_time": 48.058709144592285,
    "train_metrics": {
      "loss": 0.013038205243647098,
      "mse": 0.013043205253779888,
      "rmse": 0.11420685291951568,
      "r2": 0.6739070415496826
    },
    "val_metrics": {
      "loss": 0.022351882187649608,
      "mse": 0.02260112576186657,
      "rmse": 0.1503367079653754,
      "r2": 0.3629586100578308
    },
    "test_metrics": {
      "loss": 0.04954215405242784,
      "mse": 0.04967076703906059,
      "rmse": 0.22286939457687005,
      "r2": -0.1107032299041748
    },
    "language": "fi",
    "task": "single_submetric",
    "task_type": "regression",
    "model_type": "lm_probe",
    "is_control": false,
    "control_index": null,
    "submetric": "lexical_density"
  }
}