{
  "ar": {
    "train_time": 51.66344165802002,
    "train_metrics": {
      "loss": 0.04272972940215989,
      "mse": 0.04270261898636818,
      "rmse": 0.20664612018222886,
      "r2": 0.006696820259094238
    },
    "val_metrics": {
      "loss": 0.03734984497229258,
      "mse": 0.03718886151909828,
      "rmse": 0.1928441378914544,
      "r2": -0.08164608478546143
    },
    "test_metrics": {
      "loss": 0.06900831907987595,
      "mse": 0.06877431273460388,
      "rmse": 0.2622485705101248,
      "r2": -0.185141921043396
    },
    "language": "ar",
    "task": "single_submetric",
    "task_type": "regression",
    "model_type": "lm_probe",
    "is_control": true,
    "control_index": 3,
    "submetric": "lexical_density"
  }
}