{
  "model_type": "Ridge",
  "training_time": 0.06949257850646973,
  "train_metrics": {
    "mse": 0.003835739147738287,
    "rmse": 0.0619333443932934,
    "mae": 0.044355253793668274,
    "r2": 0.8399298044834786
  },
  "val_metrics": {
    "mse": 0.017267449851224238,
    "rmse": 0.13140566902239886,
    "mae": 0.09301188443936699,
    "r2": 0.4854507290936684
  },
  "test_metrics": {
    "mse": 0.027103662020791692,
    "rmse": 0.16463189855186539,
    "mae": 0.12933839479303932,
    "r2": 0.30697102068038273
  },
  "per_language_metrics": {
    "train": {
      "ar": {
        "mse": 0.0035852545303661936,
        "rmse": 0.05987699500113707,
        "mae": 0.04464694427325301,
        "r2": 0.8150912909478575
      },
      "en": {
        "mse": 0.003565245389799522,
        "rmse": 0.059709675847382744,
        "mae": 0.04221500580064761,
        "r2": 0.8298048549874214
      },
      "fi": {
        "mse": 0.0032508586189980027,
        "rmse": 0.057016301344422565,
        "mae": 0.04045275328208877,
        "r2": 0.7782237768353458
      },
      "id": {
        "mse": 0.005127247900796469,
        "rmse": 0.07160480361537534,
        "mae": 0.05106852736292996,
        "r2": 0.8398717254971049
      },
      "ja": {
        "mse": 0.005893656899143207,
        "rmse": 0.07677015630531962,
        "mae": 0.06100854004448774,
        "r2": 0.7163958148680474
      },
      "ko": {
        "mse": 0.0017203308690455228,
        "rmse": 0.041476871495395154,
        "mae": 0.026563042559664355,
        "r2": 0.8263942024368942
      },
      "ru": {
        "mse": 0.003124516627810368,
        "rmse": 0.05589737585799863,
        "mae": 0.03919139188743592,
        "r2": 0.7855265839080474
      }
    },
    "val": {
      "ar": {
        "mse": 0.020995247325097013,
        "rmse": 0.14489736824765664,
        "mae": 0.09023399221318133,
        "r2": 0.5957748683709598
      },
      "en": {
        "mse": 0.022120561391042442,
        "rmse": 0.14872982683726368,
        "mae": 0.11671606239181832,
        "r2": 0.3963785977366562
      },
      "fi": {
        "mse": 0.010308856085163454,
        "rmse": 0.1015325370763651,
        "mae": 0.08552439826882871,
        "r2": 0.4404108169024483
      },
      "id": {
        "mse": 0.01711396907925043,
        "rmse": 0.13082036951197787,
        "mae": 0.09489558631927571,
        "r2": 0.48510080455744986
      },
      "ja": {
        "mse": 0.010846973340730504,
        "rmse": 0.10414880383725252,
        "mae": 0.08155929485086047,
        "r2": 0.4571274132978461
      },
      "ko": {
        "mse": 0.02950209500031964,
        "rmse": 0.17176173904662131,
        "mae": 0.10496296995669956,
        "r2": 0.31541574300568576
      },
      "ru": {
        "mse": 0.008245816127258613,
        "rmse": 0.09080647624073193,
        "mae": 0.07103900253088799,
        "r2": 0.5810495394639039
      }
    },
    "test": {
      "ar": {
        "mse": 0.03824944111904661,
        "rmse": 0.19557464334377964,
        "mae": 0.15218866282540597,
        "r2": 0.4893456553186236
      },
      "en": {
        "mse": 0.0268395356320768,
        "rmse": 0.16382776209201175,
        "mae": 0.14819572996693411,
        "r2": -0.41898900967488206
      },
      "fi": {
        "mse": 0.014532984932284766,
        "rmse": 0.12055283046152324,
        "mae": 0.09862073480102498,
        "r2": -0.051096330508551224
      },
      "id": {
        "mse": 0.02203068956653912,
        "rmse": 0.14842738819550494,
        "mae": 0.12836606346267912,
        "r2": 0.2542200228326431
      },
      "ja": {
        "mse": 0.034873174647553504,
        "rmse": 0.1867436067113236,
        "mae": 0.1472300135606464,
        "r2": 0.41545276300153355
      },
      "ko": {
        "mse": 0.04620460109262542,
        "rmse": 0.21495255544567368,
        "mae": 0.14972182511957374,
        "r2": -0.10800872155954777
      },
      "ru": {
        "mse": 0.011610315678362213,
        "rmse": 0.10775117483518318,
        "mae": 0.09082853365942022,
        "r2": -0.02064392007399074
      }
    }
  },
  "feature_importances": null,
  "task": "complexity",
  "languages": [
    "all"
  ],
  "control_index": null,
  "submetric": "n_tokens"
}