{
  "ko": {
    "train_time": 18.096789598464966,
    "train_metrics": {
      "loss": 0.038454991884212544,
      "mse": 0.037996113300323486,
      "rmse": 0.19492591746692764,
      "r2": -0.030353069305419922
    },
    "val_metrics": {
      "loss": 0.02759755775332451,
      "mse": 0.02705218642950058,
      "rmse": 0.16447548884104457,
      "r2": -0.10109364986419678
    },
    "test_metrics": {
      "loss": 0.03610390265073095,
      "mse": 0.036037661135196686,
      "rmse": 0.18983587947276112,
      "r2": -0.03872370719909668
    },
    "language": "ko",
    "task": "single_submetric",
    "task_type": "regression",
    "model_type": "lm_probe",
    "is_control": true,
    "control_index": 3,
    "submetric": "avg_verb_edges"
  }
}