{
  "id": {
    "train_time": 33.21603441238403,
    "train_metrics": {
      "loss": 0.03660760298371315,
      "mse": 0.03639762103557587,
      "rmse": 0.19078160560068644,
      "r2": -0.0030558109283447266
    },
    "val_metrics": {
      "loss": 0.05013862699270248,
      "mse": 0.04940491169691086,
      "rmse": 0.22227215681886667,
      "r2": -0.18167686462402344
    },
    "test_metrics": {
      "loss": 0.03922527123774801,
      "mse": 0.039154425263404846,
      "rmse": 0.1978747716698742,
      "r2": 0.03972327709197998
    },
    "language": "id",
    "task": "complexity",
    "task_type": "regression",
    "model_type": "lm_probe",
    "is_control": true,
    "control_index": 1
  }
}