{
  "ar": {
    "train_time": 36.22147011756897,
    "train_metrics": {
      "loss": 0.03247357347595786,
      "mse": 0.03142797201871872,
      "rmse": 0.1772793615137383,
      "r2": -0.023800373077392578
    },
    "val_metrics": {
      "loss": 0.0664122961461544,
      "mse": 0.06616643816232681,
      "rmse": 0.25722837744371596,
      "r2": -0.019844889640808105
    },
    "test_metrics": {
      "loss": 0.06070277467370033,
      "mse": 0.060055069625377655,
      "rmse": 0.24506135889890446,
      "r2": -0.03532266616821289
    },
    "language": "ar",
    "task": "complexity",
    "task_type": "regression",
    "model_type": "lm_probe",
    "is_control": true,
    "control_index": 1
  }
}