{
  "ko": {
    "train_time": 21.36185050010681,
    "train_metrics": {
      "loss": 0.03446231794325595,
      "mse": 0.03461873158812523,
      "rmse": 0.18606109638536808,
      "r2": -0.010886907577514648
    },
    "val_metrics": {
      "loss": 0.047239160537719725,
      "mse": 0.04442118480801582,
      "rmse": 0.2107633383869591,
      "r2": -0.06898367404937744
    },
    "test_metrics": {
      "loss": 0.10010844362633568,
      "mse": 0.10020158439874649,
      "rmse": 0.31654633846997265,
      "r2": -1.5066356658935547
    },
    "language": "ko",
    "task": "single_submetric",
    "task_type": "regression",
    "model_type": "lm_probe",
    "is_control": true,
    "control_index": 2,
    "submetric": "lexical_density"
  }
}