{
  "model_type": "XGBRegressor",
  "training_time": 173.02582907676697,
  "train_metrics": {
    "mse": 0.006760899908840656,
    "rmse": 0.08222469160076343,
    "mae": 0.06437484920024872,
    "r2": 0.764215350151062
  },
  "val_metrics": {
    "mse": 0.025757428258657455,
    "rmse": 0.16049120928779076,
    "mae": 0.12436210364103317,
    "r2": 0.5372724533081055
  },
  "test_metrics": {
    "mse": 0.022604431957006454,
    "rmse": 0.15034770353087024,
    "mae": 0.11820846796035767,
    "r2": 0.5005269050598145
  },
  "per_language_metrics": {
    "train": {
      "ar": {
        "mse": 0.00719811674207449,
        "rmse": 0.08484171581288588,
        "mae": 0.06634119898080826,
        "r2": 0.76551353931427
      },
      "en": {
        "mse": 0.007726696319878101,
        "rmse": 0.08790162865316035,
        "mae": 0.06930240243673325,
        "r2": 0.7119985222816467
      },
      "fi": {
        "mse": 0.006608877796679735,
        "rmse": 0.08129500474616959,
        "mae": 0.0658641830086708,
        "r2": 0.6729580760002136
      },
      "id": {
        "mse": 0.007937624119222164,
        "rmse": 0.0890933449771764,
        "mae": 0.0684218555688858,
        "r2": 0.7812527418136597
      },
      "ja": {
        "mse": 0.006797108333557844,
        "rmse": 0.0824445773447705,
        "mae": 0.06411215662956238,
        "r2": 0.8303493857383728
      },
      "ko": {
        "mse": 0.005429146345704794,
        "rmse": 0.07368274116578993,
        "mae": 0.05864521488547325,
        "r2": 0.7561198472976685
      },
      "ru": {
        "mse": 0.005432466976344585,
        "rmse": 0.07370527102144449,
        "mae": 0.05690107122063637,
        "r2": 0.7275210618972778
      }
    },
    "val": {
      "ar": {
        "mse": 0.026290465146303177,
        "rmse": 0.16214334752404483,
        "mae": 0.12519410252571106,
        "r2": 0.5947765111923218
      },
      "en": {
        "mse": 0.02677347883582115,
        "rmse": 0.16362603349046004,
        "mae": 0.14104345440864563,
        "r2": 0.3602699041366577
      },
      "fi": {
        "mse": 0.044539935886859894,
        "rmse": 0.21104486699955508,
        "mae": 0.1657164990901947,
        "r2": 0.32062894105911255
      },
      "id": {
        "mse": 0.018404029309749603,
        "rmse": 0.1356614510822791,
        "mae": 0.11088541895151138,
        "r2": 0.559808611869812
      },
      "ja": {
        "mse": 0.026877164840698242,
        "rmse": 0.1639425656768194,
        "mae": 0.1122552901506424,
        "r2": 0.5619579553604126
      },
      "ko": {
        "mse": 0.024806005880236626,
        "rmse": 0.15749922501471753,
        "mae": 0.11895537376403809,
        "r2": 0.47345513105392456
      },
      "ru": {
        "mse": 0.015570365823805332,
        "rmse": 0.12478127192734226,
        "mae": 0.09760557115077972,
        "r2": 0.6652913093566895
      }
    },
    "test": {
      "ar": {
        "mse": 0.042422931641340256,
        "rmse": 0.2059682782404617,
        "mae": 0.16974270343780518,
        "r2": 0.26864755153656006
      },
      "en": {
        "mse": 0.01533043384552002,
        "rmse": 0.12381612918162165,
        "mae": 0.09708363562822342,
        "r2": 0.6022058725357056
      },
      "fi": {
        "mse": 0.019428305327892303,
        "rmse": 0.1393854559410425,
        "mae": 0.10664717853069305,
        "r2": 0.5079823136329651
      },
      "id": {
        "mse": 0.019750302657485008,
        "rmse": 0.14053577002843443,
        "mae": 0.11320500820875168,
        "r2": 0.5156165361404419
      },
      "ja": {
        "mse": 0.02826082706451416,
        "rmse": 0.16810956862866003,
        "mae": 0.13175004720687866,
        "r2": 0.45713382959365845
      },
      "ko": {
        "mse": 0.015649517998099327,
        "rmse": 0.12509803355008953,
        "mae": 0.10043303668498993,
        "r2": 0.5140796303749084
      },
      "ru": {
        "mse": 0.02425984852015972,
        "rmse": 0.15575573350653812,
        "mae": 0.12627381086349487,
        "r2": 0.3863699436187744
      }
    }
  },