{
  "ko": {
    "train_time": 52.7175018787384,
    "train_metrics": {
      "loss": 0.04421236841107144,
      "mse": 0.04495584964752197,
      "rmse": 0.21202794544003387,
      "r2": -0.21908247470855713
    },
    "val_metrics": {
      "loss": 0.024651293456554414,
      "mse": 0.024407414719462395,
      "rmse": 0.1562287256539667,
      "r2": 0.006555438041687012
    },
    "test_metrics": {
      "loss": 0.03385229062821184,
      "mse": 0.03381191939115524,
      "rmse": 0.18388017672156845,
      "r2": 0.02542942762374878
    },
    "language": "ko",
    "task": "single_submetric",
    "task_type": "regression",
    "model_type": "lm_probe",
    "is_control": true,
    "control_index": 3,
    "submetric": "avg_verb_edges"
  }
}