{
  "train": {
    "ar": {
      "mse": 0.011570089337615256,
      "rmse": 0.10756434975220766,
      "mae": 0.08279172654719576,
      "r2": 0.4558664454909308
    },
    "en": {
      "mse": 0.01330143390679223,
      "rmse": 0.11533184255352999,
      "mae": 0.0838565553856789,
      "r2": 0.47326146113132417
    },
    "fi": {
      "mse": 0.015464451354243963,
      "rmse": 0.12435614723142545,
      "mae": 0.09497749268300419,
      "r2": 0.5012668541683761
    },
    "id": {
      "mse": 0.01451797608042809,
      "rmse": 0.12049056427964842,
      "mae": 0.08773123726868139,
      "r2": 0.4949131030423639
    },
    "ja": {
      "mse": 0.010826561399779293,
      "rmse": 0.10405076357134191,
      "mae": 0.08094613930877832,
      "r2": 0.36652683635346983
    },
    "ko": {
      "mse": 0.015664326119747107,
      "rmse": 0.12515720562455487,
      "mae": 0.09288774706475825,
      "r2": 0.4636872081207558
    },
    "ru": {
      "mse": 0.01121995202829044,
      "rmse": 0.1059242749717478,
      "mae": 0.08027614068986448,
      "r2": 0.4738469259811119
    }
  },
  "val": {
    "ar": {
      "mse": 0.04474989907241549,
      "rmse": 0.21154171946076145,
      "mae": 0.15569572608099336,
      "r2": -0.18903017504039465
    },
    "en": {
      "mse": 0.04079773230508641,
      "rmse": 0.2019844853078731,
      "mae": 0.14602751471522668,
      "r2": -0.149832670532408
    },
    "fi": {
      "mse": 0.04972472145979026,
      "rmse": 0.22299040665416586,
      "mae": 0.17393630973791033,
      "r2": -0.08857345936745498
    },
    "id": {
      "mse": 0.04473303603276862,
      "rmse": 0.21150185822533243,
      "mae": 0.15713107332424683,
      "r2": -0.09804561956914304
    },
    "ja": {
      "mse": 0.03255882881709774,
      "rmse": 0.18044065178639138,
      "mae": 0.11964487811687068,
      "r2": -0.11541166207022346
    },
    "ko": {
      "mse": 0.03944877635444383,
      "rmse": 0.19861716027182505,
      "mae": 0.16111597388249616,
      "r2": -0.1774882978485781
    },
    "ru": {
      "mse": 0.04042399039711321,
      "rmse": 0.20105718190881222,
      "mae": 0.1628377707444484,
      "r2": -0.1221647806565831
    }
  },
  "test": {
    "ar": {
      "mse": 0.05448425764762421,
      "rmse": 0.23341863174910485,
      "mae": 0.17642936193631117,
      "r2": -0.10470110523355203
    },
    "en": {
      "mse": 0.03186853911378062,
      "rmse": 0.17851761569598845,
      "mae": 0.13012508434129674,
      "r2": -0.1273424307166282
    },
    "fi": {
      "mse": 0.03307655421688979,
      "rmse": 0.18186960773281993,
      "mae": 0.14431611135402028,
      "r2": -0.08472244688137098
    },
    "id": {
      "mse": 0.036492073624679405,
      "rmse": 0.191028986346783,
      "mae": 0.15037725020579829,
      "r2": -0.13272456417317002
    },
    "ja": {
      "mse": 0.0865865015525258,
      "rmse": 0.2942558437015751,
      "mae": 0.21606250647482791,
      "r2": -0.27915535222501586
    },
    "ko": {
      "mse": 0.04003613233921929,
      "rmse": 0.2000903104581011,
      "mae": 0.15606110916506405,
      "r2": -0.1466756455603646
    },
    "ru": {
      "mse": 0.02596764476327219,
      "rmse": 0.1611447944032701,
      "mae": 0.12584136674859206,
      "r2": -0.06460607256487805
    }
  }
}