{
  "ko": {
    "train_time": 38.518439531326294,
    "train_metrics": {
      "loss": 0.018824625512624673,
      "mse": 0.01891261525452137,
      "rmse": 0.13752314443220592,
      "r2": 0.44774073362350464
    },
    "val_metrics": {
      "loss": 0.03887356743216515,
      "mse": 0.03553646802902222,
      "rmse": 0.1885111880738706,
      "r2": 0.14482462406158447
    },
    "test_metrics": {
      "loss": 0.06768276861735753,
      "mse": 0.06791538745164871,
      "rmse": 0.2606058085531647,
      "r2": -0.6989665031433105
    },
    "language": "ko",
    "task": "single_submetric",
    "task_type": "regression",
    "model_type": "lm_probe",
    "is_control": false,
    "control_index": null,
    "submetric": "lexical_density"
  }
}