{
  "train_time": 20.357100009918213,
  "train_metrics": {
    "loss": 0.6931858150164286,
    "accuracy": 0.499581589958159,
    "f1": 0.0
  },
  "val_metrics": {
    "loss": 0.6927643418312073,
    "accuracy": 0.5238095238095238,
    "f1": 0.0
  },
  "test_metrics": {
    "loss": 0.6931659153529576,
    "accuracy": 0.5,
    "f1": 0.0
  },
  "language": "fi",
  "task": "question_type",
  "task_type": "classification",
  "model_type": "lm_probe",
  "is_control": true,
  "control_index": 1
}