{
  "fi": {
    "train_time": 30.5420081615448,
    "train_metrics": {
      "loss": 0.021685352077086766,
      "mse": 0.02171833999454975,
      "rmse": 0.14737143547699383,
      "r2": 0.457020103931427
    },
    "val_metrics": {
      "loss": 0.02314489195123315,
      "mse": 0.02333684451878071,
      "rmse": 0.15276401578506865,
      "r2": 0.3422214984893799
    },
    "test_metrics": {
      "loss": 0.04369423724710941,
      "mse": 0.04397711902856827,
      "rmse": 0.20970722216597185,
      "r2": 0.016614139080047607
    },
    "language": "fi",
    "task": "single_submetric",
    "task_type": "regression",
    "model_type": "lm_probe",
    "is_control": false,
    "control_index": null,
    "submetric": "lexical_density"
  }
}