{
  "id": {
    "train_time": 66.7217583656311,
    "train_metrics": {
      "loss": 0.03608884798983733,
      "mse": 0.035924822092056274,
      "rmse": 0.18953844489194344,
      "r2": 0.009973704814910889
    },
    "val_metrics": {
      "loss": 0.058286914974451064,
      "mse": 0.057052984833717346,
      "rmse": 0.23885766647465462,
      "r2": -0.3646049499511719
    },
    "test_metrics": {
      "loss": 0.04144534042903355,
      "mse": 0.04139579087495804,
      "rmse": 0.203459555870345,
      "r2": -0.015246987342834473
    },
    "language": "id",
    "task": "complexity",
    "task_type": "regression",
    "model_type": "lm_probe",
    "is_control": true,
    "control_index": 2
  }
}