{
  "train_time": 64.33607912063599,
  "train_metrics": {
    "loss": 0.020482629059503477,
    "mse": 0.020329948514699936,
    "rmse": 0.14258312843636142,
    "r2": 0.029503345489501953
  },
  "val_metrics": {
    "loss": 0.03602808341383934,
    "mse": 0.03799096494913101,
    "rmse": 0.1949127111019982,
    "r2": -0.0366896390914917
  },
  "test_metrics": {
    "loss": 0.028158112029944147,
    "mse": 0.028215883299708366,
    "rmse": 0.16797584141687866,
    "r2": -0.4917558431625366
  },
  "language": "en",
  "task": "single_submetric",
  "task_type": "regression",
  "model_type": "lm_probe",
  "is_control": true,
  "control_index": 3,
  "submetric": "n_tokens"
}