{
  "train_time": 80.38111805915833,
  "train_metrics": {
    "loss": 0.04788640191157659,
    "mse": 0.047919612377882004,
    "rmse": 0.21890548731788795,
    "r2": 0.07538831233978271
  },
  "val_metrics": {
    "loss": 0.05400339663028717,
    "mse": 0.0519888736307621,
    "rmse": 0.22801068753626902,
    "r2": -0.06812894344329834
  },
  "test_metrics": {
    "loss": 0.048557894570486884,
    "mse": 0.048138730227947235,
    "rmse": 0.21940540154687904,
    "r2": -0.17620086669921875
  },
  "language": "ru",
  "task": "single_submetric",
  "task_type": "regression",
  "model_type": "lm_probe",
  "is_control": true,
  "control_index": 1,
  "submetric": "avg_verb_edges"
}