{
  "ja": {
    "train_time": 61.399686098098755,
    "train_metrics": {
      "loss": 0.004785465265934666,
      "mse": 0.004812748171389103,
      "rmse": 0.06937397329971164,
      "r2": 0.7184011936187744
    },
    "val_metrics": {
      "loss": 0.016136093996465206,
      "mse": 0.01595313847064972,
      "rmse": 0.12630573411626933,
      "r2": 0.45347195863723755
    },
    "test_metrics": {
      "loss": 0.03519332533081373,
      "mse": 0.03521984443068504,
      "rmse": 0.18766950852678504,
      "r2": 0.4796919822692871
    },
    "language": "ja",
    "task": "single_submetric",
    "task_type": "regression",
    "model_type": "lm_probe",
    "is_control": false,
    "control_index": null,
    "submetric": "avg_max_depth"
  }
}