{
  "train_time": 65.06105494499207,
  "train_metrics": {
    "loss": 0.10078809248904387,
    "mse": 0.10083148628473282,
    "rmse": 0.3175397396936844,
    "r2": -0.02349543571472168
  },
  "val_metrics": {
    "loss": 0.06135642156004906,
    "mse": 0.06451572477817535,
    "rmse": 0.25399945822417686,
    "r2": -0.07016754150390625
  },
  "test_metrics": {
    "loss": 0.07516704712595258,
    "mse": 0.07476101815700531,
    "rmse": 0.273424611469058,
    "r2": -0.1705167293548584
  },
  "language": "id",
  "task": "single_submetric",
  "task_type": "regression",
  "model_type": "lm_probe",
  "is_control": true,
  "control_index": 1,
  "submetric": "avg_verb_edges"
}