{
  "train_time": 45.78332042694092,
  "train_metrics": {
    "loss": 0.6930884877840678,
    "accuracy": 0.4995801847187238,
    "f1": 0.0
  },
  "val_metrics": {
    "loss": 0.6929164131482443,
    "accuracy": 0.4782608695652174,
    "f1": 0.0
  },
  "test_metrics": {
    "loss": 0.6934770941734314,
    "accuracy": 0.40217391304347827,
    "f1": 0.0
  },
  "language": "ja",
  "task": "question_type",
  "task_type": "classification",
  "model_type": "lm_probe",
  "is_control": true,
  "control_index": 3
}