{
  "ja": {
    "train_time": 52.45325064659119,
    "train_metrics": {
      "loss": 0.03975009880959988,
      "mse": 0.03966514766216278,
      "rmse": 0.19916110981354462,
      "r2": 0.00998842716217041
    },
    "val_metrics": {
      "loss": 0.06251080458362897,
      "mse": 0.06263469159603119,
      "rmse": 0.250269238213631,
      "r2": -0.020815491676330566
    },
    "test_metrics": {
      "loss": 0.05771921295672655,
      "mse": 0.058230210095644,
      "rmse": 0.24130936595093858,
      "r2": -0.11855220794677734
    },
    "language": "ja",
    "task": "complexity",
    "task_type": "regression",
    "model_type": "lm_probe",
    "is_control": true,
    "control_index": 3
  }
}