{
  "train_time": 66.58474850654602,
  "train_metrics": {
    "loss": 0.6930942988395691,
    "accuracy": 0.4995801847187238,
    "f1": 0.0
  },
  "val_metrics": {
    "loss": 0.69329967101415,
    "accuracy": 0.4782608695652174,
    "f1": 0.0
  },
  "test_metrics": {
    "loss": 0.6935178935527802,
    "accuracy": 0.40217391304347827,
    "f1": 0.0
  },
  "language": "ja",
  "task": "question_type",
  "task_type": "classification",
  "model_type": "lm_probe",
  "is_control": true,
  "control_index": 2
}