{
  "ru": {
    "train_time": 49.31229043006897,
    "train_metrics": {
      "loss": 0.04098377486690879,
      "accuracy": 0.990787269681742,
      "f1": 0.9908713692946058
    },
    "val_metrics": {
      "loss": 0.18347320668399333,
      "accuracy": 0.9444444444444444,
      "f1": 0.9428571428571428
    },
    "test_metrics": {
      "loss": 0.023147821160299436,
      "accuracy": 0.990909090909091,
      "f1": 0.990990990990991
    },
    "language": "ru",
    "task": "question_type",
    "task_type": "classification",
    "model_type": "lm_probe",
    "is_control": false,
    "control_index": null
  }
}