{
  "id": {
    "train_time": 17.271343231201172,
    "train_metrics": {
      "loss": 0.6923302402098973,
      "accuracy": 0.5209643605870021,
      "f1": 0.0
    },
    "val_metrics": {
      "loss": 0.6935135126113892,
      "accuracy": 0.5,
      "f1": 0.0
    },
    "test_metrics": {
      "loss": 0.6936147042683193,
      "accuracy": 0.5,
      "f1": 0.0
    },
    "language": "id",
    "task": "question_type",
    "task_type": "classification",
    "model_type": "lm_probe",
    "is_control": true,
    "control_index": 3
  }
}