{
  "ko": {
    "train_time": 34.322930335998535,
    "train_metrics": {
      "loss": 0.022575501134579488,
      "mse": 0.02277432382106781,
      "rmse": 0.15091164243048913,
      "r2": -0.02303457260131836
    },
    "val_metrics": {
      "loss": 0.04984905384480953,
      "mse": 0.05212800204753876,
      "rmse": 0.22831557556929566,
      "r2": -0.10649549961090088
    },
    "test_metrics": {
      "loss": 0.03415212274662086,
      "mse": 0.034226853400468826,
      "rmse": 0.18500500912264195,
      "r2": -0.06274998188018799
    },
    "language": "ko",
    "task": "complexity",
    "task_type": "regression",
    "model_type": "lm_probe",
    "is_control": true,
    "control_index": 2
  }
}