{
  "train_time": 17.871783018112183,
  "train_metrics": {
    "loss": 0.6910263680397196,
    "accuracy": 0.5385656292286874,
    "f1": 0.0
  },
  "val_metrics": {
    "loss": 0.6936344027519226,
    "accuracy": 0.5,
    "f1": 0.0
  },
  "test_metrics": {
    "loss": 0.6935704691069466,
    "accuracy": 0.5,
    "f1": 0.0
  },
  "language": "ko",
  "task": "question_type",
  "task_type": "classification",
  "model_type": "lm_probe",
  "is_control": true,
  "control_index": 1
}