{
  "train_time": 38.11513805389404,
  "train_metrics": {
    "loss": 0.02158018865404611,
    "mse": 0.021863477304577827,
    "rmse": 0.1478630356261423,
    "r2": -0.0026537179946899414
  },
  "val_metrics": {
    "loss": 0.018611834850162268,
    "mse": 0.019859129562973976,
    "rmse": 0.14092242391817555,
    "r2": 0.013265550136566162
  },
  "test_metrics": {
    "loss": 0.02522775317941393,
    "mse": 0.02537938766181469,
    "rmse": 0.1593090947241076,
    "r2": -0.10288262367248535
  },
  "language": "ko",
  "task": "single_submetric",
  "task_type": "regression",
  "model_type": "lm_probe",
  "is_control": true,
  "control_index": 3,
  "submetric": "avg_links_len"
}