{
  "train_time": 64.25941681861877,
  "train_metrics": {
    "loss": 0.012161385733634233,
    "mse": 0.012168125249445438,
    "rmse": 0.11030922558628285,
    "r2": 0.6962929368019104
  },
  "val_metrics": {
    "loss": 0.015213956435521444,
    "mse": 0.015124274417757988,
    "rmse": 0.12298078881580646,
    "r2": 0.7535057067871094
  },
  "test_metrics": {
    "loss": 0.04636181518435478,
    "mse": 0.04621346667408943,
    "rmse": 0.21497317663859702,
    "r2": -0.19914710521697998
  },
  "train_language": "ja",
  "eval_language": "en",
  "task": "complexity",
  "task_type": "regression",
  "model_type": "lm_probe"
}