{
  "ar": {
    "train_time": 26.598976850509644,
    "train_metrics": {
      "loss": 0.017454104350199773,
      "mse": 0.017655538395047188,
      "rmse": 0.13287414494568606,
      "r2": -0.004795551300048828
    },
    "val_metrics": {
      "loss": 0.065792977809906,
      "mse": 0.061734639108181,
      "rmse": 0.24846456308331175,
      "r2": -0.10234355926513672
    },
    "test_metrics": {
      "loss": 0.07506163716316223,
      "mse": 0.07483730465173721,
      "rmse": 0.2735640777802108,
      "r2": -0.35503947734832764
    },
    "language": "ar",
    "task": "single_submetric",
    "task_type": "regression",
    "model_type": "lm_probe",
    "is_control": true,
    "control_index": 1,
    "submetric": "avg_subordinate_chain_len"
  }
}