{
  "en": {
    "train_time": 41.16903591156006,
    "train_metrics": {
      "loss": 0.021461225524544717,
      "mse": 0.02132849022746086,
      "rmse": 0.14604276848738817,
      "r2": -0.018164396286010742
    },
    "val_metrics": {
      "loss": 0.03440042231231928,
      "mse": 0.03655920922756195,
      "rmse": 0.1912046265851377,
      "r2": 0.0023798346519470215
    },
    "test_metrics": {
      "loss": 0.02543003990181855,
      "mse": 0.025508347898721695,
      "rmse": 0.15971333037264515,
      "r2": -0.34861016273498535
    },
    "language": "en",
    "task": "single_submetric",
    "task_type": "regression",
    "model_type": "lm_probe",
    "is_control": true,
    "control_index": 3,
    "submetric": "n_tokens"
  }
}