{
  "train_time": 78.9666395187378,
  "train_metrics": {
    "loss": 0.009928066876406471,
    "mse": 0.009989292360842228,
    "rmse": 0.09994644746484103,
    "r2": -0.07391929626464844
  },
  "val_metrics": {
    "loss": 0.018646802753210068,
    "mse": 0.01908262073993683,
    "rmse": 0.13813985934529116,
    "r2": -0.0703883171081543
  },
  "test_metrics": {
    "loss": 0.09733819589018822,
    "mse": 0.09668320417404175,
    "rmse": 0.31093922906902843,
    "r2": -1.273878812789917
  },
  "language": "ja",
  "task": "single_submetric",
  "task_type": "regression",
  "model_type": "lm_probe",
  "is_control": true,
  "control_index": 2,
  "submetric": "avg_links_len"
}