{
  "en": {
    "train_time": 49.15217685699463,
    "train_metrics": {
      "loss": 0.006149441196272771,
      "mse": 0.00609689811244607,
      "rmse": 0.07808263643375568,
      "r2": 0.7767519950866699
    },
    "val_metrics": {
      "loss": 0.015025663562119007,
      "mse": 0.015878301113843918,
      "rmse": 0.1260091310732834,
      "r2": 0.3914416432380676
    },
    "test_metrics": {
      "loss": 0.018702122515865734,
      "mse": 0.018713219091296196,
      "rmse": 0.13679626855764815,
      "r2": 0.34597504138946533
    },
    "language": "en",
    "task": "single_submetric",
    "task_type": "regression",
    "model_type": "lm_probe",
    "is_control": false,
    "control_index": null,
    "submetric": "lexical_density"
  }
}