{
  "train_time": 55.752021074295044,
  "train_metrics": {
    "loss": 0.01827382993263503,
    "mse": 0.018200647085905075,
    "rmse": 0.13490977387092853,
    "r2": 0.003632187843322754
  },
  "val_metrics": {
    "loss": 0.0486855186522007,
    "mse": 0.04488589987158775,
    "rmse": 0.21186292708161036,
    "r2": -0.21636486053466797
  },
  "test_metrics": {
    "loss": 0.03455955535173416,
    "mse": 0.03439170494675636,
    "rmse": 0.18545000659680863,
    "r2": -0.5491197109222412
  },
  "language": "id",
  "task": "single_submetric",
  "task_type": "regression",
  "model_type": "lm_probe",
  "is_control": true,
  "control_index": 2,
  "submetric": "avg_links_len"
}