{
  "ru": {
    "train_time": 55.4352080821991,
    "train_metrics": {
      "loss": 0.015308862986663977,
      "mse": 0.015322200022637844,
      "rmse": 0.12378287451274447,
      "r2": 0.2314767837524414
    },
    "val_metrics": {
      "loss": 0.024336296133697033,
      "mse": 0.02160707488656044,
      "rmse": 0.14699345184925905,
      "r2": 0.5355230569839478
    },
    "test_metrics": {
      "loss": 0.025116800729717528,
      "mse": 0.024898845702409744,
      "rmse": 0.15779368080632933,
      "r2": 0.37020713090896606
    },
    "language": "ru",
    "task": "complexity",
    "task_type": "regression",
    "model_type": "lm_probe",
    "is_control": false,
    "control_index": null
  }
}