{
  "train_time": 80.09858775138855,
  "train_metrics": {
    "loss": 0.01295127452351153,
    "mse": 0.013000629842281342,
    "rmse": 0.11402030451757854,
    "r2": 0.1076093316078186
  },
  "val_metrics": {
    "loss": 0.02054364513605833,
    "mse": 0.019851189106702805,
    "rmse": 0.14089424795463726,
    "r2": -0.00859212875366211
  },
  "test_metrics": {
    "loss": 0.01204790933323758,
    "mse": 0.012175162322819233,
    "rmse": 0.11034111800602363,
    "r2": -0.07029879093170166
  },
  "language": "ru",
  "task": "single_submetric",
  "task_type": "regression",
  "model_type": "lm_probe",
  "is_control": true,
  "control_index": 2,
  "submetric": "n_tokens"
}