{
  "id": {
    "train_time": 65.98807549476624,
    "train_metrics": {
      "loss": 0.07611492052674293,
      "accuracy": 0.9874213836477987,
      "f1": 0.9868995633187773
    },
    "val_metrics": {
      "loss": 0.3570680171251297,
      "accuracy": 0.8611111111111112,
      "f1": 0.84375
    },
    "test_metrics": {
      "loss": 0.5157017239502498,
      "accuracy": 0.7454545454545455,
      "f1": 0.7083333333333334
    },
    "language": "id",
    "task": "question_type",
    "task_type": "classification",
    "model_type": "lm_probe",
    "is_control": false,
    "control_index": null
  }
}