{
  "fi": {
    "train_time": 40.84425210952759,
    "train_metrics": {
      "loss": 0.040719554622968036,
      "mse": 0.04063385725021362,
      "rmse": 0.2015784146435665,
      "r2": -0.015886425971984863
    },
    "val_metrics": {
      "loss": 0.03114019427448511,
      "mse": 0.031222499907016754,
      "rmse": 0.1766988961680767,
      "r2": 0.11995428800582886
    },
    "test_metrics": {
      "loss": 0.0449103939213923,
      "mse": 0.04522658511996269,
      "rmse": 0.21266543000676602,
      "r2": -0.011325597763061523
    },
    "language": "fi",
    "task": "single_submetric",
    "task_type": "regression",
    "model_type": "lm_probe",
    "is_control": true,
    "control_index": 3,
    "submetric": "lexical_density"
  }
}