{
  "ru": {
    "train_time": 56.71305966377258,
    "train_metrics": {
      "loss": 0.03159871498743693,
      "mse": 0.03165107220411301,
      "rmse": 0.17790748214764046,
      "r2": 0.05062037706375122
    },
    "val_metrics": {
      "loss": 0.02868129834532738,
      "mse": 0.028951117768883705,
      "rmse": 0.1701502799553492,
      "r2": 0.029947876930236816
    },
    "test_metrics": {
      "loss": 0.01765393266188247,
      "mse": 0.0175419170409441,
      "rmse": 0.13244590231843376,
      "r2": -0.04136943817138672
    },
    "language": "ru",
    "task": "single_submetric",
    "task_type": "regression",
    "model_type": "lm_probe",
    "is_control": true,
    "control_index": 2,
    "submetric": "avg_links_len"
  }
}