{
  "fi": {
    "train_time": 61.57282376289368,
    "train_metrics": {
      "loss": 0.010074066631495952,
      "mse": 0.010074973106384277,
      "rmse": 0.10037416553269211,
      "r2": 0.6750791072845459
    },
    "val_metrics": {
      "loss": 0.013579355669207871,
      "mse": 0.013691808097064495,
      "rmse": 0.11701199979944149,
      "r2": 0.7002589702606201
    },
    "test_metrics": {
      "loss": 0.01424550577732069,
      "mse": 0.014373461715877056,
      "rmse": 0.11988937282293646,
      "r2": 0.528632402420044
    },
    "language": "fi",
    "task": "single_submetric",
    "task_type": "regression",
    "model_type": "lm_probe",
    "is_control": false,
    "control_index": null,
    "submetric": "avg_max_depth"
  }
}