{
  "train_time": 31.676515102386475,
  "train_metrics": {
    "loss": 0.02786615860958894,
    "mse": 0.027922067791223526,
    "rmse": 0.16709897603283966,
    "r2": -0.04075479507446289
  },
  "val_metrics": {
    "loss": 0.042813848704099655,
    "mse": 0.04315030202269554,
    "rmse": 0.20772650775164817,
    "r2": -0.03104078769683838
  },
  "test_metrics": {
    "loss": 0.04003283168588366,
    "mse": 0.04005728289484978,
    "rmse": 0.20014315600302143,
    "r2": -0.039406418800354004
  },
  "language": "en",
  "task": "complexity",
  "task_type": "regression",
  "model_type": "lm_probe",
  "is_control": true,
  "control_index": 1
}