{
  "train_time": 56.498804569244385,
  "train_metrics": {
    "loss": 0.015308862986663977,
    "mse": 0.015322200022637844,
    "rmse": 0.12378287451274447,
    "r2": 0.2314767837524414
  },
  "val_metrics": {
    "loss": 0.024336296133697033,
    "mse": 0.02160707488656044,
    "rmse": 0.14699345184925905,
    "r2": 0.5355230569839478
  },
  "test_metrics": {
    "loss": 0.0682308554649353,
    "mse": 0.06770738959312439,
    "rmse": 0.26020643649441955,
    "r2": -0.1672452688217163
  }
}