{
  "ru": {
    "train_time": 35.64330434799194,
    "train_metrics": {
      "loss": 0.013997026120002072,
      "mse": 0.014054492115974426,
      "rmse": 0.1185516432445136,
      "r2": -0.02966296672821045
    },
    "val_metrics": {
      "loss": 0.055073356814682485,
      "mse": 0.05985299125313759,
      "rmse": 0.24464870989469287,
      "r2": -0.10068392753601074
    },
    "test_metrics": {
      "loss": 0.04929071239062718,
      "mse": 0.04896131157875061,
      "rmse": 0.22127203071954352,
      "r2": -0.2964092493057251
    },
    "language": "ru",
    "task": "single_submetric",
    "task_type": "regression",
    "model_type": "lm_probe",
    "is_control": true,
    "control_index": 2,
    "submetric": "avg_subordinate_chain_len"
  }
}