{
  "id": {
    "train_time": 47.85780310630798,
    "train_metrics": {
      "loss": 0.03519704990709822,
      "mse": 0.03505145385861397,
      "rmse": 0.18722033505635538,
      "r2": 0.03404223918914795
    },
    "val_metrics": {
      "loss": 0.05952572748064995,
      "mse": 0.05827534198760986,
      "rmse": 0.24140286242629738,
      "r2": -0.3938415050506592
    },
    "test_metrics": {
      "loss": 0.04690316958086831,
      "mse": 0.04690583050251007,
      "rmse": 0.21657753923828313,
      "r2": -0.15038275718688965
    },
    "language": "id",
    "task": "complexity",
    "task_type": "regression",
    "model_type": "lm_probe",
    "is_control": true,
    "control_index": 3
  }
}