{
  "train_time": 53.804402589797974,
  "train_metrics": {
    "loss": 0.012472003605216742,
    "mse": 0.012503978796303272,
    "rmse": 0.11182119117726869,
    "r2": 0.0029439330101013184
  },
  "val_metrics": {
    "loss": 0.013589853700250388,
    "mse": 0.013087618164718151,
    "rmse": 0.11440112833673517,
    "r2": 0.017101168632507324
  },
  "test_metrics": {
    "loss": 0.009293575704629933,
    "mse": 0.00919541995972395,
    "rmse": 0.09589275238371224,
    "r2": 0.011364400386810303
  },
  "language": "en",
  "task": "single_submetric",
  "task_type": "regression",
  "model_type": "lm_probe",
  "is_control": true,
  "control_index": 2,
  "submetric": "avg_links_len"
}