{
  "ar": {
    "train_time": 42.74384570121765,
    "train_metrics": {
      "loss": 0.001412927538954786,
      "accuracy": 1.0,
      "f1": 1.0
    },
    "val_metrics": {
      "loss": 0.001541729938859741,
      "accuracy": 1.0,
      "f1": 1.0
    },
    "test_metrics": {
      "loss": 0.10112783266231418,
      "accuracy": 0.974025974025974,
      "f1": 0.9545454545454546
    },
    "language": "ar",
    "task": "question_type",
    "task_type": "classification",
    "model_type": "lm_probe",
    "is_control": false,
    "control_index": null
  }
}