{
  "ko": {
    "train_time": 42.59920835494995,
    "train_metrics": {
      "loss": 0.019115104616812848,
      "mse": 0.019443092867732048,
      "rmse": 0.13943849134199657,
      "r2": 0.10834455490112305
    },
    "val_metrics": {
      "loss": 0.020362800266593695,
      "mse": 0.02185426652431488,
      "rmse": 0.14783188602028616,
      "r2": -0.08586621284484863
    },
    "test_metrics": {
      "loss": 0.024866339484495775,
      "mse": 0.024979986250400543,
      "rmse": 0.15805058130358313,
      "r2": -0.0855262279510498
    },
    "language": "ko",
    "task": "single_submetric",
    "task_type": "regression",
    "model_type": "lm_probe",
    "is_control": true,
    "control_index": 2,
    "submetric": "avg_links_len"
  }
}