{
  "ja": {
    "train_time": 79.56823515892029,
    "train_metrics": {
      "loss": 0.017136011868715287,
      "mse": 0.01707460917532444,
      "rmse": 0.13066984799610215,
      "r2": 0.0009471774101257324
    },
    "val_metrics": {
      "loss": 0.030058485455811024,
      "mse": 0.02929265797138214,
      "rmse": 0.17115098004797444,
      "r2": -0.0035178661346435547
    },
    "test_metrics": {
      "loss": 0.08146298242112,
      "mse": 0.08274299651384354,
      "rmse": 0.28765082394083896,
      "r2": -0.22237467765808105
    },
    "language": "ja",
    "task": "single_submetric",
    "task_type": "regression",
    "model_type": "lm_probe",
    "is_control": true,
    "control_index": 2,
    "submetric": "avg_max_depth"
  }
}