{
  "ar": {
    "train_time": 52.50534677505493,
    "train_metrics": {
      "loss": 0.00446279563061941,
      "mse": 0.004518331494182348,
      "rmse": 0.06721853534689928,
      "r2": 0.7428569197654724
    },
    "val_metrics": {
      "loss": 0.03497058463593324,
      "mse": 0.03379818797111511,
      "rmse": 0.18384283497355863,
      "r2": 0.39649415016174316
    },
    "test_metrics": {
      "loss": 0.046199954114854336,
      "mse": 0.0474700890481472,
      "rmse": 0.21787631594128629,
      "r2": 0.1404842734336853
    },
    "language": "ar",
    "task": "single_submetric",
    "task_type": "regression",
    "model_type": "lm_probe",
    "is_control": false,
    "control_index": null,
    "submetric": "avg_subordinate_chain_len"
  }
}