{
  "train_time": 55.69911861419678,
  "train_metrics": {
    "loss": 0.01023263253390472,
    "mse": 0.010265916585922241,
    "rmse": 0.10132085957946785,
    "r2": 0.5388495922088623
  },
  "val_metrics": {
    "loss": 0.014486748538911343,
    "mse": 0.014588968828320503,
    "rmse": 0.12078480379716855,
    "r2": 0.6903271675109863
  },
  "test_metrics": {
    "loss": 0.03152435911553247,
    "mse": 0.03167237341403961,
    "rmse": 0.17796733805403622,
    "r2": 0.19790393114089966
  }
}