{
  "fi": {
    "train_time": 77.3677077293396,
    "train_metrics": {
      "loss": 0.0024118682470483086,
      "mse": 0.00241539953276515,
      "rmse": 0.04914671436388347,
      "r2": 0.9464850425720215
    },
    "val_metrics": {
      "loss": 0.03597791166976094,
      "mse": 0.03612478822469711,
      "rmse": 0.19006522097610892,
      "r2": 0.41178232431411743
    },
    "test_metrics": {
      "loss": 0.04352786325450454,
      "mse": 0.04371093586087227,
      "rmse": 0.20907160462595648,
      "r2": 0.38227975368499756
    },
    "language": "fi",
    "task": "single_submetric",
    "task_type": "regression",
    "model_type": "lm_probe",
    "is_control": false,
    "control_index": null,
    "submetric": "avg_verb_edges"
  }
}