{
  "ja": {
    "train_time": 67.1277072429657,
    "train_metrics": {
      "loss": 0.06428476860125859,
      "mse": 0.0644521415233612,
      "rmse": 0.25387426321579193,
      "r2": 0.0004659295082092285
    },
    "val_metrics": {
      "loss": 0.05834816644589106,
      "mse": 0.05816609784960747,
      "rmse": 0.2411764869335472,
      "r2": 0.0013835430145263672
    },
    "test_metrics": {
      "loss": 0.09076759157081445,
      "mse": 0.09247910231351852,
      "rmse": 0.3041037689893345,
      "r2": -0.256793737411499
    },
    "language": "ja",
    "task": "single_submetric",
    "task_type": "regression",
    "model_type": "lm_probe",
    "is_control": true,
    "control_index": 1,
    "submetric": "avg_subordinate_chain_len"
  }
}