{
  "en": {
    "train_time": 61.48680114746094,
    "train_metrics": {
      "loss": 0.004941843572693567,
      "mse": 0.004933247342705727,
      "rmse": 0.07023707954282928,
      "r2": 0.606627345085144
    },
    "val_metrics": {
      "loss": 0.008926866576075554,
      "mse": 0.009360520169138908,
      "rmse": 0.09674978123561266,
      "r2": 0.2970115542411804
    },
    "test_metrics": {
      "loss": 0.00876158635531153,
      "mse": 0.008677255362272263,
      "rmse": 0.09315178668319928,
      "r2": 0.06707429885864258
    },
    "language": "en",
    "task": "single_submetric",
    "task_type": "regression",
    "model_type": "lm_probe",
    "is_control": false,
    "control_index": null,
    "submetric": "avg_links_len"
  }
}