{
  "ja": {
    "train_time": 47.95262932777405,
    "train_metrics": {
      "loss": 0.052901636933286984,
      "mse": 0.05308712273836136,
      "rmse": 0.23040642946402637,
      "r2": -0.32501375675201416
    },
    "val_metrics": {
      "loss": 0.07554748406012853,
      "mse": 0.07433567941188812,
      "rmse": 0.27264570308715325,
      "r2": -0.211517333984375
    },
    "test_metrics": {
      "loss": 0.05827913495401541,
      "mse": 0.05878118798136711,
      "rmse": 0.24244832022797583,
      "r2": -0.1291360855102539
    },
    "language": "ja",
    "task": "complexity",
    "task_type": "regression",
    "model_type": "lm_probe",
    "is_control": true,
    "control_index": 1
  }
}