{
  "id": {
    "train_time": 35.123045206069946,
    "train_metrics": {
      "loss": 0.009526713731853912,
      "mse": 0.009534263983368874,
      "rmse": 0.09764355576979401,
      "r2": 0.7022368907928467
    },
    "val_metrics": {
      "loss": 0.028910358622670173,
      "mse": 0.028423825278878212,
      "rmse": 0.168593669154207,
      "r2": 0.1448269486427307
    },
    "test_metrics": {
      "loss": 0.05854871017592294,
      "mse": 0.05844179913401604,
      "rmse": 0.24174738702624282,
      "r2": -0.9783639907836914
    },
    "language": "id",
    "task": "single_submetric",
    "task_type": "regression",
    "model_type": "lm_probe",
    "is_control": false,
    "control_index": null,
    "submetric": "n_tokens"
  }
}