{
  "ru": {
    "train_time": 40.45508122444153,
    "train_metrics": {
      "loss": 0.013594780135899782,
      "mse": 0.013550486415624619,
      "rmse": 0.11640655658348725,
      "r2": 0.007261395454406738
    },
    "val_metrics": {
      "loss": 0.05703850388526917,
      "mse": 0.06160552054643631,
      "rmse": 0.24820459412838497,
      "r2": -0.13291263580322266
    },
    "test_metrics": {
      "loss": 0.05159314029983112,
      "mse": 0.051302891224622726,
      "rmse": 0.22650141550247038,
      "r2": -0.358410120010376
    },
    "language": "ru",
    "task": "single_submetric",
    "task_type": "regression",
    "model_type": "lm_probe",
    "is_control": true,
    "control_index": 2,
    "submetric": "avg_subordinate_chain_len"
  }
}