{
  "ru": {
    "train_time": 73.04666996002197,
    "train_metrics": {
      "loss": 0.6269869001706442,
      "accuracy": 0.6515912897822446,
      "f1": 0.713103448275862
    },
    "val_metrics": {
      "loss": 0.6917264819145202,
      "accuracy": 0.5416666666666666,
      "f1": 0.6024096385542169
    },
    "test_metrics": {
      "loss": 0.6864649397986275,
      "accuracy": 0.5363636363636364,
      "f1": 0.5486725663716814
    },
    "language": "ru",
    "task": "question_type",
    "task_type": "classification",
    "model_type": "lm_probe",
    "is_control": true,
    "control_index": 2
  }
}