{
  "fi": {
    "train_time": 48.75045967102051,
    "train_metrics": {
      "loss": 0.002994021781099339,
      "mse": 0.0029922013636678457,
      "rmse": 0.054701017939960184,
      "r2": 0.7958695888519287
    },
    "val_metrics": {
      "loss": 0.0082705746171996,
      "mse": 0.008230883628129959,
      "rmse": 0.0907242174291405,
      "r2": 0.5532081127166748
    },
    "test_metrics": {
      "loss": 0.014538699494940894,
      "mse": 0.01447588112205267,
      "rmse": 0.12031575591772123,
      "r2": -0.0469660758972168
    },
    "language": "fi",
    "task": "single_submetric",
    "task_type": "regression",
    "model_type": "lm_probe",
    "is_control": false,
    "control_index": null,
    "submetric": "n_tokens"
  }
}