{
  "ko": {
    "train_time": 33.20434331893921,
    "train_metrics": {
      "loss": 0.02747236293284817,
      "mse": 0.02790914662182331,
      "rmse": 0.1670603083375082,
      "r2": 0.565811276435852
    },
    "val_metrics": {
      "loss": 0.03840510966256261,
      "mse": 0.04222671687602997,
      "rmse": 0.20549140341150518,
      "r2": 0.3560248017311096
    },
    "test_metrics": {
      "loss": 0.07718923634716443,
      "mse": 0.07691294699907303,
      "rmse": 0.27733183553114316,
      "r2": -0.5221127271652222
    },
    "language": "ko",
    "task": "single_submetric",
    "task_type": "regression",
    "model_type": "lm_probe",
    "is_control": false,
    "control_index": null,
    "submetric": "avg_subordinate_chain_len"
  }
}