{
  "ar": {
    "train_time": 58.79960799217224,
    "train_metrics": {
      "loss": 0.02149175491095299,
      "mse": 0.02168451063334942,
      "rmse": 0.1472566149052375,
      "r2": -0.02846229076385498
    },
    "val_metrics": {
      "loss": 0.05289550560216109,
      "mse": 0.05057079717516899,
      "rmse": 0.22487951702004563,
      "r2": -0.03027045726776123
    },
    "test_metrics": {
      "loss": 0.06012961752712727,
      "mse": 0.05815572291612625,
      "rmse": 0.24115497696735652,
      "r2": -0.2556551694869995
    },
    "language": "ar",
    "task": "single_submetric",
    "task_type": "regression",
    "model_type": "lm_probe",
    "is_control": true,
    "control_index": 1,
    "submetric": "avg_links_len"
  }
}