{
  "train_time": 56.66817307472229,
  "train_metrics": {
    "loss": 0.015308862986663977,
    "mse": 0.015322200022637844,
    "rmse": 0.12378287451274447,
    "r2": 0.2314767837524414
  },
  "val_metrics": {
    "loss": 0.024336296133697033,
    "mse": 0.02160707488656044,
    "rmse": 0.14699345184925905,
    "r2": 0.5355230569839478
  },
  "test_metrics": {
    "loss": 0.02037170928503786,
    "mse": 0.02050488255918026,
    "rmse": 0.1431952602538934,
    "r2": 0.46793925762176514
  },
  "train_language": "ru",
  "eval_language": "en",
  "task": "complexity",
  "task_type": "regression",
  "model_type": "lm_probe"
}