{
  "en": {
    "train_time": 53.90797233581543,
    "train_metrics": {
      "loss": 0.015567741487175227,
      "mse": 0.01558095682412386,
      "rmse": 0.12482370297392983,
      "r2": 0.237493634223938
    },
    "val_metrics": {
      "loss": 0.025230490788817405,
      "mse": 0.025921247899532318,
      "rmse": 0.16100076987248327,
      "r2": 0.4634801149368286
    },
    "test_metrics": {
      "loss": 0.025809742776410922,
      "mse": 0.02595175802707672,
      "rmse": 0.16109549350331537,
      "r2": -0.06106114387512207
    },
    "language": "en",
    "task": "single_submetric",
    "task_type": "regression",
    "model_type": "lm_probe",
    "is_control": false,
    "control_index": null,
    "submetric": "avg_subordinate_chain_len"
  }
}