{
  "model_type": "XGBRegressor",
  "training_time": 161.98502850532532,
  "train_metrics": {
    "mse": 0.04154473915696144,
    "rmse": 0.20382526623792607,
    "mae": 0.17616252601146698,
    "r2": 0.32171326875686646
  },
  "val_metrics": {
    "mse": 0.05357370898127556,
    "rmse": 0.23145995113901574,
    "mae": 0.19188499450683594,
    "r2": 0.024424970149993896
  },
  "test_metrics": {
    "mse": 0.0735052078962326,
    "rmse": 0.271118438871709,
    "mae": 0.22311760485172272,
    "r2": -0.16296744346618652
  },
  "per_language_metrics": {
    "train": {
      "ar": {
        "mse": 0.034993331879377365,
        "rmse": 0.18706504718780942,
        "mae": 0.17126694321632385,
        "r2": 0.1426621675491333
      },
      "en": {
        "mse": 0.04547370225191116,
        "rmse": 0.21324563829516224,
        "mae": 0.19052134454250336,
        "r2": 0.17308521270751953
      },
      "fi": {
        "mse": 0.03640154376626015,
        "rmse": 0.19079188600739852,
        "mae": 0.17194950580596924,
        "r2": 0.19349700212478638
      },
      "id": {
        "mse": 0.061102259904146194,
        "rmse": 0.24718871314068164,
        "mae": 0.2109679877758026,
        "r2": 0.3797781467437744
      },
      "ja": {
        "mse": 0.04350699856877327,
        "rmse": 0.20858331325581456,
        "mae": 0.18355801701545715,
        "r2": 0.33029747009277344
      },
      "ko": {
        "mse": 0.027797698974609375,
        "rmse": 0.16672641954594172,
        "mae": 0.13288681209087372,
        "r2": 0.2462007999420166
      },
      "ru": {
        "mse": 0.03915412724018097,
        "rmse": 0.19787401860825735,
        "mae": 0.16172225773334503,
        "r2": 0.24451899528503418
      }
    },
    "val": {
      "ar": {
        "mse": 0.06548962742090225,
        "rmse": 0.25590941252893035,
        "mae": 0.22148919105529785,
        "r2": -0.13728749752044678
      },
      "en": {
        "mse": 0.0489022471010685,
        "rmse": 0.22113852468773618,
        "mae": 0.19061440229415894,
        "r2": 0.04395204782485962
      },
      "fi": {
        "mse": 0.05367663875222206,
        "rmse": 0.2316821934293226,
        "mae": 0.18894332647323608,
        "r2": 0.12598669528961182
      },
      "id": {
        "mse": 0.05771244317293167,
        "rmse": 0.2402341423963956,
        "mae": 0.20641881227493286,
        "r2": 0.04268324375152588
      },
      "ja": {
        "mse": 0.09129262715578079,
        "rmse": 0.30214669807194783,
        "mae": 0.2644105851650238,
        "r2": -0.06125223636627197
      },
      "ko": {
        "mse": 0.02859676629304886,
        "rmse": 0.16910578432758844,
        "mae": 0.13538996875286102,
        "r2": -0.16396188735961914
      },
      "ru": {
        "mse": 0.04761314392089844,
        "rmse": 0.2182043627448783,
        "mae": 0.1732635200023651,
        "r2": 0.021771907806396484
      }
    },
    "test": {
      "ar": {
        "mse": 0.12290715426206589,
        "rmse": 0.3505811664394793,
        "mae": 0.3157062530517578,
        "r2": -0.7807495594024658
      },
      "en": {
        "mse": 0.06671945750713348,
        "rmse": 0.2583010985403149,
        "mae": 0.22050325572490692,
        "r2": -0.12163472175598145
      },
      "fi": {
        "mse": 0.0822582095861435,
        "rmse": 0.2868069203944415,
        "mae": 0.24993257224559784,
        "r2": -0.16246795654296875
      },
      "id": {
        "mse": 0.0700950175523758,
        "rmse": 0.2647546365077971,
        "mae": 0.2150520533323288,
        "r2": -0.09746229648590088
      },
      "ja": {
        "mse": 0.10809548944234848,
        "rmse": 0.3287787849639153,
        "mae": 0.2755855917930603,
        "r2": -0.13157200813293457
      },
      "ko": {
        "mse": 0.03920422121882439,
        "rmse": 0.19800055863260685,
        "mae": 0.15466837584972382,
        "r2": -0.12999439239501953
      },
      "ru": {
        "mse": 0.04573773592710495,
        "rmse": 0.21386382566274492,
        "mae": 0.1667373776435852,
        "r2": -0.11753594875335693
      }
    }
  },