{
  "ar": {
    "train_time": 33.962045192718506,
    "train_metrics": {
      "loss": 0.030911522178304573,
      "mse": 0.031169189140200615,
      "rmse": 0.17654797971146716,
      "r2": -0.01537024974822998
    },
    "val_metrics": {
      "loss": 0.06214046850800514,
      "mse": 0.0619489923119545,
      "rmse": 0.24889554498213604,
      "r2": 0.045159995555877686
    },
    "test_metrics": {
      "loss": 0.05440153032541275,
      "mse": 0.05391095578670502,
      "rmse": 0.23218732908301654,
      "r2": 0.07059913873672485
    },
    "language": "ar",
    "task": "complexity",
    "task_type": "regression",
    "model_type": "lm_probe",
    "is_control": true,
    "control_index": 1
  }
}