{
  "ja": {
    "train_time": 51.30871391296387,
    "train_metrics": {
      "loss": 0.009561569063613813,
      "mse": 0.009602456353604794,
      "rmse": 0.09799212393659397,
      "r2": -0.03233158588409424
    },
    "val_metrics": {
      "loss": 0.018690478056669235,
      "mse": 0.019110387191176414,
      "rmse": 0.13824032404178027,
      "r2": -0.07194578647613525
    },
    "test_metrics": {
      "loss": 0.09997246724863847,
      "mse": 0.09905390441417694,
      "rmse": 0.31472830253121015,
      "r2": -1.3296351432800293
    },
    "language": "ja",
    "task": "single_submetric",
    "task_type": "regression",
    "model_type": "lm_probe",
    "is_control": true,
    "control_index": 1,
    "submetric": "avg_links_len"
  }
}