{
  "ko": {
    "train_time": 18.18058180809021,
    "train_metrics": {
      "loss": 0.6919643130708248,
      "accuracy": 0.5385656292286874,
      "f1": 0.0
    },
    "val_metrics": {
      "loss": 0.6934679865837097,
      "accuracy": 0.5,
      "f1": 0.0
    },
    "test_metrics": {
      "loss": 0.6934082337788173,
      "accuracy": 0.5,
      "f1": 0.0
    },
    "language": "ko",
    "task": "question_type",
    "task_type": "classification",
    "model_type": "lm_probe",
    "is_control": true,
    "control_index": 2
  }
}