{
  "ru": {
    "train_time": 59.336034059524536,
    "train_metrics": {
      "loss": 0.00842616871620218,
      "mse": 0.008415987715125084,
      "rmse": 0.09173869257366318,
      "r2": 0.6433684825897217
    },
    "val_metrics": {
      "loss": 0.024210789799690248,
      "mse": 0.02148783765733242,
      "rmse": 0.1465873038749687,
      "r2": 0.5105252265930176
    },
    "test_metrics": {
      "loss": 0.029762418741094216,
      "mse": 0.02956380322575569,
      "rmse": 0.1719412784230584,
      "r2": 0.26458030939102173
    },
    "language": "ru",
    "task": "single_submetric",
    "task_type": "regression",
    "model_type": "lm_probe",
    "is_control": false,
    "control_index": null,
    "submetric": "lexical_density"
  }
}