{
  "model_type": "Ridge",
  "training_time": 0.05751919746398926,
  "train_metrics": {
    "mse": 0.009001748079396668,
    "rmse": 0.09487754254509688,
    "mae": 0.07128484992049426,
    "r2": 0.5162473162821468
  },
  "val_metrics": {
    "mse": 0.02734994285381034,
    "rmse": 0.16537818131123083,
    "mae": 0.1220649936873229,
    "r2": -0.04544726811843702
  },
  "test_metrics": {
    "mse": 0.03769851918856617,
    "rmse": 0.1941610650685821,
    "mae": 0.1401143510335144,
    "r2": -0.36475140304585985
  },
  "per_language_metrics": {
    "train": {
      "ar": {
        "mse": 0.011291457404903617,
        "rmse": 0.1062612695430636,
        "mae": 0.0814392385060594,
        "r2": 0.4644638881966665
      },
      "en": {
        "mse": 0.006398113053424679,
        "rmse": 0.07998820571449693,
        "mae": 0.06032392798897412,
        "r2": 0.4898201922466876
      },
      "fi": {
        "mse": 0.003809922976917308,
        "rmse": 0.06172457352560087,
        "mae": 0.04712230765281275,
        "r2": 0.49576601214046434
      },
      "id": {
        "mse": 0.009055054579679075,
        "rmse": 0.09515805052479309,
        "mae": 0.07237269902994466,
        "r2": 0.504294273825296
      },
      "ja": {
        "mse": 0.005476146666452926,
        "rmse": 0.07400099098291134,
        "mae": 0.057688253579533236,
        "r2": 0.41127571873226576
      },
      "ko": {
        "mse": 0.011587322958046431,
        "rmse": 0.10764442836508739,
        "mae": 0.08170066692446276,
        "r2": 0.4686082363927503
      },
      "ru": {
        "mse": 0.016762971040675086,
        "rmse": 0.1294718928597056,
        "mae": 0.10419480782279764,
        "r2": 0.49719166849165597
      }
    },
    "val": {
      "ar": {
        "mse": 0.05157805270740259,
        "rmse": 0.22710801990991553,
        "mae": 0.16274063639098849,
        "r2": -0.05079118787586889
      },
      "en": {
        "mse": 0.01409162631326182,
        "rmse": 0.11870815605198246,
        "mae": 0.08799701331338533,
        "r2": -0.05830127677697172
      },
      "fi": {
        "mse": 0.01757313024375971,
        "rmse": 0.1325636837288392,
        "mae": 0.09786470015829223,
        "r2": -0.02175187120707789
      },
      "id": {
        "mse": 0.04176860709366738,
        "rmse": 0.2043736947204003,
        "mae": 0.15495723739892606,
        "r2": -0.13188917555706015
      },
      "ja": {
        "mse": 0.021251990855659403,
        "rmse": 0.1457806257897784,
        "mae": 0.10992737513438641,
        "r2": -0.19207329977255738
      },
      "ko": {
        "mse": 0.019101509554974885,
        "rmse": 0.13820821088117335,
        "mae": 0.10755754035458898,
        "r2": 0.050909252529496296
      },
      "ru": {
        "mse": 0.03208258613097719,
        "rmse": 0.17911612470957824,
        "mae": 0.14182069294354022,
        "r2": -0.07497681744720275
      }
    },
    "test": {
      "ar": {
        "mse": 0.06097471239236377,
        "rmse": 0.24693058213263858,
        "mae": 0.17012922600138494,
        "r2": -0.316520548303737
      },
      "en": {
        "mse": 0.01059966923349251,
        "rmse": 0.10295469505317624,
        "mae": 0.07423179633896927,
        "r2": -0.13961187845570855
      },
      "fi": {
        "mse": 0.02222708324947524,
        "rmse": 0.14908750198952037,
        "mae": 0.11253419078538474,
        "r2": -0.22555688641441818
      },
      "id": {
        "mse": 0.03533160971894323,
        "rmse": 0.18796704423633212,
        "mae": 0.1527047661472006,
        "r2": -0.5914560689632771
      },
      "ja": {
        "mse": 0.10696371871403458,
        "rmse": 0.3270530824102329,
        "mae": 0.26202597455084164,
        "r2": -1.5156648047033232
      },
      "ko": {
        "mse": 0.026422260719732228,
        "rmse": 0.1625492562878472,
        "mae": 0.12082593980639682,
        "r2": -0.14820167875717405
      },
      "ru": {
        "mse": 0.019687743629955737,
        "rmse": 0.14031302017259745,
        "mae": 0.11730220085216479,
        "r2": -0.16875556771345113
      }
    }
  },
  "feature_importances": null,
  "task": "complexity",
  "languages": [
    "all"
  ],
  "control_index": 2,
  "submetric": "avg_links_len"
}