{
  "fi": {
    "train_time": 31.949623346328735,
    "train_metrics": {
      "loss": 0.6934917585055034,
      "accuracy": 0.499581589958159,
      "f1": 0.0
    },
    "val_metrics": {
      "loss": 0.6921622902154922,
      "accuracy": 0.5238095238095238,
      "f1": 0.0
    },
    "test_metrics": {
      "loss": 0.6932876110076904,
      "accuracy": 0.5,
      "f1": 0.0
    },
    "language": "fi",
    "task": "question_type",
    "task_type": "classification",
    "model_type": "lm_probe",
    "is_control": true,
    "control_index": 1
  }
}