{
  "ko": {
    "train_time": 43.44392251968384,
    "train_metrics": {
      "loss": 0.019320475450280976,
      "mse": 0.019628005102276802,
      "rmse": 0.14009998252061562,
      "r2": 0.09986448287963867
    },
    "val_metrics": {
      "loss": 0.01974910944700241,
      "mse": 0.020768025889992714,
      "rmse": 0.14411115810371075,
      "r2": -0.03189444541931152
    },
    "test_metrics": {
      "loss": 0.024394976773432324,
      "mse": 0.024496454745531082,
      "rmse": 0.15651343311527954,
      "r2": -0.06451404094696045
    },
    "language": "ko",
    "task": "single_submetric",
    "task_type": "regression",
    "model_type": "lm_probe",
    "is_control": true,
    "control_index": 1,
    "submetric": "avg_links_len"
  }
}