{
  "train_time": 41.07507848739624,
  "train_metrics": {
    "loss": 0.02058282400170962,
    "mse": 0.020685072988271713,
    "rmse": 0.14382306139236403,
    "r2": 0.004629313945770264
  },
  "val_metrics": {
    "loss": 0.020770287762085598,
    "mse": 0.020762482658028603,
    "rmse": 0.14409192433314438,
    "r2": -0.03912699222564697
  },
  "test_metrics": {
    "loss": 0.06324177669982116,
    "mse": 0.06306900829076767,
    "rmse": 0.2511354381419868,
    "r2": -0.05716824531555176
  },
  "language": "ja",
  "task": "single_submetric",
  "task_type": "regression",
  "model_type": "lm_probe",
  "is_control": true,
  "control_index": 2,
  "submetric": "n_tokens"
}