{
  "ar": {
    "train_time": 55.2611243724823,
    "train_metrics": {
      "loss": 0.017428542993637542,
      "mse": 0.0176236629486084,
      "rmse": 0.13275414475114666,
      "r2": -0.0029816627502441406
    },
    "val_metrics": {
      "loss": 0.06597905109326045,
      "mse": 0.06201940402388573,
      "rmse": 0.2490369531292208,
      "r2": -0.10742831230163574
    },
    "test_metrics": {
      "loss": 0.07448555380105973,
      "mse": 0.07427888363599777,
      "rmse": 0.2725415264432152,
      "r2": -0.3449283838272095
    },
    "language": "ar",
    "task": "single_submetric",
    "task_type": "regression",
    "model_type": "lm_probe",
    "is_control": true,
    "control_index": 1,
    "submetric": "avg_subordinate_chain_len"
  }
}