{
  "ko": {
    "train_time": 33.22059178352356,
    "train_metrics": {
      "loss": 0.010808200184057684,
      "mse": 0.010464563965797424,
      "rmse": 0.10229645138418744,
      "r2": -0.0560230016708374
    },
    "val_metrics": {
      "loss": 0.04473906848579645,
      "mse": 0.0490381084382534,
      "rmse": 0.22144549766986324,
      "r2": -0.1379096508026123
    },
    "test_metrics": {
      "loss": 0.07063212032829012,
      "mse": 0.07007571309804916,
      "rmse": 0.2647181767428319,
      "r2": -0.6804497241973877
    },
    "language": "ko",
    "task": "single_submetric",
    "task_type": "regression",
    "model_type": "lm_probe",
    "is_control": true,
    "control_index": 2,
    "submetric": "n_tokens"
  }
}