{
  "train": {
    "ar": {
      "mse": 0.034601207822561264,
      "rmse": 0.186013998996208,
      "mae": 0.1690567433834076,
      "r2": 0.15226924419403076
    },
    "en": {
      "mse": 0.04494405910372734,
      "rmse": 0.21200013939553752,
      "mae": 0.18939822912216187,
      "r2": 0.18271636962890625
    },
    "fi": {
      "mse": 0.03527471795678139,
      "rmse": 0.18781564886020916,
      "mae": 0.16921164095401764,
      "r2": 0.21846270561218262
    },
    "id": {
      "mse": 0.06325508654117584,
      "rmse": 0.251505639183649,
      "mae": 0.21423174440860748,
      "r2": 0.3579258322715759
    },
    "ja": {
      "mse": 0.045343752950429916,
      "rmse": 0.2129407263780931,
      "mae": 0.187131866812706,
      "r2": 0.30202430486679077
    },
    "ko": {
      "mse": 0.02647007256746292,
      "rmse": 0.16269625861544243,
      "mae": 0.1294310837984085,
      "r2": 0.2822023630142212
    },
    "ru": {
      "mse": 0.038642194122076035,
      "rmse": 0.19657617892836363,
      "mae": 0.1605648398399353,
      "r2": 0.2543967366218567
    }
  },
  "val": {
    "ar": {
      "mse": 0.06585893779993057,
      "rmse": 0.25662996278675365,
      "mae": 0.21964667737483978,
      "r2": -0.14370083808898926
    },
    "en": {
      "mse": 0.05521566793322563,
      "rmse": 0.23498014369989995,
      "mae": 0.20070181787014008,
      "r2": -0.07947647571563721
    },
    "fi": {
      "mse": 0.0678032785654068,
      "rmse": 0.26039062687701875,
      "mae": 0.22410818934440613,
      "r2": -0.10403645038604736
    },
    "id": {
      "mse": 0.061944589018821716,
      "rmse": 0.2488866991601233,
      "mae": 0.2041134238243103,
      "r2": -0.027518391609191895
    },
    "ja": {
      "mse": 0.08948964625597,
      "rmse": 0.29914820115783747,
      "mae": 0.2635950744152069,
      "r2": -0.040293097496032715
    },
    "ko": {
      "mse": 0.028485417366027832,
      "rmse": 0.16877623460081054,
      "mae": 0.13544316589832306,
      "r2": -0.15942978858947754
    },
    "ru": {
      "mse": 0.050999823957681656,
      "rmse": 0.22583140604814392,
      "mae": 0.18646833300590515,
      "r2": -0.04780852794647217
    }
  },
  "test": {
    "ar": {
      "mse": 0.1239289864897728,
      "rmse": 0.35203549038381454,
      "mae": 0.31917765736579895,
      "r2": -0.7955543994903564
    },
    "en": {
      "mse": 0.06407951563596725,
      "rmse": 0.25313932060422234,
      "mae": 0.21352797746658325,
      "r2": -0.07725405693054199
    },
    "fi": {
      "mse": 0.08906152099370956,
      "rmse": 0.2984317694108815,
      "mae": 0.2623269557952881,
      "r2": -0.25861191749572754
    },
    "id": {
      "mse": 0.07479291409254074,
      "rmse": 0.27348293199492496,
      "mae": 0.22593112289905548,
      "r2": -0.17101609706878662
    },
    "ja": {
      "mse": 0.11219906806945801,
      "rmse": 0.33496129338993486,
      "mae": 0.2868206202983856,
      "r2": -0.17452943325042725
    },
    "ko": {
      "mse": 0.035503629595041275,
      "rmse": 0.1884240685131315,
      "mae": 0.14166870713233948,
      "r2": -0.023331165313720703
    },
    "ru": {
      "mse": 0.05130281299352646,
      "rmse": 0.22650124280790704,
      "mae": 0.1797528862953186,
      "r2": -0.2535107135772705
    }
  }
}