{
  "ru": {
    "train_time": 81.07637548446655,
    "train_metrics": {
      "loss": 0.004027442222383494,
      "mse": 0.004042447544634342,
      "rmse": 0.06358024492430288,
      "r2": 0.7225178480148315
    },
    "val_metrics": {
      "loss": 0.006567277386784554,
      "mse": 0.006495583336800337,
      "rmse": 0.08059518184606532,
      "r2": 0.6699747443199158
    },
    "test_metrics": {
      "loss": 0.012364880447941167,
      "mse": 0.012308483012020588,
      "rmse": 0.11094360284406031,
      "r2": -0.08201873302459717
    },
    "language": "ru",
    "task": "single_submetric",
    "task_type": "regression",
    "model_type": "lm_probe",
    "is_control": false,
    "control_index": null,
    "submetric": "n_tokens"
  }
}