{
  "train_time": 80.940603017807,
  "train_metrics": {
    "loss": 0.012938549118116498,
    "mse": 0.012983945198357105,
    "rmse": 0.11394711579657076,
    "r2": 0.06773269176483154
  },
  "val_metrics": {
    "loss": 0.05489981034770608,
    "mse": 0.05487239733338356,
    "rmse": 0.23424858021636666,
    "r2": -0.12739133834838867
  },
  "test_metrics": {
    "loss": 0.0513562626604523,
    "mse": 0.05139663815498352,
    "rmse": 0.22670826662251098,
    "r2": -0.15774798393249512
  },
  "language": "fi",
  "task": "single_submetric",
  "task_type": "regression",
  "model_type": "lm_probe",
  "is_control": true,
  "control_index": 2,
  "submetric": "avg_subordinate_chain_len"
}