{
  "id": {
    "train_time": 58.940975189208984,
    "train_metrics": {
      "loss": 0.029153062185893457,
      "mse": 0.029267484322190285,
      "rmse": 0.17107742201176135,
      "r2": -0.018229007720947266
    },
    "val_metrics": {
      "loss": 0.04573293924331665,
      "mse": 0.04370887205004692,
      "rmse": 0.2090666689122083,
      "r2": -0.07290589809417725
    },
    "test_metrics": {
      "loss": 0.03836083571825709,
      "mse": 0.03840535879135132,
      "rmse": 0.19597285217945704,
      "r2": -0.19211351871490479
    },
    "language": "id",
    "task": "single_submetric",
    "task_type": "regression",
    "model_type": "lm_probe",
    "is_control": true,
    "control_index": 1,
    "submetric": "avg_max_depth"
  }
}