{
  "fi": {
    "train_time": 63.50661253929138,
    "train_metrics": {
      "loss": 0.006707581301064541,
      "mse": 0.006732862442731857,
      "rmse": 0.08205402149030758,
      "r2": 0.5165700912475586
    },
    "val_metrics": {
      "loss": 0.02754336758516729,
      "mse": 0.027507781982421875,
      "rmse": 0.16585470141790337,
      "r2": 0.4348335862159729
    },
    "test_metrics": {
      "loss": 0.025235145751919066,
      "mse": 0.02523045241832733,
      "rmse": 0.15884096580645476,
      "r2": 0.43166500329971313
    },
    "language": "fi",
    "task": "single_submetric",
    "task_type": "regression",
    "model_type": "lm_probe",
    "is_control": false,
    "control_index": null,
    "submetric": "avg_subordinate_chain_len"
  }
}