{
  "train_time": 66.31157302856445,
  "train_metrics": {
    "loss": 0.07611492052674293,
    "accuracy": 0.9874213836477987,
    "f1": 0.9868995633187773
  },
  "val_metrics": {
    "loss": 0.3570680171251297,
    "accuracy": 0.8611111111111112,
    "f1": 0.84375
  },
  "test_metrics": {
    "loss": 0.7284641776766095,
    "accuracy": 0.7090909090909091,
    "f1": 0.6444444444444445
  },
  "train_language": "id",
  "eval_language": "en",
  "task": "question_type",
  "task_type": "classification",
  "model_type": "lm_probe"
}