{
  "train_time": 45.401987075805664,
  "train_metrics": {
    "loss": 0.021531179044691342,
    "mse": 0.021596359089016914,
    "rmse": 0.14695699741426713,
    "r2": -0.02428138256072998
  },
  "val_metrics": {
    "loss": 0.05305982194840908,
    "mse": 0.050721630454063416,
    "rmse": 0.2252146319715116,
    "r2": -0.03334331512451172
  },
  "test_metrics": {
    "loss": 0.06062888875603676,
    "mse": 0.05868745595216751,
    "rmse": 0.24225493999538483,
    "r2": -0.26713597774505615
  },
  "language": "ar",
  "task": "single_submetric",
  "task_type": "regression",
  "model_type": "lm_probe",
  "is_control": true,
  "control_index": 3,
  "submetric": "avg_links_len"
}