{
  "ru": {
    "train_time": 82.19695162773132,
    "train_metrics": {
      "loss": 0.01332476168560485,
      "mse": 0.013384513556957245,
      "rmse": 0.11569145844424836,
      "r2": 0.019421041011810303
    },
    "val_metrics": {
      "loss": 0.05898330006748438,
      "mse": 0.06407749652862549,
      "rmse": 0.25313533243825426,
      "r2": -0.17837166786193848
    },
    "test_metrics": {
      "loss": 0.05350338082228388,
      "mse": 0.05318574979901314,
      "rmse": 0.23062035859614202,
      "r2": -0.4082648754119873
    },
    "language": "ru",
    "task": "single_submetric",
    "task_type": "regression",
    "model_type": "lm_probe",
    "is_control": true,
    "control_index": 3,
    "submetric": "avg_subordinate_chain_len"
  }
}