{
  "train_time": 40.71894550323486,
  "train_metrics": {
    "loss": 0.02399754585077365,
    "mse": 0.023953117430210114,
    "rmse": 0.15476794703752492,
    "r2": -0.1232675313949585
  },
  "val_metrics": {
    "loss": 0.036438919603824615,
    "mse": 0.03364994749426842,
    "rmse": 0.1834392201637055,
    "r2": 0.06588172912597656
  },
  "test_metrics": {
    "loss": 0.02324887817459447,
    "mse": 0.023296011611819267,
    "rmse": 0.15263031026575052,
    "r2": 0.04492390155792236
  },
  "language": "ru",
  "task": "single_submetric",
  "task_type": "regression",
  "model_type": "lm_probe",
  "is_control": true,
  "control_index": 2,
  "submetric": "avg_max_depth"
}