{
  "train_time": 57.0195095539093,
  "train_metrics": {
    "loss": 0.016092608341326316,
    "mse": 0.01609233021736145,
    "rmse": 0.12685554862662277,
    "r2": 0.20366722345352173
  },
  "val_metrics": {
    "loss": 0.052649449557065964,
    "mse": 0.05263611674308777,
    "rmse": 0.22942562355388244,
    "r2": 0.19713729619979858
  },
  "test_metrics": {
    "loss": 0.09215009744678225,
    "mse": 0.09235896170139313,
    "rmse": 0.30390617252927443,
    "r2": -1.3361330032348633
  },
  "train_language": "fi",
  "eval_language": "ru",
  "task": "complexity",
  "task_type": "regression",
  "model_type": "lm_probe"
}