{
  "ja": {
    "train_time": 43.59260630607605,
    "train_metrics": {
      "loss": 0.014599857870489358,
      "mse": 0.0146256722509861,
      "rmse": 0.12093664560829401,
      "r2": 0.4383368492126465
    },
    "val_metrics": {
      "loss": 0.021928831314047176,
      "mse": 0.021634215489029884,
      "rmse": 0.1470857419637603,
      "r2": 0.19870471954345703
    },
    "test_metrics": {
      "loss": 0.0637509220590194,
      "mse": 0.06455602496862411,
      "rmse": 0.2540787770921139,
      "r2": -0.23197603225708008
    },
    "language": "ja",
    "task": "single_submetric",
    "task_type": "regression",
    "model_type": "lm_probe",
    "is_control": false,
    "control_index": null,
    "submetric": "lexical_density"
  }
}