{
  "fi": {
    "train_time": 32.103015661239624,
    "train_metrics": {
      "loss": 0.021573661901056765,
      "mse": 0.021599970757961273,
      "rmse": 0.14696928508352103,
      "r2": -0.06887972354888916
    },
    "val_metrics": {
      "loss": 0.08142713084816933,
      "mse": 0.08136805146932602,
      "rmse": 0.2852508570878027,
      "r2": -0.2411130666732788
    },
    "test_metrics": {
      "loss": 0.04336345674736159,
      "mse": 0.04358154535293579,
      "rmse": 0.20876193463592876,
      "r2": -0.10369336605072021
    },
    "language": "fi",
    "task": "complexity",
    "task_type": "regression",
    "model_type": "lm_probe",
    "is_control": true,
    "control_index": 3
  }
}