{
  "fi": {
    "train_time": 81.65907835960388,
    "train_metrics": {
      "loss": 0.04142701124151548,
      "mse": 0.04141582176089287,
      "rmse": 0.20350877563607145,
      "r2": -0.035436391830444336
    },
    "val_metrics": {
      "loss": 0.035649940837174654,
      "mse": 0.03575228527188301,
      "rmse": 0.18908274715553244,
      "r2": -0.007723450660705566
    },
    "test_metrics": {
      "loss": 0.0477273410984448,
      "mse": 0.04801379516720772,
      "rmse": 0.2191205037581096,
      "r2": -0.07365131378173828
    },
    "language": "fi",
    "task": "single_submetric",
    "task_type": "regression",
    "model_type": "lm_probe",
    "is_control": true,
    "control_index": 1,
    "submetric": "lexical_density"
  }
}