{
  "en": {
    "train_time": 32.10042667388916,
    "train_metrics": {
      "loss": 0.6915296260515849,
      "accuracy": 0.537751677852349,
      "f1": 0.6575512740832815
    },
    "val_metrics": {
      "loss": 0.6951784610748291,
      "accuracy": 0.5,
      "f1": 0.6170212765957447
    },
    "test_metrics": {
      "loss": 0.6934349366596767,
      "accuracy": 0.509090909090909,
      "f1": 0.5846153846153846
    },
    "language": "en",
    "task": "question_type",
    "task_type": "classification",
    "model_type": "lm_probe",
    "is_control": true,
    "control_index": 2
  }
}