{
  "train_time": 68.99782752990723,
  "train_metrics": {
    "loss": 0.0077451741773753415,
    "mse": 0.007818627171218395,
    "rmse": 0.08842300136965718,
    "r2": 0.7452996969223022
  },
  "val_metrics": {
    "loss": 0.027995642895499866,
    "mse": 0.02759411372244358,
    "rmse": 0.1661147607000762,
    "r2": 0.5746829509735107
  },
  "test_metrics": {
    "loss": 0.026889401088867868,
    "mse": 0.026861516758799553,
    "rmse": 0.16389483444818984,
    "r2": 0.32056325674057007
  },
  "train_language": "ar",
  "eval_language": "ru",
  "task": "complexity",
  "task_type": "regression",
  "model_type": "lm_probe"
}