{
  "ko": {
    "train_time": 30.391599655151367,
    "train_metrics": {
      "loss": 0.011282836840032263,
      "mse": 0.01112534012645483,
      "rmse": 0.1054767278903495,
      "r2": 0.4897947311401367
    },
    "val_metrics": {
      "loss": 0.010560939367860556,
      "mse": 0.010481299832463264,
      "rmse": 0.10237821952184588,
      "r2": 0.47921890020370483
    },
    "test_metrics": {
      "loss": 0.018411267149661268,
      "mse": 0.018557187169790268,
      "rmse": 0.1362247670939109,
      "r2": 0.19358187913894653
    },
    "language": "ko",
    "task": "single_submetric",
    "task_type": "regression",
    "model_type": "lm_probe",
    "is_control": false,
    "control_index": null,
    "submetric": "avg_links_len"
  }
}