{
  "model_type": "XGBRegressor",
  "training_time": 161.032151222229,
  "train_metrics": {
    "mse": 0.017056826502084732,
    "rmse": 0.13060178598351835,
    "mae": 0.10037112236022949,
    "r2": 0.3299676775932312
  },
  "val_metrics": {
    "mse": 0.0402476005256176,
    "rmse": 0.2006180463607838,
    "mae": 0.1506970077753067,
    "r2": -0.06223487854003906
  },
  "test_metrics": {
    "mse": 0.04113255813717842,
    "rmse": 0.20281163215451528,
    "mae": 0.15163633227348328,
    "r2": 0.00030666589736938477
  },
  "per_language_metrics": {
    "train": {
      "ar": {
        "mse": 0.01572389341890812,
        "rmse": 0.12539494973446147,
        "mae": 0.10075794160366058,
        "r2": 0.26051580905914307
      },
      "en": {
        "mse": 0.01919575221836567,
        "rmse": 0.13854873589594988,
        "mae": 0.10103286802768707,
        "r2": 0.23984569311141968
      },
      "fi": {
        "mse": 0.02021927572786808,
        "rmse": 0.1421944996399934,
        "mae": 0.11248130351305008,
        "r2": 0.3479223847389221
      },
      "id": {
        "mse": 0.018841292709112167,
        "rmse": 0.13726358843157266,
        "mae": 0.09915673732757568,
        "r2": 0.34450292587280273
      },
      "ja": {
        "mse": 0.012978942133486271,
        "rmse": 0.11392516023024181,
        "mae": 0.09082101285457611,
        "r2": 0.2405887246131897
      },
      "ko": {
        "mse": 0.01734338328242302,
        "rmse": 0.13169427961161798,
        "mae": 0.10181482881307602,
        "r2": 0.4061998724937439
      },
      "ru": {
        "mse": 0.01533165667206049,
        "rmse": 0.12382106715765492,
        "mae": 0.09687064588069916,
        "r2": 0.28103095293045044
      }
    },
    "val": {
      "ar": {
        "mse": 0.03664574399590492,
        "rmse": 0.19143078121322318,
        "mae": 0.140910342335701,
        "r2": 0.026301801204681396
      },
      "en": {
        "mse": 0.04182499274611473,
        "rmse": 0.20451159562752116,
        "mae": 0.1451740860939026,
        "r2": -0.17878472805023193
      },
      "fi": {
        "mse": 0.05096966773271561,
        "rmse": 0.22576462905582798,
        "mae": 0.18457597494125366,
        "r2": -0.11582791805267334
      },
      "id": {
        "mse": 0.04630780220031738,
        "rmse": 0.215192477099729,
        "mae": 0.1574215292930603,
        "r2": -0.13670086860656738
      },
      "ja": {
        "mse": 0.033143285661935806,
        "rmse": 0.18205297487801678,
        "mae": 0.12124312669038773,
        "r2": -0.13543391227722168
      },
      "ko": {
        "mse": 0.03128586709499359,
        "rmse": 0.17687811366868877,
        "mae": 0.13903631269931793,
        "r2": 0.0661625862121582
      },
      "ru": {
        "mse": 0.03892994672060013,
        "rmse": 0.1973067325779841,
        "mae": 0.1563105285167694,
        "r2": -0.08069038391113281
      }
    },
    "test": {
      "ar": {
        "mse": 0.051058389246463776,
        "rmse": 0.22596103479685115,
        "mae": 0.17615453898906708,
        "r2": -0.035239458084106445
      },
      "en": {
        "mse": 0.02764897793531418,
        "rmse": 0.16627981818403031,
        "mae": 0.12116263061761856,
        "r2": 0.021923482418060303
      },
      "fi": {
        "mse": 0.03676559403538704,
        "rmse": 0.19174356321761374,
        "mae": 0.15486930310726166,
        "r2": -0.20570194721221924
      },
      "id": {
        "mse": 0.030579961836338043,
        "rmse": 0.17487127218710924,
        "mae": 0.13619202375411987,
        "r2": 0.050789058208465576
      },
      "ja": {
        "mse": 0.0905374065041542,
        "rmse": 0.3008943444203533,
        "mae": 0.22122111916542053,
        "r2": -0.33752262592315674
      },
      "ko": {
        "mse": 0.037382300943136215,
        "rmse": 0.19334503082090373,
        "mae": 0.14634649455547333,
        "r2": -0.07066714763641357
      },
      "ru": {
        "mse": 0.025017475709319115,
        "rmse": 0.15816913639935926,
        "mae": 0.12425030767917633,
        "r2": -0.02565169334411621
      }
    }
  },