{
  "ru": {
    "train_time": 81.01763987541199,
    "train_metrics": {
      "loss": 0.02784162788341443,
      "mse": 0.02781587839126587,
      "rmse": 0.1667809293392559,
      "r2": -0.17871105670928955
    },
    "val_metrics": {
      "loss": 0.052125055342912674,
      "mse": 0.04569127783179283,
      "rmse": 0.21375518199985896,
      "r2": -0.040808677673339844
    },
    "test_metrics": {
      "loss": 0.050880673208406994,
      "mse": 0.05055687204003334,
      "rmse": 0.22484855356446778,
      "r2": -0.25763654708862305
    },
    "language": "ru",
    "task": "single_submetric",
    "task_type": "regression",
    "model_type": "lm_probe",
    "is_control": true,
    "control_index": 1,
    "submetric": "lexical_density"
  }
}