{
  "train_time": 46.43319225311279,
  "train_metrics": {
    "loss": 0.06481939371913037,
    "mse": 0.06425520777702332,
    "rmse": 0.25348610963329593,
    "r2": 0.0003676414489746094
  },
  "val_metrics": {
    "loss": 0.07125307247042656,
    "mse": 0.07181230932474136,
    "rmse": 0.2679781881510907,
    "r2": -0.09516787528991699
  },
  "test_metrics": {
    "loss": 0.05357334070972034,
    "mse": 0.053558677434921265,
    "rmse": 0.23142747770072866,
    "r2": -0.05993008613586426
  },
  "language": "ko",
  "task": "single_submetric",
  "task_type": "regression",
  "model_type": "lm_probe",
  "is_control": true,
  "control_index": 3,
  "submetric": "avg_subordinate_chain_len"
}