{
  "train_time": 25.901711463928223,
  "train_metrics": {
    "loss": 0.6932363796234131,
    "accuracy": 0.499581589958159,
    "f1": 0.0
  },
  "val_metrics": {
    "loss": 0.6927317529916763,
    "accuracy": 0.5238095238095238,
    "f1": 0.0
  },
  "test_metrics": {
    "loss": 0.6931794115475246,
    "accuracy": 0.5,
    "f1": 0.0
  },
  "language": "fi",
  "task": "question_type",
  "task_type": "classification",
  "model_type": "lm_probe",
  "is_control": true,
  "control_index": 3
}