{
  "ja": {
    "train_time": 79.8112690448761,
    "train_metrics": {
      "loss": 0.010480418829247355,
      "mse": 0.010515137575566769,
      "rmse": 0.10254334486238866,
      "r2": 0.5961918830871582
    },
    "val_metrics": {
      "loss": 0.017549467273056507,
      "mse": 0.017085818573832512,
      "rmse": 0.13071273302105083,
      "r2": 0.36716967821121216
    },
    "test_metrics": {
      "loss": 0.08414796615640323,
      "mse": 0.08552628755569458,
      "rmse": 0.2924487776614814,
      "r2": -0.6321688890457153
    },
    "language": "ja",
    "task": "single_submetric",
    "task_type": "regression",
    "model_type": "lm_probe",
    "is_control": false,
    "control_index": null,
    "submetric": "lexical_density"
  }
}