{
  "ja": {
    "train_time": 78.4609203338623,
    "train_metrics": {
      "loss": 0.0036080425853530565,
      "mse": 0.003627684200182557,
      "rmse": 0.060230259838245405,
      "r2": 0.9094557762145996
    },
    "val_metrics": {
      "loss": 0.00834684151535233,
      "mse": 0.008242589421570301,
      "rmse": 0.09078870756636147,
      "r2": 0.8656629323959351
    },
    "test_metrics": {
      "loss": 0.022971242666244507,
      "mse": 0.022800810635089874,
      "rmse": 0.15099937296257185,
      "r2": 0.5620160102844238
    },
    "language": "ja",
    "task": "complexity",
    "task_type": "regression",
    "model_type": "lm_probe",
    "is_control": false,
    "control_index": null
  }
}