{
  "ja": {
    "train_time": 39.35156798362732,
    "train_metrics": {
      "loss": 0.026327644810080528,
      "mse": 0.02625802531838417,
      "rmse": 0.1620432822377533,
      "r2": -0.008375287055969238
    },
    "val_metrics": {
      "loss": 0.027679625898599625,
      "mse": 0.027360623702406883,
      "rmse": 0.1654104703530187,
      "r2": -0.013391971588134766
    },
    "test_metrics": {
      "loss": 0.06099443261822065,
      "mse": 0.061514101922512054,
      "rmse": 0.24802036594302504,
      "r2": -0.17392444610595703
    },
    "language": "ja",
    "task": "single_submetric",
    "task_type": "regression",
    "model_type": "lm_probe",
    "is_control": true,
    "control_index": 3,
    "submetric": "lexical_density"
  }
}