{
  "ar": {
    "train_time": 27.67361831665039,
    "train_metrics": {
      "loss": 0.03269250501715948,
      "mse": 0.032469797879457474,
      "rmse": 0.18019377869243286,
      "r2": -0.0577390193939209
    },
    "val_metrics": {
      "loss": 0.0706941584746043,
      "mse": 0.0701294094324112,
      "rmse": 0.26481957902015324,
      "r2": -0.08092749118804932
    },
    "test_metrics": {
      "loss": 0.07150215059518814,
      "mse": 0.07082413882017136,
      "rmse": 0.26612804966814635,
      "r2": -0.2209765911102295
    },
    "language": "ar",
    "task": "complexity",
    "task_type": "regression",
    "model_type": "lm_probe",
    "is_control": true,
    "control_index": 3
  }
}