{
  "train_time": 45.430757999420166,
  "train_metrics": {
    "loss": 0.022425358153958904,
    "mse": 0.022727221250534058,
    "rmse": 0.15075550155975753,
    "r2": -0.020918726921081543
  },
  "val_metrics": {
    "loss": 0.04817818440496922,
    "mse": 0.05038705840706825,
    "rmse": 0.2244706181375822,
    "r2": -0.069541335105896
  },
  "test_metrics": {
    "loss": 0.03321146219968796,
    "mse": 0.03328860178589821,
    "rmse": 0.1824516423217347,
    "r2": -0.03361713886260986
  },
  "language": "ko",
  "task": "complexity",
  "task_type": "regression",
  "model_type": "lm_probe",
  "is_control": true,
  "control_index": 3
}