{
  "train_time": 67.13645601272583,
  "train_metrics": {
    "loss": 0.020830181205556506,
    "mse": 0.020842328667640686,
    "rmse": 0.14436872468661863,
    "r2": 0.01979917287826538
  },
  "val_metrics": {
    "loss": 0.03654501028358936,
    "mse": 0.03865618258714676,
    "rmse": 0.19661175597391617,
    "r2": -0.027116775512695312
  },
  "test_metrics": {
    "loss": 0.05389694161713123,
    "mse": 0.053805772215127945,
    "rmse": 0.2319607126543802,
    "r2": -0.09094429016113281
  },
  "language": "ar",
  "task": "single_submetric",
  "task_type": "regression",
  "model_type": "lm_probe",
  "is_control": true,
  "control_index": 2,
  "submetric": "avg_max_depth"
}