{
  "fi": {
    "train_time": 79.54198622703552,
    "train_metrics": {
      "loss": 0.027578933636347454,
      "accuracy": 0.9933054393305439,
      "f1": 0.9932659932659933
    },
    "val_metrics": {
      "loss": 0.10537567688152194,
      "accuracy": 0.9523809523809523,
      "f1": 0.9491525423728814
    },
    "test_metrics": {
      "loss": 0.2618330435029098,
      "accuracy": 0.9,
      "f1": 0.9026548672566371
    },
    "language": "fi",
    "task": "question_type",
    "task_type": "classification",
    "model_type": "lm_probe",
    "is_control": false,
    "control_index": null
  }
}