{
  "train": {
    "ar": {
      "accuracy": 0.7678391959798995,
      "f1": 0.7545164718384697
    },
    "en": {
      "accuracy": 0.7013422818791947,
      "f1": 0.6721915285451197
    },
    "fi": {
      "accuracy": 0.7196652719665272,
      "f1": 0.7163420829805249
    },
    "id": {
      "accuracy": 0.6876310272536688,
      "f1": 0.6119791666666666
    },
    "ja": {
      "accuracy": 0.7674223341729639,
      "f1": 0.767031118587048
    },
    "ko": {
      "accuracy": 0.774018944519621,
      "f1": 0.7257799671592775
    },
    "ru": {
      "accuracy": 0.7587939698492462,
      "f1": 0.7486910994764397
    }
  },
  "val": {
    "ar": {
      "accuracy": 0.5909090909090909,
      "f1": 0.5263157894736842
    },
    "en": {
      "accuracy": 0.4861111111111111,
      "f1": 0.4126984126984127
    },
    "fi": {
      "accuracy": 0.4126984126984127,
      "f1": 0.3728813559322034
    },
    "id": {
      "accuracy": 0.5694444444444444,
      "f1": 0.39215686274509803
    },
    "ja": {
      "accuracy": 0.6086956521739131,
      "f1": 0.6086956521739131
    },
    "ko": {
      "accuracy": 0.6388888888888888,
      "f1": 0.5666666666666667
    },
    "ru": {
      "accuracy": 0.3888888888888889,
      "f1": 0.3333333333333333
    }
  },
  "test": {
    "ar": {
      "accuracy": 0.5064935064935064,
      "f1": 0.2962962962962963
    },
    "en": {
      "accuracy": 0.5181818181818182,
      "f1": 0.3764705882352941
    },
    "fi": {
      "accuracy": 0.4636363636363636,
      "f1": 0.3917525773195876
    },
    "id": {
      "accuracy": 0.5272727272727272,
      "f1": 0.3953488372093023
    },
    "ja": {
      "accuracy": 0.5108695652173914,
      "f1": 0.4943820224719101
    },
    "ko": {
      "accuracy": 0.5454545454545454,
      "f1": 0.4444444444444444
    },
    "ru": {
      "accuracy": 0.44545454545454544,
      "f1": 0.34408602150537637
    }
  }
}