{
  "ko": {
    "train_time": 25.31555461883545,
    "train_metrics": {
      "loss": 0.012994729111248509,
      "mse": 0.013053683564066887,
      "rmse": 0.11425271797233923,
      "r2": 0.5530699491500854
    },
    "val_metrics": {
      "loss": 0.01444620480760932,
      "mse": 0.015336187556385994,
      "rmse": 0.12383936190236929,
      "r2": 0.5422372817993164
    },
    "test_metrics": {
      "loss": 0.017855892623109475,
      "mse": 0.018039727583527565,
      "rmse": 0.13431205300913082,
      "r2": 0.4833238124847412
    },
    "language": "ko",
    "task": "single_submetric",
    "task_type": "regression",
    "model_type": "lm_probe",
    "is_control": false,
    "control_index": null,
    "submetric": "avg_max_depth"
  }
}