{
  "ja": {
    "train_time": 40.67505383491516,
    "train_metrics": {
      "loss": 0.04049377754330635,
      "mse": 0.04061469808220863,
      "rmse": 0.20153088617432474,
      "r2": -0.01371157169342041
    },
    "val_metrics": {
      "loss": 0.06565674642721812,
      "mse": 0.06589163094758987,
      "rmse": 0.2566936519425244,
      "r2": -0.07389688491821289
    },
    "test_metrics": {
      "loss": 0.06168019709487756,
      "mse": 0.062273453921079636,
      "rmse": 0.2495464965113308,
      "r2": -0.1962195634841919
    },
    "language": "ja",
    "task": "complexity",
    "task_type": "regression",
    "model_type": "lm_probe",
    "is_control": true,
    "control_index": 2
  }
}