{
  "ja": {
    "train_time": 63.26189184188843,
    "train_metrics": {
      "loss": 0.012161385733634233,
      "mse": 0.012168125249445438,
      "rmse": 0.11030922558628285,
      "r2": 0.6962929368019104
    },
    "val_metrics": {
      "loss": 0.015213956435521444,
      "mse": 0.015124274417757988,
      "rmse": 0.12298078881580646,
      "r2": 0.7535057067871094
    },
    "test_metrics": {
      "loss": 0.023438945102194946,
      "mse": 0.022823501378297806,
      "rmse": 0.15107448950202615,
      "r2": 0.5615801811218262
    },
    "language": "ja",
    "task": "complexity",
    "task_type": "regression",
    "model_type": "lm_probe",
    "is_control": false,
    "control_index": null
  }
}