{
  "train_time": 78.51360774040222,
  "train_metrics": {
    "loss": 0.010518467836081982,
    "mse": 0.01055709645152092,
    "rmse": 0.1027477320991608,
    "r2": -0.13496220111846924
  },
  "val_metrics": {
    "loss": 0.01797348043570916,
    "mse": 0.01840044930577278,
    "rmse": 0.13564825581544637,
    "r2": -0.032123684883117676
  },
  "test_metrics": {
    "loss": 0.09103582675258319,
    "mse": 0.09019269794225693,
    "rmse": 0.3003209915111778,
    "r2": -1.121229648590088
  },
  "language": "ja",
  "task": "single_submetric",
  "task_type": "regression",
  "model_type": "lm_probe",
  "is_control": true,
  "control_index": 1,
  "submetric": "avg_links_len"
}