{
  "train": {
    "ar": {
      "accuracy": 0.7296482412060301,
      "f1": 0.7241025641025641
    },
    "en": {
      "accuracy": 0.7013422818791947,
      "f1": 0.7086743044189853
    },
    "fi": {
      "accuracy": 0.7096234309623431,
      "f1": 0.6937334510150044
    },
    "id": {
      "accuracy": 0.6865828092243187,
      "f1": 0.6313193588162762
    },
    "ja": {
      "accuracy": 0.7523089840470193,
      "f1": 0.7502116850127011
    },
    "ko": {
      "accuracy": 0.7523680649526387,
      "f1": 0.6995073891625616
    },
    "ru": {
      "accuracy": 0.7479061976549414,
      "f1": 0.7380330722367275
    }
  },
  "val": {
    "ar": {
      "accuracy": 0.6136363636363636,
      "f1": 0.5853658536585366
    },
    "en": {
      "accuracy": 0.5138888888888888,
      "f1": 0.46153846153846156
    },
    "fi": {
      "accuracy": 0.5079365079365079,
      "f1": 0.5230769230769231
    },
    "id": {
      "accuracy": 0.5555555555555556,
      "f1": 0.5294117647058824
    },
    "ja": {
      "accuracy": 0.4782608695652174,
      "f1": 0.4782608695652174
    },
    "ko": {
      "accuracy": 0.6111111111111112,
      "f1": 0.5483870967741935
    },
    "ru": {
      "accuracy": 0.5138888888888888,
      "f1": 0.5679012345679012
    }
  },
  "test": {
    "ar": {
      "accuracy": 0.5844155844155844,
      "f1": 0.4838709677419355
    },
    "en": {
      "accuracy": 0.4636363636363636,
      "f1": 0.4778761061946903
    },
    "fi": {
      "accuracy": 0.44545454545454544,
      "f1": 0.48739495798319327
    },
    "id": {
      "accuracy": 0.5,
      "f1": 0.47619047619047616
    },
    "ja": {
      "accuracy": 0.5543478260869565,
      "f1": 0.6019417475728155
    },
    "ko": {
      "accuracy": 0.509090909090909,
      "f1": 0.5344827586206896
    },
    "ru": {
      "accuracy": 0.4818181818181818,
      "f1": 0.5043478260869565
    }
  }
}