{
  "ko": {
    "train_time": 21.28603196144104,
    "train_metrics": {
      "loss": 0.03376126832308921,
      "mse": 0.03414348512887955,
      "rmse": 0.18477955820079112,
      "r2": 0.002990543842315674
    },
    "val_metrics": {
      "loss": 0.04699896760284901,
      "mse": 0.04422397166490555,
      "rmse": 0.21029496347964577,
      "r2": -0.06423771381378174
    },
    "test_metrics": {
      "loss": 0.0997169337102345,
      "mse": 0.09981304407119751,
      "rmse": 0.315932024447028,
      "r2": -1.4969160556793213
    },
    "language": "ko",
    "task": "single_submetric",
    "task_type": "regression",
    "model_type": "lm_probe",
    "is_control": true,
    "control_index": 3,
    "submetric": "lexical_density"
  }
}