{
  "ru": {
    "train_time": 80.95443201065063,
    "train_metrics": {
      "loss": 0.02044480964541435,
      "mse": 0.02035130374133587,
      "rmse": 0.14265799571470178,
      "r2": -0.020770549774169922
    },
    "val_metrics": {
      "loss": 0.05482503846287727,
      "mse": 0.05491937696933746,
      "rmse": 0.2343488360742111,
      "r2": -0.18057548999786377
    },
    "test_metrics": {
      "loss": 0.058393948312316625,
      "mse": 0.0582854300737381,
      "rmse": 0.24142375623318038,
      "r2": -0.4742751121520996
    },
    "language": "ru",
    "task": "complexity",
    "task_type": "regression",
    "model_type": "lm_probe",
    "is_control": true,
    "control_index": 1
  }
}