{
  "ar": {
    "train_time": 46.0686354637146,
    "train_metrics": {
      "loss": 0.020741178181081538,
      "mse": 0.019613485783338547,
      "rmse": 0.14004815523004416,
      "r2": -0.011561274528503418
    },
    "val_metrics": {
      "loss": 0.050322641928990684,
      "mse": 0.051565706729888916,
      "rmse": 0.22708083743435709,
      "r2": 0.007196545600891113
    },
    "test_metrics": {
      "loss": 0.07576469033956527,
      "mse": 0.07422497868537903,
      "rmse": 0.2724426153988745,
      "r2": 0.00904935598373413
    },
    "language": "ar",
    "task": "single_submetric",
    "task_type": "regression",
    "model_type": "lm_probe",
    "is_control": true,
    "control_index": 1,
    "submetric": "n_tokens"
  }
}