{
  "fi": {
    "train_time": 61.62559127807617,
    "train_metrics": {
      "loss": 0.0031885977648198603,
      "mse": 0.0031887167133390903,
      "rmse": 0.05646872331954292,
      "r2": 0.577981173992157
    },
    "val_metrics": {
      "loss": 0.014488388551399112,
      "mse": 0.014512657187879086,
      "rmse": 0.1204684904357944,
      "r2": 0.15619271993637085
    },
    "test_metrics": {
      "loss": 0.019608077593147755,
      "mse": 0.019642595201730728,
      "rmse": 0.14015204315931584,
      "r2": -0.0830533504486084
    },
    "language": "fi",
    "task": "single_submetric",
    "task_type": "regression",
    "model_type": "lm_probe",
    "is_control": false,
    "control_index": null,
    "submetric": "avg_links_len"
  }
}