{
  "ja": {
    "train_time": 60.174793004989624,
    "train_metrics": {
      "loss": 0.005943167054404815,
      "mse": 0.005953562445938587,
      "rmse": 0.0771593315545086,
      "r2": 0.7713679671287537
    },
    "val_metrics": {
      "loss": 0.019450707361102104,
      "mse": 0.018882863223552704,
      "rmse": 0.1374149308610702,
      "r2": 0.30061018466949463
    },
    "test_metrics": {
      "loss": 0.07719741389155388,
      "mse": 0.07851607352495193,
      "rmse": 0.2802071974895576,
      "r2": -0.49838709831237793
    },
    "language": "ja",
    "task": "single_submetric",
    "task_type": "regression",
    "model_type": "lm_probe",
    "is_control": false,
    "control_index": null,
    "submetric": "lexical_density"
  }
}