{
  "model_type": "Ridge",
  "training_time": 0.22423672676086426,
  "train_metrics": {
    "mse": 0.030347172731826588,
    "rmse": 0.1742043992895317,
    "mae": 0.14620159390336923,
    "r2": 0.5045321122307054
  },
  "val_metrics": {
    "mse": 0.060280918239965266,
    "rmse": 0.24552172661490726,
    "mae": 0.20492785250881743,
    "r2": -0.09771311356876744
  },
  "test_metrics": {
    "mse": 0.07813968753211233,
    "rmse": 0.27953476980889574,
    "mae": 0.23299620950735245,
    "r2": -0.23629211694111985
  },
  "per_language_metrics": {
    "train": {
      "ar": {
        "mse": 0.022300445332072972,
        "rmse": 0.14933333630530382,
        "mae": 0.13209302828946695,
        "r2": 0.45363833853375257
      },
      "en": {
        "mse": 0.028895931543697306,
        "rmse": 0.16998803353088507,
        "mae": 0.14821056624407405,
        "r2": 0.4745429873948316
      },
      "fi": {
        "mse": 0.023066126666749908,
        "rmse": 0.15187536556910705,
        "mae": 0.1337677399810011,
        "r2": 0.4889529996474071
      },
      "id": {
        "mse": 0.052233396299729624,
        "rmse": 0.2285462673064901,
        "mae": 0.19387704894483102,
        "r2": 0.46980207553053555
      },
      "ja": {
        "mse": 0.039878221139103116,
        "rmse": 0.19969532077418117,
        "mae": 0.17019520564300905,
        "r2": 0.38615516384202064
      },
      "ko": {
        "mse": 0.01996055959284173,
        "rmse": 0.14128184452661188,
        "mae": 0.10992851206520339,
        "r2": 0.4587230171294462
      },
      "ru": {
        "mse": 0.02522321500957829,
        "rmse": 0.15881818223861616,
        "mae": 0.12882204196022118,
        "r2": 0.5133166741893165
      }
    },
    "val": {
      "ar": {
        "mse": 0.06666017174167446,
        "rmse": 0.25818631207264736,
        "mae": 0.2209554666557101,
        "r2": -0.15761489411280927
      },
      "en": {
        "mse": 0.059452556346778436,
        "rmse": 0.24382894895146973,
        "mae": 0.20808878296960834,
        "r2": -0.1623084912677757
      },
      "fi": {
        "mse": 0.07019150521988865,
        "rmse": 0.26493679476412607,
        "mae": 0.22506397324747002,
        "r2": -0.14292382309786467
      },
      "id": {
        "mse": 0.05979933307639713,
        "rmse": 0.24453902158223567,
        "mae": 0.20339134625469926,
        "r2": 0.008066543321876729
      },
      "ja": {
        "mse": 0.09151298436089429,
        "rmse": 0.30251113097024096,
        "mae": 0.25867590155811643,
        "r2": -0.06381380047177032
      },
      "ko": {
        "mse": 0.034439508026183195,
        "rmse": 0.18557884584775064,
        "mae": 0.15015693081943562,
        "r2": -0.40177653364729515
      },
      "ru": {
        "mse": 0.05490825918587574,
        "rmse": 0.23432511428755506,
        "mae": 0.19632155991838554,
        "r2": -0.12810869997155483
      }
    },
    "test": {
      "ar": {
        "mse": 0.1304091962502552,
        "rmse": 0.3611221348107247,
        "mae": 0.32099651884457275,
        "r2": -0.8894436399063859
      },
      "en": {
        "mse": 0.06510297945488823,
        "rmse": 0.2551528550788492,
        "mae": 0.22045521240251545,
        "r2": -0.09445952436825955
      },
      "fi": {
        "mse": 0.09211292854660998,
        "rmse": 0.3035011178671505,
        "mae": 0.26492456687746513,
        "r2": -0.30173420412400787
      },
      "id": {
        "mse": 0.0792809969017935,
        "rmse": 0.28156881379476933,
        "mae": 0.24108220975601966,
        "r2": -0.24128518173981806
      },
      "ja": {
        "mse": 0.1115290103835405,
        "rmse": 0.33395959393845914,
        "mae": 0.28248778667356034,
        "r2": -0.1675151161406172
      },
      "ko": {
        "mse": 0.03541713469977311,
        "rmse": 0.18819440666442006,
        "mae": 0.14973877683153625,
        "r2": -0.020838149720727284
      },
      "ru": {
        "mse": 0.054270126479056914,
        "rmse": 0.23295949536144028,
        "mae": 0.18578710968507053,
        "r2": -0.32601259309209296
      }
    }
  },
  "feature_importances": null,
  "task": "complexity",
  "languages": [
    "all"
  ],
  "control_index": 3,
  "submetric": "avg_verb_edges"
}