{
  "ja": {
    "train_time": 62.734410762786865,
    "train_metrics": {
      "loss": 0.020675324785212675,
      "mse": 0.02074308693408966,
      "rmse": 0.1440246053078767,
      "r2": 0.0018376708030700684
    },
    "val_metrics": {
      "loss": 0.01983345641444127,
      "mse": 0.01979885809123516,
      "rmse": 0.14070841514008733,
      "r2": 0.009100794792175293
    },
    "test_metrics": {
      "loss": 0.05923889701565107,
      "mse": 0.05916774645447731,
      "rmse": 0.24324421155389764,
      "r2": 0.008225023746490479
    },
    "language": "ja",
    "task": "single_submetric",
    "task_type": "regression",
    "model_type": "lm_probe",
    "is_control": true,
    "control_index": 1,
    "submetric": "n_tokens"
  }
}