{
  "model_type": "XGBRegressor",
  "training_time": 163.46212911605835,
  "train_metrics": {
    "mse": 0.020799696445465088,
    "rmse": 0.14422099862871943,
    "mae": 0.11713824421167374,
    "r2": 0.2746158838272095
  },
  "val_metrics": {
    "mse": 0.06355418264865875,
    "rmse": 0.2520995490846002,
    "mae": 0.20340751111507416,
    "r2": -0.1417393684387207
  },
  "test_metrics": {
    "mse": 0.04827020689845085,
    "rmse": 0.2197048176496156,
    "mae": 0.17473910748958588,
    "r2": -0.06659042835235596
  },
  "per_language_metrics": {
    "train": {
      "ar": {
        "mse": 0.02029343508183956,
        "rmse": 0.14245502827853976,
        "mae": 0.11502297222614288,
        "r2": 0.3389192819595337
      },
      "en": {
        "mse": 0.022314129397273064,
        "rmse": 0.14937914646051859,
        "mae": 0.12033214420080185,
        "r2": 0.1682729721069336
      },
      "fi": {
        "mse": 0.016332607716321945,
        "rmse": 0.12779909121868568,
        "mae": 0.10302117466926575,
        "r2": 0.1917770504951477
      },
      "id": {
        "mse": 0.02765672281384468,
        "rmse": 0.16630310524414355,
        "mae": 0.13841670751571655,
        "r2": 0.2378283143043518
      },
      "ja": {
        "mse": 0.02529587782919407,
        "rmse": 0.159046778745104,
        "mae": 0.13460735976696014,
        "r2": 0.3686344027519226
      },
      "ko": {
        "mse": 0.017419325187802315,
        "rmse": 0.13198229119015292,
        "mae": 0.10832037776708603,
        "r2": 0.21751487255096436
      },
      "ru": {
        "mse": 0.016309117898344994,
        "rmse": 0.12770715680158648,
        "mae": 0.10087232291698456,
        "r2": 0.1819753646850586
      }
    },
    "val": {
      "ar": {
        "mse": 0.07388799637556076,
        "rmse": 0.27182346546161307,
        "mae": 0.22276459634304047,
        "r2": -0.13885974884033203
      },
      "en": {
        "mse": 0.049034249037504196,
        "rmse": 0.2214367833886326,
        "mae": 0.1789277195930481,
        "r2": -0.1716327667236328
      },
      "fi": {
        "mse": 0.08166740089654922,
        "rmse": 0.28577508795650686,
        "mae": 0.23161780834197998,
        "r2": -0.24567914009094238
      },
      "id": {
        "mse": 0.059370942413806915,
        "rmse": 0.24366153248678157,
        "mae": 0.19840937852859497,
        "r2": -0.420046329498291
      },
      "ja": {
        "mse": 0.07275929301977158,
        "rmse": 0.2697393056633971,
        "mae": 0.2162851244211197,
        "r2": -0.18582558631896973
      },
      "ko": {
        "mse": 0.055037811398506165,
        "rmse": 0.23460138831325394,
        "mae": 0.19283819198608398,
        "r2": -0.16826045513153076
      },
      "ru": {
        "mse": 0.06272849440574646,
        "rmse": 0.25045657189570103,
        "mae": 0.19871409237384796,
        "r2": -0.34844446182250977
      }
    },
    "test": {
      "ar": {
        "mse": 0.06150248274207115,
        "rmse": 0.24799694099337424,
        "mae": 0.20121552050113678,
        "r2": -0.06027543544769287
      },
      "en": {
        "mse": 0.04186878725886345,
        "rmse": 0.2046186385910713,
        "mae": 0.15907636284828186,
        "r2": -0.08641135692596436
      },
      "fi": {
        "mse": 0.04178355261683464,
        "rmse": 0.20441025565473628,
        "mae": 0.16357740759849548,
        "r2": -0.058159589767456055
      },
      "id": {
        "mse": 0.040010590106248856,
        "rmse": 0.20002647351350483,
        "mae": 0.16472788155078888,
        "r2": 0.01872551441192627
      },
      "ja": {
        "mse": 0.06077507883310318,
        "rmse": 0.24652602060046963,
        "mae": 0.19547906517982483,
        "r2": -0.16743695735931396
      },
      "ko": {
        "mse": 0.03783109039068222,
        "rmse": 0.1945021603753599,
        "mae": 0.15277419984340668,
        "r2": -0.17466223239898682
      },
      "ru": {
        "mse": 0.06013581156730652,
        "rmse": 0.245226041780449,
        "mae": 0.19766010344028473,
        "r2": -0.5210787057876587
      }
    }
  },