{
  "ko": {
    "train_time": 54.4613823890686,
    "train_metrics": {
      "loss": 0.062440201560867596,
      "mse": 0.061819836497306824,
      "rmse": 0.24863595173929862,
      "r2": 0.038255155086517334
    },
    "val_metrics": {
      "loss": 0.07195478901267052,
      "mse": 0.07339819520711899,
      "rmse": 0.27092101285636555,
      "r2": -0.1193532943725586
    },
    "test_metrics": {
      "loss": 0.055701294115611484,
      "mse": 0.0557040199637413,
      "rmse": 0.2360169908369762,
      "r2": -0.102386474609375
    },
    "language": "ko",
    "task": "single_submetric",
    "task_type": "regression",
    "model_type": "lm_probe",
    "is_control": true,
    "control_index": 3,
    "submetric": "avg_subordinate_chain_len"
  }
}