{
  "ar": {
    "train_time": 56.942716121673584,
    "train_metrics": {
      "loss": 0.021912831635702224,
      "mse": 0.02198365516960621,
      "rmse": 0.14826886109229478,
      "r2": -0.04265034198760986
    },
    "val_metrics": {
      "loss": 0.05244895008703073,
      "mse": 0.05005147308111191,
      "rmse": 0.2237218654515287,
      "r2": -0.019690394401550293
    },
    "test_metrics": {
      "loss": 0.058716215565800665,
      "mse": 0.05681142583489418,
      "rmse": 0.23835147542000695,
      "r2": -0.2266300916671753
    },
    "language": "ar",
    "task": "single_submetric",
    "task_type": "regression",
    "model_type": "lm_probe",
    "is_control": true,
    "control_index": 3,
    "submetric": "avg_links_len"
  }
}