{
  "id": {
    "train_time": 51.76088619232178,
    "train_metrics": {
      "loss": 0.010600509318949965,
      "mse": 0.010657604783773422,
      "rmse": 0.10323567592539618,
      "r2": 0.7146005630493164
    },
    "val_metrics": {
      "loss": 0.024867163598537446,
      "mse": 0.025198446586728096,
      "rmse": 0.15874018579656538,
      "r2": 0.49387913942337036
    },
    "test_metrics": {
      "loss": 0.03858691533761365,
      "mse": 0.038005661219358444,
      "rmse": 0.1949504070766677,
      "r2": 0.27512991428375244
    },
    "language": "id",
    "task": "single_submetric",
    "task_type": "regression",
    "model_type": "lm_probe",
    "is_control": false,
    "control_index": null,
    "submetric": "avg_subordinate_chain_len"
  }
}