{
  "train_time": 79.45653963088989,
  "train_metrics": {
    "loss": 0.06423872177799543,
    "mse": 0.06440597027540207,
    "rmse": 0.25378331362680656,
    "r2": 0.0011819005012512207
  },
  "val_metrics": {
    "loss": 0.05839156856139501,
    "mse": 0.05821303650736809,
    "rmse": 0.24127377915423817,
    "r2": 0.0005776882171630859
  },
  "test_metrics": {
    "loss": 0.0900803270439307,
    "mse": 0.09177885204553604,
    "rmse": 0.30295024681544,
    "r2": -0.24727725982666016
  },
  "language": "ja",
  "task": "single_submetric",
  "task_type": "regression",
  "model_type": "lm_probe",
  "is_control": true,
  "control_index": 1,
  "submetric": "avg_subordinate_chain_len"
}