{
  "train_time": 56.38966083526611,
  "train_metrics": {
    "loss": 0.015308862986663977,
    "mse": 0.015322200022637844,
    "rmse": 0.12378287451274447,
    "r2": 0.2314767837524414
  },
  "val_metrics": {
    "loss": 0.024336296133697033,
    "mse": 0.02160707488656044,
    "rmse": 0.14699345184925905,
    "r2": 0.5355230569839478
  },
  "test_metrics": {
    "loss": 0.054688179244597755,
    "mse": 0.05547061562538147,
    "rmse": 0.23552200666897663,
    "r2": -0.06554281711578369
  },
  "train_language": "ru",
  "eval_language": "ja",
  "task": "complexity",
  "task_type": "regression",
  "model_type": "lm_probe"
}