{
  "train_time": 45.40098476409912,
  "train_metrics": {
    "loss": 0.018441478543293973,
    "mse": 0.018465621396899223,
    "rmse": 0.13588826806203405,
    "r2": -0.010873556137084961
  },
  "val_metrics": {
    "loss": 0.05033275038003922,
    "mse": 0.04622924327850342,
    "rmse": 0.21500986786308998,
    "r2": -0.2527681589126587
  },
  "test_metrics": {
    "loss": 0.03671607242098877,
    "mse": 0.0365465022623539,
    "rmse": 0.19117139498982033,
    "r2": -0.64617919921875
  },
  "language": "id",
  "task": "single_submetric",
  "task_type": "regression",
  "model_type": "lm_probe",
  "is_control": true,
  "control_index": 3,
  "submetric": "avg_links_len"
}