{
  "train_time": 39.08816838264465,
  "train_metrics": {
    "loss": 0.021542347908178543,
    "mse": 0.021416286006569862,
    "rmse": 0.1463430422212476,
    "r2": 0.017854392528533936
  },
  "val_metrics": {
    "loss": 0.0197454497218132,
    "mse": 0.020952258259058,
    "rmse": 0.1447489490775598,
    "r2": -0.041048288345336914
  },
  "test_metrics": {
    "loss": 0.025743970913546427,
    "mse": 0.025893984362483025,
    "rmse": 0.16091607863256868,
    "r2": -0.1252448558807373
  },
  "language": "ko",
  "task": "single_submetric",
  "task_type": "regression",
  "model_type": "lm_probe",
  "is_control": true,
  "control_index": 3,
  "submetric": "avg_links_len"
}