{
  "ar": {
    "train_time": 52.58282780647278,
    "train_metrics": {
      "loss": 0.004996656462372769,
      "mse": 0.004980053752660751,
      "rmse": 0.07056949590765653,
      "r2": 0.8377693295478821
    },
    "val_metrics": {
      "loss": 0.018013082444667816,
      "mse": 0.017822066321969032,
      "rmse": 0.13349931206552726,
      "r2": 0.7253026962280273
    },
    "test_metrics": {
      "loss": 0.061765941232442854,
      "mse": 0.06259845942258835,
      "rmse": 0.2501968413521409,
      "r2": -0.07916951179504395
    },
    "language": "ar",
    "task": "complexity",
    "task_type": "regression",
    "model_type": "lm_probe",
    "is_control": false,
    "control_index": null
  }
}