{
  "train_time": 68.11923956871033,
  "train_metrics": {
    "loss": 0.018908664022409725,
    "mse": 0.018919464200735092,
    "rmse": 0.13754804324575137,
    "r2": 0.024232923984527588
  },
  "val_metrics": {
    "loss": 0.05473120448489984,
    "mse": 0.05608808621764183,
    "rmse": 0.23682923429687017,
    "r2": -0.07987356185913086
  },
  "test_metrics": {
    "loss": 0.08180734291672706,
    "mse": 0.08025132864713669,
    "rmse": 0.283286654551775,
    "r2": -0.07140624523162842
  },
  "language": "ar",
  "task": "single_submetric",
  "task_type": "regression",
  "model_type": "lm_probe",
  "is_control": true,
  "control_index": 3,
  "submetric": "n_tokens"
}