{
  "id": {
    "train_time": 42.18726205825806,
    "train_metrics": {
      "loss": 0.009402071087000271,
      "mse": 0.009414606727659702,
      "rmse": 0.09702889635391976,
      "r2": 0.7405496835708618
    },
    "val_metrics": {
      "loss": 0.02368426285684109,
      "mse": 0.021969951689243317,
      "rmse": 0.14822264229611923,
      "r2": 0.4745182394981384
    },
    "test_metrics": {
      "loss": 0.022404157955731665,
      "mse": 0.022232620045542717,
      "rmse": 0.14910606978102103,
      "r2": 0.4547368288040161
    },
    "language": "id",
    "task": "complexity",
    "task_type": "regression",
    "model_type": "lm_probe",
    "is_control": false,
    "control_index": null
  }
}