{
  "train_time": 80.5735936164856,
  "train_metrics": {
    "loss": 0.027578933636347454,
    "accuracy": 0.9933054393305439,
    "f1": 0.9932659932659933
  },
  "val_metrics": {
    "loss": 0.10537567688152194,
    "accuracy": 0.9523809523809523,
    "f1": 0.9491525423728814
  },
  "test_metrics": {
    "loss": 0.15382439350443228,
    "accuracy": 0.9363636363636364,
    "f1": 0.9369369369369369
  },
  "train_language": "fi",
  "eval_language": "ru",
  "task": "question_type",
  "task_type": "classification",
  "model_type": "lm_probe"
}