language,real,control1,control2,control3
ar,0.2595626784006448,0.2596410151304973,0.2625237510926077,0.2601895565901918
en,0.1681786268353823,0.1843514532473742,0.1764976842454115,0.176223051330869
fi,0.2398285189958457,0.2239323238676364,0.2385761437355982,0.2378727585170256
id,0.1995250833733913,0.2484488946472839,0.2712902912197204,0.2450645663858478
ja,0.2791764192989014,0.2522958745508386,0.2538484067319498,0.2604984043908995
ko,0.2502335708991121,0.2846739622764336,0.2817390217101946,0.2818787751716829
ru,0.2276643399991921,0.2456195364652634,0.2444890549546358,0.248146727881379
