language,real,control1,control2,control3
ar,0.2124977686708771,0.2441989218728278,0.2334964658063336,0.2419486714077313
en,0.0966949499008951,0.110365124097,0.1082721438438994,0.1085881686320028
fi,0.1468961586321255,0.1512414225203237,0.1472105654382966,0.1500062302944592
id,0.1560675151456056,0.1876299129874671,0.1876980311963948,0.1910704664672775
ja,0.3140311163788969,0.3236826635538194,0.3206452990123821,0.3282038162576487
ko,0.1340710320792119,0.1622691114342219,0.1689395903571976,0.1697431589139962
ru,0.1501869209237112,0.1469389981481876,0.1467768673562283,0.1410776113022727
