language,real,control1,control2,control3
ar,0.1955746433437796,0.2853563921388278,0.2739459508229707,0.2940530837916947
en,0.1638277620920117,0.1748525510396975,0.1723918813281981,0.1747207382416273
fi,0.1205528304615232,0.1300393550441915,0.1410584393760326,0.1343059951122474
id,0.1484273881955049,0.1892605692553715,0.1841175226420915,0.1882815982933985
ja,0.1867436067113236,0.2433350415797466,0.2446314314237654,0.2528186991531352
ko,0.2149525554456736,0.264953709067036,0.2684869035733206,0.2680252148576897
ru,0.1077511748351831,0.1259141560312839,0.1231907687090595,0.1255030309257267
