language,real,control1,control2,control3
ar,0.2223236348899323,0.2781392644561135,0.2817477639239432,0.2897509884235166
en,0.1243495495694088,0.1699430775112562,0.1731254814389162,0.1727792753559311
fi,0.1924800004544412,0.2235636497455393,0.2296617640025093,0.2360421183790413
id,0.1878389650392799,0.2761318846635366,0.2670559189968166,0.2766795763910035
ja,0.2637847813832958,0.329718331199078,0.3254121359456537,0.3399602766086435
ko,0.2123271516209181,0.266825957868793,0.248352720547452,0.271008400593309
ru,0.1784488824702861,0.2374911859281166,0.2303843324731135,0.2398626942708491
