language,real,control1,control2,control3
ar,0.4893456553186236,-0.0871191555167874,-0.0019169145192932,-0.1543922806639321
en,-0.418989009674882,-0.6163967926854679,-0.571222366075322,-0.6139606660824197
fi,-0.0510963305085512,-0.2230305640190479,-0.4390830101741698,-0.3046033658802789
id,0.2542200228326431,-0.2125590917813358,-0.1475533197125664,-0.2000473462435739
ja,0.4154527630015335,0.0074841848362079,-0.0031194247984944,-0.0713873444761707
ko,-0.1080087215595477,-0.6834412353963752,-0.728638440227019,-0.7226984360597348
ru,-0.0206439200739907,-0.3937322275510611,-0.3340943814923935,-0.3846456741014292
