language,real,control1,control2,control3
ar,0.1687482224476759,0.2243425608937002,0.2259610347968511,0.2265700141712993
en,0.1079868458407362,0.1813128189865194,0.1662798181840303,0.1708401662392394
fi,0.1313056027617756,0.1890256325581872,0.1917435632176137,0.1853364353418467
id,0.1688280856526552,0.1823239751976605,0.1748712721871092,0.1687764056615363
ja,0.2516474829055792,0.2964026181325777,0.3008943444203533,0.3003923329278735
ko,0.1341518439842951,0.197496684882553,0.1933450308209037,0.1954817610693885
ru,0.1221945054577766,0.1599657856785243,0.1581691363993592,0.1590265168988421
