language,real,control1,control2,control3
ar,0.1386556625366211,-0.1344908475875854,0.0676536560058593,0.0131418704986572
en,0.327568769454956,-0.0957292318344116,-0.0293936729431152,-0.0484403371810913
fi,0.279433012008667,0.0239565372467041,0.0079470872879028,0.0287473201751709
id,-0.5167105197906494,0.0325779914855957,-0.0152469873428344,-0.1606078147888183
ja,0.5615801811218262,-0.1291360855102539,-0.1946005821228027,-0.0689121484756469
ko,0.5149698257446289,-0.1452835798263549,0.1340126395225525,-0.0238217115402221
ru,0.370207130908966,-0.4742751121520996,-0.1923140287399292,-0.6910499334335327
