language,real,control1,control2,control3
ar,0.1925556935831861,0.2411549769673565,0.2307153530090363,0.2383514754200069
en,0.0931517866831992,0.093729250320302,0.0935020196987864,0.0963401080735266
fi,0.1401520431593158,0.1523676144419315,0.152484071126362,0.1500778475554809
id,0.1392968025571043,0.178147151054907,0.1854500065968086,0.1856428199460429
ja,0.3094796249457302,0.3097549994667909,0.3252927616958165,0.306751449870668
ko,0.1245305925911909,0.1581078996288845,0.1559020579124866,0.1578789556910813
ru,0.1435764451957673,0.127270653580246,0.1266641041207332,0.1293886867138934
