language,real,control1,control2,control3
ar,0.1165635585784912,-0.0523414611816406,-0.032354712486267,-0.0811102390289306
en,0.1967008113861084,-0.0486270189285278,-0.0315068960189819,-0.0677587985992431
fi,0.0166141390800476,-0.0809260606765747,-0.0960490703582763,-0.0113255977630615
id,0.2842032313346863,-0.0945198535919189,-0.2145193815231323,-0.1437737941741943
ja,-0.7320259809494019,-0.2012659311294555,-0.4343926906585693,-0.3253281116485595
ko,-0.6989665031433105,-1.0717649459838867,-1.4845564365386963,-1.6587200164794922
ru,0.2280212044715881,-0.3833611011505127,-0.5267735719680786,-0.6535395383834839
