language,real,control1,control2,control3
ar,-0.0679764747619628,-0.319183349609375,-0.2268797159194946,-0.2671359777450561
en,0.1422281265258789,-0.0043861865997314,0.0113644003868103,-0.0304287672042846
fi,-0.2810609340667724,-0.283503770828247,-0.2514115571975708,-0.2669744491577148
id,-0.3430595397949219,-0.564886212348938,-0.5420907735824585,-0.5190359354019165
ja,-1.103787899017334,-1.3296351432800293,-1.41611647605896,-1.254525899887085
ko,0.1935818791389465,-0.0397859811782836,-0.0796887874603271,-0.1028826236724853
ru,-0.4749859571456909,-0.0707844495773315,-0.04293954372406,-0.0894960165023803
