language,real,control1,control2,control3
ar,0.230902909435786,0.2371835831304917,0.2319607126543802,0.2307079334836579
en,0.1313769297258439,0.1644405482505146,0.1702911376679675,0.1702052745657088
fi,0.146168565462896,0.1865144397902143,0.1756569900005086,0.1805362042781831
id,0.172270114779622,0.195972852179457,0.199399258608645,0.1966301341359604
ja,0.2170110967244556,0.2893770671383412,0.2876508239408389,0.3086310014091011
ko,0.1144383666707799,0.1931378222347714,0.186073809835786,0.1838750510381009
ru,0.161245965241809,0.1597442153258676,0.1526303102657505,0.1580053789024473
