language,real,control1,control2,control3
ar,-0.3914738893508911,-0.3439838886260986,-0.5732544660568237,-0.3947299718856811
en,0.0268947482109069,-0.0113496780395507,0.00239098072052,-0.1185297966003418
fi,-0.0615986585617065,-0.5655136108398438,-0.3885287046432495,-0.1990883350372314
id,-0.3786419630050659,-0.6361260414123535,-0.6157540082931519,-0.64617919921875
ja,-0.7542245388031006,-1.121229648590088,-1.273878812789917,-1.2543275356292725
ko,0.1009196043014526,-1.5157139301300049,-0.1922323703765869,-0.1252448558807373
ru,-0.0059534311294555,-0.0030310153961181,-0.0655834674835205,-0.2750141620635986
