language,real,control1,control2,control3
ar,0.4176604151725769,-0.0336232185363769,-0.0052406787872314,-0.0107817649841308
en,-0.3710814714431762,-0.5305299758911133,-0.3173882961273193,-0.3486101627349853
fi,0.3243428468704223,-0.029315710067749,-0.0804108381271362,-0.0915242433547973
id,-0.4172040224075317,-0.2320723533630371,-0.1943967342376709,-0.1904908418655395
ja,0.6725711822509766,0.0292943716049194,0.0118233561515808,-0.0164605379104614
ko,0.1959755420684814,-0.7053412199020386,-0.6804497241973877,-0.6645677089691162
ru,0.3095069527626037,-0.1133252382278442,-0.126705527305603,0.0114619731903076
