language,real,control1,control2,control3
ar,-0.248442530632019,-0.0419999361038208,-0.037735104560852,-0.044161319732666
en,0.1959531903266906,-0.0404558181762695,-0.0035501718521118,-0.0094392299652099
fi,0.1007654666900634,-0.0736513137817382,-0.0339021682739257,-0.055641770362854
id,0.2725871801376343,-0.1110366582870483,-0.2997764348983764,-0.13239586353302
ja,-0.6321688890457153,-0.6054953336715698,-0.3732547760009765,-0.2274633646011352
ko,-1.1235332489013672,-1.7129437923431396,-0.7231227159500122,-0.8698267936706543
ru,-0.0453255176544189,-0.257636547088623,-0.3047285079956054,-0.0902274847030639
