language,real,control1,control2,control3
ar,0.0260966587811708,0.0549696460366249,0.0525254867970943,0.0561747327446937
en,0.0078896135091781,0.0156163908541202,0.0133682647719979,0.0157053675502538
fi,0.0139651782810688,0.0186479203402996,0.0196506287902593,0.0191756766289472
id,0.0187318623065948,0.0447166971862316,0.0464177429676055,0.0462828166782856
ja,0.0153510738164186,0.0200858954340219,0.0194934625178575,0.0205742102116346
ko,0.010747873224318,0.0204516649246215,0.0183750372380018,0.0221222881227731
ru,0.0138463787734508,0.0341115742921829,0.0329437218606472,0.0300493165850639
