language,real,control1,control2,control3
ar,0.07257115095853806,0.07257115095853806,0.07257115095853806,0.07257115095853806
en,0.03538190573453903,0.03538190573453903,0.03538190573453903,0.03538190573453903
fi,0.04889029636979103,0.04889029636979103,0.04889029636979103,0.04889029636979103
id,0.05295437574386597,0.05295437574386597,0.05295437574386597,0.05295437574386597
ja,0.06305311620235443,0.06305311620235443,0.06305311620235443,0.06305311620235443
ko,0.03997885435819626,0.03997885435819626,0.03997885435819626,0.03997885435819626
ru,0.04519644379615784,0.04519644379615784,0.04519644379615784,0.04519644379615784
