language,real,control1,control2,control3
ar,0.0284759625792503,0.0503295846283435,0.0510583892464637,0.0513339713215827
en,0.0116611588746309,0.0328743383288383,0.0276489779353141,0.0291863624006509
fi,0.0172411613166332,0.0357306897640228,0.036765594035387,0.0343495942652225
id,0.0285029225051403,0.0332420319318771,0.030579961836338,0.0284854751080274
ja,0.0633264556527137,0.0878545120358467,0.0905374065041542,0.0902355536818504
ko,0.0179967172443866,0.0390049405395984,0.0373823009431362,0.0382131189107894
ru,0.0149314971640706,0.0255890525877475,0.0250174757093191,0.0252894330769777
