language,real,control1,control2,control3
ar,0.0978853702545166,0.0978853702545166,0.0978853702545166,0.0978853702545166
en,0.060005322098731995,0.060005322098731995,0.060005322098731995,0.060005322098731995
fi,0.07522547990083694,0.07522547990083694,0.07522547990083694,0.07522547990083694
id,0.08073292672634125,0.08073292672634125,0.08073292672634125,0.08073292672634125
ja,0.10183757543563843,0.10183757543563843,0.10183757543563843,0.10183757543563843
ko,0.035420846194028854,0.035420846194028854,0.035420846194028854,0.035420846194028854
ru,0.052777133882045746,0.052777133882045746,0.052777133882045746,0.052777133882045746
