language,real,control1,control2,control3
ar,0.0451553016901016,0.0596331134438514,0.0545205995440483,0.0585391595959663
en,0.0093499133363366,0.0121804606169462,0.011722857132554,0.0117913903668522
fi,0.0215784814208745,0.022873967885971,0.021670950576663,0.0225018691271543
id,0.0243570692837238,0.0352049842476844,0.0352305509150028,0.036507923156023
ja,0.0986155420541763,0.1047704666852951,0.1028134077787399,0.1077177450060844
ko,0.017975041642785,0.0263312645256519,0.0285405851900577,0.0288127399981021
ru,0.0225561112165451,0.0215910691767931,0.0215434487909078,0.0199028924107551
