language,real,control1,control2,control3
ar,0.0636129155755043,0.0636129155755043,0.0636129155755043,0.0636129155755043
en,0.01159832626581192,0.01159832626581192,0.01159832626581192,0.01159832626581192
fi,0.01975836046040058,0.01975836046040058,0.01975836046040058,0.01975836046040058
id,0.03382205590605736,0.03382205590605736,0.03382205590605736,0.03382205590605736
ja,0.09550405293703079,0.09550405293703079,0.09550405293703079,0.09550405293703079
ko,0.027297599241137505,0.027297599241137505,0.027297599241137505,0.027297599241137505
ru,0.021772077307105064,0.021772077307105064,0.021772077307105064,0.021772077307105064
