language,real,control1,control2,control3
ar,0.06647011637687683,0.06647011637687683,0.06647011637687683,0.06647011637687683
en,0.024715645238757133,0.024715645238757133,0.024715645238757133,0.024715645238757133
fi,0.04682912304997444,0.04682912304997444,0.04682912304997444,0.04682912304997444
id,0.07111184298992157,0.07111184298992157,0.07111184298992157,0.07111184298992157
ja,0.130652517080307,0.130652517080307,0.130652517080307,0.130652517080307
ko,0.07796146720647812,0.07796146720647812,0.07796146720647812,0.07796146720647812
ru,0.04410385340452194,0.04410385340452194,0.04410385340452194,0.04410385340452194
