language,real,control1,control2,control3
ar,0.0422246605157852,0.0780206993222236,0.0714204758405685,0.0802513286471366
en,0.0307329408824443,0.0230115819722414,0.0262105092406272,0.0244627352803945
fi,0.0096938498318195,0.0148126827552914,0.015832845121622,0.0141964480280876
id,0.0408605113625526,0.039770383387804,0.0368385687470436,0.0375845246016979
ja,0.0275883208960294,0.0591677464544773,0.0625176206231117,0.0626374259591102
ko,0.0431509390473365,0.0706395357847213,0.0726627185940742,0.0692829117178917
ru,0.0123084830120205,0.0111173968762159,0.0120653919875621,0.0143159301951527
