language,real,control1,control2,control3
ar,0.0746835619211196,0.0756897553801536,0.0758009701967239,0.0763485431671142
en,0.0198143236339092,0.0267266072332859,0.0272916704416275,0.0270311329513788
fi,0.0374239087104797,0.0532629042863845,0.0542047768831253,0.0530484057962894
id,0.0425622910261154,0.0701319053769111,0.07065150141716,0.0737931951880455
ja,0.0494091026484966,0.091778852045536,0.0917046591639518,0.0915652364492416
ko,0.0542655326426029,0.0509888343513011,0.0551811382174491,0.0557040199637413
ru,0.0303089208900928,0.052605003118515,0.0542139634490013,0.0531857497990131
