language,real,control1,control2,control3
ar,0.0436188653111457,0.0774212777614593,0.0752953439950943,0.0757103860378265
en,0.0259333830326795,0.0289492774754762,0.0249178018420934,0.0255083478987216
fi,0.0093419756740331,0.0142318364232778,0.0149383032694458,0.0150919631123542
id,0.0418648719787597,0.0363959968090057,0.0352830402553081,0.0351676605641841
ja,0.0195338912308216,0.0579107850790023,0.0589530766010284,0.060640450567007
ko,0.0335282795131206,0.0711137056350708,0.0700757130980491,0.069413423538208
ru,0.0078546898439526,0.0126646095886826,0.0128168174996972,0.0112450942397117
