language,real,control1,control2,control3
ar,0.0274897702038288,0.0507643707096576,0.0519679673016071,0.0506756752729415
en,0.0103081157431006,0.0285752434283494,0.0277460105717182,0.0283771753311157
fi,0.0204323008656501,0.0312119610607624,0.0316125229001045,0.0318911112844944
id,0.0243410579860021,0.0322232730686664,0.0328550674021244,0.0336235463619232
ja,0.0480684749782085,0.0810370370745658,0.083924688398838,0.0755177661776542
ko,0.0151948248967528,0.0358258448541164,0.0351521894335746,0.0348313823342323
ru,0.0098820682615041,0.0247133318334817,0.0254829954355955,0.0250410214066505
