{
  "id": {
    "train_time": 32.024657011032104,
    "train_metrics": {
      "loss": 0.03637409231935938,
      "mse": 0.03645559772849083,
      "rmse": 0.19093349032710535,
      "r2": -0.004653573036193848
    },
    "val_metrics": {
      "loss": 0.05252017229795456,
      "mse": 0.05159034952521324,
      "rmse": 0.22713509091554576,
      "r2": -0.23394858837127686
    },
    "test_metrics": {
      "loss": 0.04042851020182882,
      "mse": 0.04035109281539917,
      "rmse": 0.20087581441129038,
      "r2": 0.010374605655670166
    },
    "language": "id",
    "task": "complexity",
    "task_type": "regression",
    "model_type": "lm_probe",
    "is_control": true,
    "control_index": 2
  }
}