{
  "train_time": 58.10252332687378,
  "train_metrics": {
    "loss": 0.0172367176846675,
    "mse": 0.017419029027223587,
    "rmse": 0.13198116921448902,
    "r2": 0.008664309978485107
  },
  "val_metrics": {
    "loss": 0.062411131958166756,
    "mse": 0.05851900950074196,
    "rmse": 0.24190702656339266,
    "r2": -0.04492485523223877
  },
  "test_metrics": {
    "loss": 0.06862177290022373,
    "mse": 0.06846745312213898,
    "rmse": 0.2616628615645311,
    "r2": -0.23970377445220947
  },
  "language": "ar",
  "task": "single_submetric",
  "task_type": "regression",
  "model_type": "lm_probe",
  "is_control": true,
  "control_index": 3,
  "submetric": "avg_subordinate_chain_len"
}