{
  "model_type": "XGBRegressor",
  "training_time": 161.80427241325378,
  "train_metrics": {
    "mse": 0.017107469961047173,
    "rmse": 0.13079552729756155,
    "mae": 0.10067817568778992,
    "r2": 0.327978253364563
  },
  "val_metrics": {
    "mse": 0.040028344839811325,
    "rmse": 0.20007084955038135,
    "mae": 0.15058451890945435,
    "r2": -0.05644810199737549
  },
  "test_metrics": {
    "mse": 0.042095281183719635,
    "rmse": 0.20517134591292135,
    "mae": 0.1528182327747345,
    "r2": -0.023091554641723633
  },
  "per_language_metrics": {
    "train": {
      "ar": {
        "mse": 0.01590949483215809,
        "rmse": 0.12613284596867735,
        "mae": 0.10150649398565292,
        "r2": 0.25178712606430054
      },
      "en": {
        "mse": 0.01962675154209137,
        "rmse": 0.14009550864353706,
        "mae": 0.10175266861915588,
        "r2": 0.22277802228927612
      },
      "fi": {
        "mse": 0.019745295867323875,
        "rmse": 0.14051795567586328,
        "mae": 0.11069706082344055,
        "r2": 0.3632083535194397
      },
      "id": {
        "mse": 0.01886632852256298,
        "rmse": 0.13735475427724728,
        "mae": 0.09968805313110352,
        "r2": 0.34363192319869995
      },
      "ja": {
        "mse": 0.01326950266957283,
        "rmse": 0.11519332736566311,
        "mae": 0.09250371158123016,
        "r2": 0.22358787059783936
      },
      "ko": {
        "mse": 0.017477763816714287,
        "rmse": 0.132203493965607,
        "mae": 0.10264178365468979,
        "r2": 0.4015989899635315
      },
      "ru": {
        "mse": 0.015144501812756062,
        "rmse": 0.12306299936518718,
        "mae": 0.09661761671304703,
        "r2": 0.28980743885040283
      }
    },
    "val": {
      "ar": {
        "mse": 0.03941740468144417,
        "rmse": 0.1985381693313509,
        "mae": 0.146570086479187,
        "r2": -0.047342896461486816
      },
      "en": {
        "mse": 0.03636522963643074,
        "rmse": 0.19069669539986983,
        "mae": 0.13290424644947052,
        "r2": -0.02490818500518799
      },
      "fi": {
        "mse": 0.04833085834980011,
        "rmse": 0.21984280372529846,
        "mae": 0.17724405229091644,
        "r2": -0.058059096336364746
      },
      "id": {
        "mse": 0.0477568656206131,
        "rmse": 0.21853344279677905,
        "mae": 0.16014617681503296,
        "r2": -0.1722705364227295
      },
      "ja": {
        "mse": 0.03206440061330795,
        "rmse": 0.17906535291146625,
        "mae": 0.1198212280869484,
        "r2": -0.0984731912612915
      },
      "ko": {
        "mse": 0.034993164241313934,
        "rmse": 0.18706459911301745,
        "mae": 0.1492505669593811,
        "r2": -0.04449474811553955
      },
      "ru": {
        "mse": 0.03919486328959465,
        "rmse": 0.19797692615452603,
        "mae": 0.15881763398647308,
        "r2": -0.08804440498352051
      }
    },
    "test": {
      "ar": {
        "mse": 0.05032958462834358,
        "rmse": 0.2243425608937002,
        "mae": 0.17454893887043,
        "r2": -0.020462512969970703
      },
      "en": {
        "mse": 0.03287433832883835,
        "rmse": 0.1813128189865194,
        "mae": 0.13210201263427734,
        "r2": -0.16292238235473633
      },
      "fi": {
        "mse": 0.03573068976402283,
        "rmse": 0.18902563255818727,
        "mae": 0.1479998528957367,
        "r2": -0.17176306247711182
      },
      "id": {
        "mse": 0.033242031931877136,
        "rmse": 0.18232397519766055,
        "mae": 0.1417895406484604,
        "r2": -0.03184247016906738
      },
      "ja": {
        "mse": 0.08785451203584671,
        "rmse": 0.29640261813257773,
        "mae": 0.21560530364513397,
        "r2": -0.29788780212402344
      },
      "ko": {
        "mse": 0.039004940539598465,
        "rmse": 0.19749668488255306,
        "mae": 0.15006767213344574,
        "r2": -0.11714136600494385
      },
      "ru": {
        "mse": 0.025589052587747574,
        "rmse": 0.15996578567852432,
        "mae": 0.1244078129529953,
        "r2": -0.04908478260040283
      }
    }
  },