{
  "ko": {
    "train_time": 20.483353853225708,
    "train_metrics": {
      "loss": 0.030140797548154567,
      "mse": 0.0304748322814703,
      "rmse": 0.17457042212663146,
      "r2": 0.11011731624603271
    },
    "val_metrics": {
      "loss": 0.04660842716693878,
      "mse": 0.04382137954235077,
      "rmse": 0.2093355668355255,
      "r2": -0.054549574851989746
    },
    "test_metrics": {
      "loss": 0.09938033138002668,
      "mse": 0.09950225055217743,
      "rmse": 0.3154397732566035,
      "r2": -1.4891412258148193
    },
    "language": "ko",
    "task": "single_submetric",
    "task_type": "regression",
    "model_type": "lm_probe",
    "is_control": false,
    "control_index": null,
    "submetric": "lexical_density"
  }
}