{
  "id": {
    "train_time": 40.743937730789185,
    "train_metrics": {
      "loss": 0.6921642512083054,
      "accuracy": 0.5209643605870021,
      "f1": 0.0
    },
    "val_metrics": {
      "loss": 0.6930259227752685,
      "accuracy": 0.5,
      "f1": 0.0
    },
    "test_metrics": {
      "loss": 0.693245393889291,
      "accuracy": 0.509090909090909,
      "f1": 0.03571428571428571
    },
    "language": "id",
    "task": "question_type",
    "task_type": "classification",
    "model_type": "lm_probe",
    "is_control": true,
    "control_index": 3
  }
}