{
  "ja": {
    "train_time": 65.8826904296875,
    "train_metrics": {
      "loss": 0.018130655052761235,
      "mse": 0.018208760768175125,
      "rmse": 0.13493984129298184,
      "r2": -0.06541335582733154
    },
    "val_metrics": {
      "loss": 0.029825978601972263,
      "mse": 0.029045145958662033,
      "rmse": 0.1704263652099112,
      "r2": 0.004961490631103516
    },
    "test_metrics": {
      "loss": 0.0842705803612868,
      "mse": 0.08563391864299774,
      "rmse": 0.2926327367930624,
      "r2": -0.26508259773254395
    },
    "language": "ja",
    "task": "single_submetric",
    "task_type": "regression",
    "model_type": "lm_probe",
    "is_control": true,
    "control_index": 1,
    "submetric": "avg_max_depth"
  }
}