{
  "id": {
    "train_time": 65.22129893302917,
    "train_metrics": {
      "loss": 0.01822395990602672,
      "mse": 0.018289390951395035,
      "rmse": 0.13523827472795943,
      "r2": 0.5904266238212585
    },
    "val_metrics": {
      "loss": 0.02452724874019623,
      "mse": 0.02554498426616192,
      "rmse": 0.1598279833638713,
      "r2": 0.48615723848342896
    },
    "test_metrics": {
      "loss": 0.029673908171909198,
      "mse": 0.029765242710709572,
      "rmse": 0.17252606385908645,
      "r2": 0.2725871801376343
    },
    "language": "id",
    "task": "single_submetric",
    "task_type": "regression",
    "model_type": "lm_probe",
    "is_control": false,
    "control_index": null,
    "submetric": "lexical_density"
  }
}