{
  "ar": {
    "train_time": 33.045552015304565,
    "train_metrics": {
      "loss": 0.01737021958632838,
      "mse": 0.01757808029651642,
      "rmse": 0.13258235288497644,
      "r2": -0.00038743019104003906
    },
    "val_metrics": {
      "loss": 0.06677422672510147,
      "mse": 0.06270825117826462,
      "rmse": 0.2504161559849217,
      "r2": -0.11972856521606445
    },
    "test_metrics": {
      "loss": 0.07691317647695542,
      "mse": 0.07665612548589706,
      "rmse": 0.27686842630732933,
      "r2": -0.38797175884246826
    },
    "language": "ar",
    "task": "single_submetric",
    "task_type": "regression",
    "model_type": "lm_probe",
    "is_control": true,
    "control_index": 2,
    "submetric": "avg_subordinate_chain_len"
  }
}