{
  "ar": {
    "train_time": 46.55480694770813,
    "train_metrics": {
      "loss": 0.021168708719963594,
      "mse": 0.021289968863129616,
      "rmse": 0.14591082503751945,
      "r2": -0.0012530088424682617
    },
    "val_metrics": {
      "loss": 0.03540395355472962,
      "mse": 0.037395283579826355,
      "rmse": 0.1933786016596106,
      "r2": 0.0063860416412353516
    },
    "test_metrics": {
      "loss": 0.05078697502613068,
      "mse": 0.05076437070965767,
      "rmse": 0.22530949982115195,
      "r2": -0.029278039932250977
    },
    "language": "ar",
    "task": "single_submetric",
    "task_type": "regression",
    "model_type": "lm_probe",
    "is_control": true,
    "control_index": 1,
    "submetric": "avg_max_depth"
  }
}