{
  "train_time": 21.260912656784058,
  "train_metrics": {
    "loss": 0.6923452287912368,
    "accuracy": 0.5209643605870021,
    "f1": 0.0
  },
  "val_metrics": {
    "loss": 0.6934882044792176,
    "accuracy": 0.5,
    "f1": 0.0
  },
  "test_metrics": {
    "loss": 0.6935313599450248,
    "accuracy": 0.5,
    "f1": 0.0
  },
  "language": "id",
  "task": "question_type",
  "task_type": "classification",
  "model_type": "lm_probe",
  "is_control": true,
  "control_index": 1
}