{
  "fi": {
    "train_time": 30.664090633392334,
    "train_metrics": {
      "loss": 0.03999664286151528,
      "mse": 0.03996792808175087,
      "rmse": 0.19991980412593163,
      "r2": 0.0007624626159667969
    },
    "val_metrics": {
      "loss": 0.03741762600839138,
      "mse": 0.03750486671924591,
      "rmse": 0.19366173271776205,
      "r2": -0.057122111320495605
    },
    "test_metrics": {
      "loss": 0.05529220561896052,
      "mse": 0.055554624646902084,
      "rmse": 0.23570028563177875,
      "r2": -0.24227404594421387
    },
    "language": "fi",
    "task": "single_submetric",
    "task_type": "regression",
    "model_type": "lm_probe",
    "is_control": true,
    "control_index": 2,
    "submetric": "lexical_density"
  }
}