{
  "model_type": "DummyRegressor",
  "training_time": 0.00061798095703125,
  "train_metrics": {
    "mse": 0.06124952435493469,
    "rmse": 0.24748641246528,
    "mae": 0.2089231014251709,
    "r2": 0.0
  },
  "val_metrics": {
    "mse": 0.05586141347885132,
    "rmse": 0.23635019246628786,
    "mae": 0.1957387775182724,
    "r2": -0.017234086990356445
  },
  "test_metrics": {
    "mse": 0.0700473040342331,
    "rmse": 0.2646645122305465,
    "mae": 0.22168244421482086,
    "r2": -0.10825800895690918
  },
  "per_language_metrics": {
    "train": {
      "ar": {
        "mse": 0.04625968262553215,
        "rmse": 0.21508064214506184,
        "mae": 0.18189504742622375,
        "r2": -0.13336384296417236
      },
      "en": {
        "mse": 0.05519751086831093,
        "rmse": 0.23494150520568077,
        "mae": 0.20710283517837524,
        "r2": -0.003737211227416992
      },
      "fi": {
        "mse": 0.052818991243839264,
        "rmse": 0.22982382653641303,
        "mae": 0.19722528755664825,
        "r2": -0.17024362087249756
      },
      "id": {
        "mse": 0.10820061713457108,
        "rmse": 0.3289386221387982,
        "mae": 0.28143447637557983,
        "r2": -0.0982961654663086
      },
      "ja": {
        "mse": 0.0658842995762825,
        "rmse": 0.2566793711545252,
        "mae": 0.22440120577812195,
        "r2": -0.014155983924865723
      },
      "ko": {
        "mse": 0.047908149659633636,
        "rmse": 0.21887930386318766,
        "mae": 0.16695919632911682,
        "r2": -0.2991408109664917
      },
      "ru": {
        "mse": 0.054341066628694534,
        "rmse": 0.23311170418641475,
        "mae": 0.19756847620010376,
        "r2": -0.04851388931274414
      }
    },
    "val": {
      "ar": {
        "mse": 0.057848211377859116,
        "rmse": 0.2405165511515977,
        "mae": 0.20530828833580017,
        "r2": -0.004587292671203613
      },
      "en": {
        "mse": 0.05115123093128204,
        "rmse": 0.2261663788702513,
        "mae": 0.18973292410373688,
        "r2": -1.5974044799804688e-05
      },
      "fi": {
        "mse": 0.061677299439907074,
        "rmse": 0.24834914825685847,
        "mae": 0.20708101987838745,
        "r2": -0.004287600517272949
      },
      "id": {
        "mse": 0.06842586398124695,
        "rmse": 0.2615833786410118,
        "mae": 0.22368910908699036,
        "r2": -0.13502788543701172
      },
      "ja": {
        "mse": 0.08628211915493011,
        "rmse": 0.29373818130255064,
        "mae": 0.2583756744861603,
        "r2": -0.003006458282470703
      },
      "ko": {
        "mse": 0.025278901681303978,
        "rmse": 0.15899340137661053,
        "mae": 0.11911395937204361,
        "r2": -0.028916358947753906
      },
      "ru": {
        "mse": 0.052851174026727676,
        "rmse": 0.2298938320763036,
        "mae": 0.19462858140468597,
        "r2": -0.08584511280059814
      }
    },
    "test": {
      "ar": {
        "mse": 0.0978853702545166,
        "rmse": 0.31286637763511216,
        "mae": 0.28134962916374207,
        "r2": -0.41821956634521484
      },
      "en": {
        "mse": 0.060005322098731995,
        "rmse": 0.24495983772596683,
        "mae": 0.21003614366054535,
        "r2": -0.008761882781982422
      },
      "fi": {
        "mse": 0.07522547990083694,
        "rmse": 0.27427263790038725,
        "mae": 0.23858672380447388,
        "r2": -0.06308197975158691
      },
      "id": {
        "mse": 0.08073292672634125,
        "rmse": 0.28413540209967014,
        "mae": 0.24775665998458862,
        "r2": -0.26401758193969727
      },
      "ja": {
        "mse": 0.10183757543563843,
        "rmse": 0.3191200016226473,
        "mae": 0.2755744159221649,
        "r2": -0.0660625696182251
      },
      "ko": {
        "mse": 0.035420846194028854,
        "rmse": 0.18820426720462227,
        "mae": 0.13828182220458984,
        "r2": -0.020945191383361816
      },
      "ru": {
        "mse": 0.052777133882045746,
        "rmse": 0.22973274447071262,
        "mae": 0.1869104951620102,
        "r2": -0.28953349590301514
      }
    }
  },
  "feature_importances": null
}