{
  "ru": {
    "train_time": 64.62431573867798,
    "train_metrics": {
      "loss": 0.05132543576260408,
      "mse": 0.05117644742131233,
      "rmse": 0.22622211965524577,
      "r2": 0.012547492980957031
    },
    "val_metrics": {
      "loss": 0.05101515129208565,
      "mse": 0.04916903004050255,
      "rmse": 0.22174090745846275,
      "r2": -0.01019430160522461
    },
    "test_metrics": {
      "loss": 0.04622441131089415,
      "mse": 0.045851655304431915,
      "rmse": 0.21412999627430043,
      "r2": -0.12031936645507812
    },
    "language": "ru",
    "task": "single_submetric",
    "task_type": "regression",
    "model_type": "lm_probe",
    "is_control": true,
    "control_index": 3,
    "submetric": "avg_verb_edges"
  }
}