{
  "id": {
    "train_time": 17.48732876777649,
    "train_metrics": {
      "loss": 0.6923092474540075,
      "accuracy": 0.5209643605870021,
      "f1": 0.0
    },
    "val_metrics": {
      "loss": 0.6934750199317932,
      "accuracy": 0.5,
      "f1": 0.0
    },
    "test_metrics": {
      "loss": 0.6935529794011798,
      "accuracy": 0.5,
      "f1": 0.0
    },
    "language": "id",
    "task": "question_type",
    "task_type": "classification",
    "model_type": "lm_probe",
    "is_control": true,
    "control_index": 1
  }
}