{
  "train_time": 32.117400884628296,
  "train_metrics": {
    "loss": 0.0272896354769667,
    "mse": 0.027299346402287483,
    "rmse": 0.16522513853009016,
    "r2": 0.00038939714431762695
  },
  "val_metrics": {
    "loss": 0.026732145808637142,
    "mse": 0.026140250265598297,
    "rmse": 0.16167946766858896,
    "r2": -0.0018620491027832031
  },
  "test_metrics": {
    "loss": 0.029341233362044607,
    "mse": 0.029513878747820854,
    "rmse": 0.17179603821922337,
    "r2": -0.031506896018981934
  },
  "language": "en",
  "task": "single_submetric",
  "task_type": "regression",
  "model_type": "lm_probe",
  "is_control": true,
  "control_index": 2,
  "submetric": "lexical_density"
}