{
  "train_time": 45.155601024627686,
  "train_metrics": {
    "loss": 0.03094039091374725,
    "mse": 0.031100118532776833,
    "rmse": 0.17635225695402038,
    "r2": -0.08198714256286621
  },
  "val_metrics": {
    "loss": 0.04631412252783775,
    "mse": 0.04410850256681442,
    "rmse": 0.21002024323101434,
    "r2": -0.08271551132202148
  },
  "test_metrics": {
    "loss": 0.039823588516030996,
    "mse": 0.03976006433367729,
    "rmse": 0.19939925860864502,
    "r2": -0.23416399955749512
  },
  "language": "id",
  "task": "single_submetric",
  "task_type": "regression",
  "model_type": "lm_probe",
  "is_control": true,
  "control_index": 2,
  "submetric": "avg_max_depth"
}