{
  "ar": {
    "train_time": 51.88742685317993,
    "train_metrics": {
      "loss": 0.021471703040694432,
      "mse": 0.021417610347270966,
      "rmse": 0.146347566933212,
      "r2": -0.007255911827087402
    },
    "val_metrics": {
      "loss": 0.03361466278632482,
      "mse": 0.035465121269226074,
      "rmse": 0.1883218555272491,
      "r2": 0.057671546936035156
    },
    "test_metrics": {
      "loss": 0.04775257408618927,
      "mse": 0.04777795821428299,
      "rmse": 0.21858169688764653,
      "r2": 0.0312732458114624
    },
    "language": "ar",
    "task": "single_submetric",
    "task_type": "regression",
    "model_type": "lm_probe",
    "is_control": true,
    "control_index": 2,
    "submetric": "avg_max_depth"
  }
}