{
  "ko": {
    "train_time": 21.996495723724365,
    "train_metrics": {
      "loss": 0.02575130753238943,
      "mse": 0.026164093986153603,
      "rmse": 0.1617531884883683,
      "r2": -0.17530488967895508
    },
    "val_metrics": {
      "loss": 0.04969920478761196,
      "mse": 0.05120067298412323,
      "rmse": 0.2262756570736747,
      "r2": -0.08681154251098633
    },
    "test_metrics": {
      "loss": 0.03498953926776137,
      "mse": 0.035111647099256516,
      "rmse": 0.18738102118212643,
      "r2": -0.09022307395935059
    },
    "language": "ko",
    "task": "complexity",
    "task_type": "regression",
    "model_type": "lm_probe",
    "is_control": true,
    "control_index": 3
  }
}