{
  "en": {
    "train_time": 78.76647353172302,
    "train_metrics": {
      "loss": 0.01233398906265696,
      "mse": 0.01229836791753769,
      "rmse": 0.11089800682400784,
      "r2": 0.5496749877929688
    },
    "val_metrics": {
      "loss": 0.015880282409489153,
      "mse": 0.016102509573101997,
      "rmse": 0.12689566412254596,
      "r2": 0.3828485608100891
    },
    "test_metrics": {
      "loss": 0.02284693398645946,
      "mse": 0.02300570160150528,
      "rmse": 0.15167630533971113,
      "r2": 0.19595319032669067
    },
    "language": "en",
    "task": "single_submetric",
    "task_type": "regression",
    "model_type": "lm_probe",
    "is_control": false,
    "control_index": null,
    "submetric": "lexical_density"
  }
}