{
  "ru": {
    "train_time": 40.14819574356079,
    "train_metrics": {
      "loss": 0.024823986173917848,
      "mse": 0.024869007989764214,
      "rmse": 0.15769910586228514,
      "r2": -0.247367262840271
    },
    "val_metrics": {
      "loss": 0.0671785019338131,
      "mse": 0.06472566723823547,
      "rmse": 0.2544123959995571,
      "r2": -0.3913766145706177
    },
    "test_metrics": {
      "loss": 0.06717665786189693,
      "mse": 0.06685561686754227,
      "rmse": 0.2585645313409058,
      "r2": -0.6910499334335327
    },
    "language": "ru",
    "task": "complexity",
    "task_type": "regression",
    "model_type": "lm_probe",
    "is_control": true,
    "control_index": 3
  }
}