{
  "train_time": 40.925052881240845,
  "train_metrics": {
    "loss": 0.08110813879304463,
    "accuracy": 1.0,
    "f1": 1.0
  },
  "val_metrics": {
    "loss": 0.17452879001696905,
    "accuracy": 0.9772727272727273,
    "f1": 0.975609756097561
  },
  "test_metrics": {
    "loss": 0.29994025613580433,
    "accuracy": 0.9,
    "f1": 0.8888888888888888
  }
}