{
  "ru": {
    "train_time": 49.01922035217285,
    "train_metrics": {
      "loss": 0.008643049461146196,
      "mse": 0.008654359728097916,
      "rmse": 0.09302881127961335,
      "r2": 0.5659189224243164
    },
    "val_metrics": {
      "loss": 0.024193831160664557,
      "mse": 0.023132720962166786,
      "rmse": 0.15209444750603746,
      "r2": 0.5027269124984741
    },
    "test_metrics": {
      "loss": 0.029778765248400823,
      "mse": 0.029672862961888313,
      "rmse": 0.17225812887027514,
      "r2": 0.2494528889656067
    },
    "language": "ru",
    "task": "complexity",
    "task_type": "regression",
    "model_type": "lm_probe",
    "is_control": false,
    "control_index": null
  }
}