{
  "train_time": 80.4330825805664,
  "train_metrics": {
    "loss": 0.6922799189885457,
    "accuracy": 0.5029387069689337,
    "f1": 0.016611295681063124
  },
  "val_metrics": {
    "loss": 0.6926910479863485,
    "accuracy": 0.45652173913043476,
    "f1": 0.0
  },
  "test_metrics": {
    "loss": 0.6941569844881693,
    "accuracy": 0.391304347826087,
    "f1": 0.0
  },
  "language": "ja",
  "task": "question_type",
  "task_type": "classification",
  "model_type": "lm_probe",
  "is_control": true,
  "control_index": 3
}