{
  "ko": {
    "train_time": 34.04335689544678,
    "train_metrics": {
      "loss": 0.023118221329802527,
      "mse": 0.023344039916992188,
      "rmse": 0.152787564667391,
      "r2": 0.6368316411972046
    },
    "val_metrics": {
      "loss": 0.03542308872565627,
      "mse": 0.03883935883641243,
      "rmse": 0.19707703782128558,
      "r2": 0.40768343210220337
    },
    "test_metrics": {
      "loss": 0.05685611228857722,
      "mse": 0.05648013949394226,
      "rmse": 0.23765550591968673,
      "r2": -0.11774599552154541
    },
    "language": "ko",
    "task": "single_submetric",
    "task_type": "regression",
    "model_type": "lm_probe",
    "is_control": false,
    "control_index": null,
    "submetric": "avg_subordinate_chain_len"
  }
}