{
  "ar": {
    "train_time": 17.911728143692017,
    "train_metrics": {
      "loss": 0.6932916111416287,
      "accuracy": 0.5005025125628141,
      "f1": 0.0
    },
    "val_metrics": {
      "loss": 0.69231645266215,
      "accuracy": 0.5454545454545454,
      "f1": 0.0
    },
    "test_metrics": {
      "loss": 0.6894025921821594,
      "accuracy": 0.7142857142857143,
      "f1": 0.0
    },
    "language": "ar",
    "task": "question_type",
    "task_type": "classification",
    "model_type": "lm_probe",
    "is_control": true,
    "control_index": 2
  }
}