language,real,control1,control2,control3
ar,0.0822924971580505,0.0675618276000022,0.0665794312953949,0.0708241388201713
en,0.0132353901863098,0.0405797064304351,0.0415777191519737,0.0419449694454669
fi,0.0205022804439067,0.0435254089534282,0.0418609194457531,0.0435815453529357
id,0.0252419654279947,0.0485901497304439,0.0488095879554748,0.04690583050251
ja,0.0228008106350898,0.0620499551296234,0.0622734539210796,0.0528975687921047
ko,0.0112834768369793,0.0351880975067615,0.0345479287207126,0.0351116470992565
ru,0.0175500176846981,0.0572122037410736,0.0564986243844032,0.0543434843420982
