language,real,control1,control2,control3
ar,0.07807542383670807,0.07807542383670807,0.07807542383670807,0.07807542383670807
en,0.0232008695602417,0.0232008695602417,0.0232008695602417,0.0232008695602417
fi,0.022279972210526466,0.022279972210526466,0.022279972210526466,0.022279972210526466
id,0.0297929048538208,0.0297929048538208,0.0297929048538208,0.0297929048538208
ja,0.07438185065984726,0.07438185065984726,0.07438185065984726,0.07438185065984726
ko,0.046861432492733,0.046861432492733,0.046861432492733,0.046861432492733
ru,0.01681213453412056,0.01681213453412056,0.01681213453412056,0.01681213453412056
