language,real,control1,control2,control3
ar,0.0522785559296608,0.0522785559296608,0.0522785559296608,0.0522785559296608
en,0.02899855189025402,0.02899855189025402,0.02899855189025402,0.02899855189025402
fi,0.03526958450675011,0.03526958450675011,0.03526958450675011,0.03526958450675011
id,0.032611001282930374,0.032611001282930374,0.032611001282930374,0.032611001282930374
ja,0.09446953982114792,0.09446953982114792,0.09446953982114792,0.09446953982114792
ko,0.0354413166642189,0.0354413166642189,0.0354413166642189,0.0354413166642189
ru,0.024759501218795776,0.024759501218795776,0.024759501218795776,0.024759501218795776
