language,real,control1,control2,control3
ar,0.8441558441558441,0.7142857142857143,0.3506493506493506,0.6233766233766234
en,0.9181818181818182,0.6818181818181818,0.509090909090909,0.5
fi,0.8909090909090909,0.4363636363636363,0.4727272727272727,0.5
id,0.6363636363636364,0.6454545454545455,0.5,0.509090909090909
ja,0.8586956521739131,0.532608695652174,0.5652173913043478,0.5217391304347826
ko,0.8727272727272727,0.5909090909090909,0.5272727272727272,0.4454545454545454
ru,0.9363636363636364,0.5,0.5363636363636364,0.5272727272727272
