language,real,control1,control2,control3
ar,0.974025974025974,0.7142857142857143,0.7142857142857143,0.7142857142857143
en,0.8909090909090909,0.5,0.5,0.5
fi,0.8636363636363636,0.5,0.5,0.5
id,0.5727272727272728,0.5,0.5,0.5
ja,0.6413043478260869,0.4021739130434782,0.4021739130434782,0.5978260869565217
ko,0.5909090909090909,0.5,0.5,0.5
ru,0.990909090909091,0.5,0.5,0.5
