language,real,control1,control2,control3
ar,0.0494633801281452,0.0610980354249477,0.0568229891359806,0.0586874559521675
en,0.0079782400280237,0.0093419179320335,0.0091954199597239,0.0095841428264975
fi,0.0232337228953838,0.0232780259102582,0.022695992141962,0.0229782480746507
id,0.0298170037567615,0.0347417369484901,0.034235656261444,0.0337238237261772
ja,0.0894510969519615,0.0990539044141769,0.1027310118079185,0.0958603397011756
ko,0.0185571871697902,0.0239274147897958,0.0248456541448831,0.0253793876618146
ru,0.0248462092131376,0.0180374160408973,0.0175683666020631,0.0183526128530502
