language,real,control1,control2,control3
ar,0.0512662082910537,0.0610678419470787,0.0599080063402652,0.0627373084425926
en,0.0229843109846115,0.0300037283450365,0.0295138787478208,0.0305511336773633
fi,0.0439771190285682,0.0483391247689724,0.049015425145626,0.0452265851199626
id,0.0292899217456579,0.044787012040615,0.0496973134577274,0.0468024499714374
ja,0.0907588452100753,0.0629468038678169,0.0751627385616302,0.069447711110115
ko,0.0679153874516487,0.082817830145359,0.0993189737200737,0.106281079351902
ru,0.0310334768146276,0.0556109920144081,0.06137615442276,0.0664721429347992
