language,real,control1,control2,control3
ar,0.0938125178217887,0.1134155094623565,0.1172750741243362,0.1216992735862732
en,0.0409167110919952,0.0646679177880287,0.0604472123086452,0.0596701316535472
fi,0.0568475760519504,0.0985418111085891,0.0890585780143737,0.0878311395645141
id,0.0617013797163963,0.0655482187867164,0.0655271038413047,0.0669712647795677
ja,0.0864274725317955,0.1046293526887893,0.1005779728293418,0.1012881770730018
ko,0.0424606688320636,0.0390971936285495,0.0429832935333251,0.0360376611351966
ru,0.0455559119582176,0.046232808381319,0.0443689078092575,0.0447388775646686
