language,real,control1,control2,control3
ar,0.0588316656649112,0.1115843132138252,0.1341110318899154,0.1153100505471229
en,0.0290052238851785,0.0608938485383987,0.0610585547983646,0.0625712350010871
fi,0.0437109358608722,0.0889002457261085,0.0872035175561904,0.0848938152194023
id,0.04498727992177,0.0668342933058738,0.0742165595293045,0.0717131271958351
ja,0.063604362308979,0.1089538559317588,0.1045370623469352,0.1040183380246162
ko,0.0407625883817672,0.0368307717144489,0.0376513078808784,0.0379702188074588
ru,0.0281285736709833,0.0497648008167743,0.0511622130870819,0.0499442964792251
