{
  "train_time": 17.908661365509033,
  "train_metrics": {
    "loss": 0.06410770411504076,
    "mse": 0.06425902992486954,
    "rmse": 0.2534936486874366,
    "r2": 0.00030803680419921875
  },
  "val_metrics": {
    "loss": 0.07318840101361275,
    "mse": 0.07378276437520981,
    "rmse": 0.2716298296859345,
    "r2": -0.12521815299987793
  },
  "test_metrics": {
    "loss": 0.0549826728446143,
    "mse": 0.054969727993011475,
    "rmse": 0.23445623897224718,
    "r2": -0.08785474300384521
  },
  "language": "ko",
  "task": "single_submetric",
  "task_type": "regression",
  "model_type": "lm_probe",
  "is_control": true,
  "control_index": 3,
  "submetric": "avg_subordinate_chain_len"
}