{
  "train_time": 65.25484681129456,
  "train_metrics": {
    "loss": 0.028027841293563446,
    "mse": 0.02795599214732647,
    "rmse": 0.1672004549854051,
    "r2": 0.22958099842071533
  },
  "val_metrics": {
    "loss": 0.022024256736040117,
    "mse": 0.020459331572055817,
    "rmse": 0.14303611981613532,
    "r2": 0.5106495022773743
  },
  "test_metrics": {
    "loss": 0.09808100312948227,
    "mse": 0.09734287112951279,
    "rmse": 0.31199819090743586,
    "r2": -0.6781476736068726
  }
}