{
  "train_time": 80.64915227890015,
  "train_metrics": {
    "loss": 0.6924898870786032,
    "accuracy": 0.5050335570469798,
    "f1": 0.029605263157894735
  },
  "val_metrics": {
    "loss": 0.6924972414970398,
    "accuracy": 0.4861111111111111,
    "f1": 0.0
  },
  "test_metrics": {
    "loss": 0.693304215158735,
    "accuracy": 0.5,
    "f1": 0.0
  },
  "language": "en",
  "task": "question_type",
  "task_type": "classification",
  "model_type": "lm_probe",
  "is_control": true,
  "control_index": 3
}