{
  "id": {
    "train_time": 48.81770205497742,
    "train_metrics": {
      "loss": 0.018165434369196494,
      "mse": 0.018215127289295197,
      "rmse": 0.1349634294514451,
      "r2": 0.0028394460678100586
    },
    "val_metrics": {
      "loss": 0.04522104784846306,
      "mse": 0.041818659752607346,
      "rmse": 0.2044961118276026,
      "r2": -0.13324546813964844
    },
    "test_metrics": {
      "loss": 0.031909137698156495,
      "mse": 0.031736407428979874,
      "rmse": 0.17814715105490705,
      "r2": -0.429516077041626
    },
    "language": "id",
    "task": "single_submetric",
    "task_type": "regression",
    "model_type": "lm_probe",
    "is_control": true,
    "control_index": 1,
    "submetric": "avg_links_len"
  }
}