{
  "ar": {
    "train_time": 66.0214958190918,
    "train_metrics": {
      "loss": 0.007392259381179299,
      "mse": 0.007397070061415434,
      "rmse": 0.08600622106228964,
      "r2": 0.6491686105728149
    },
    "val_metrics": {
      "loss": 0.024432961829006672,
      "mse": 0.02313251607120037,
      "rmse": 0.1520937739396336,
      "r2": 0.5287250876426697
    },
    "test_metrics": {
      "loss": 0.04261591583490372,
      "mse": 0.041231874376535416,
      "rmse": 0.20305633301262835,
      "r2": 0.10975205898284912
    },
    "language": "ar",
    "task": "single_submetric",
    "task_type": "regression",
    "model_type": "lm_probe",
    "is_control": false,
    "control_index": null,
    "submetric": "avg_links_len"
  }
}