{
  "ko": {
    "train_time": 50.56180953979492,
    "train_metrics": {
      "loss": 0.009937355294823647,
      "mse": 0.010015776380896568,
      "rmse": 0.10007885081722595,
      "r2": -0.010733962059020996
    },
    "val_metrics": {
      "loss": 0.044606832787394524,
      "mse": 0.04899898171424866,
      "rmse": 0.2213571361267774,
      "r2": -0.13700175285339355
    },
    "test_metrics": {
      "loss": 0.06984685254948479,
      "mse": 0.0692829117178917,
      "rmse": 0.26321647311270563,
      "r2": -0.66143798828125
    },
    "language": "ko",
    "task": "single_submetric",
    "task_type": "regression",
    "model_type": "lm_probe",
    "is_control": true,
    "control_index": 3,
    "submetric": "n_tokens"
  }
}