{
  "model_type": "DummyClassifier",
  "training_time": 0.0009229183197021484,
  "train_metrics": {
    "accuracy": 0.5064343163538874,
    "f1": 0.0
  },
  "val_metrics": {
    "accuracy": 0.5056689342403629,
    "f1": 0.0
  },
  "test_metrics": {
    "accuracy": 0.5104311543810849,
    "f1": 0.0
  },
  "per_language_metrics": {
    "train": {
      "ar": {
        "accuracy": 0.5005025125628141,
        "f1": 0.0
      },
      "en": {
        "accuracy": 0.5,
        "f1": 0.0
      },
      "fi": {
        "accuracy": 0.499581589958159,
        "f1": 0.0
      },
      "id": {
        "accuracy": 0.5209643605870021,
        "f1": 0.0
      },
      "ja": {
        "accuracy": 0.4995801847187238,
        "f1": 0.0
      },
      "ko": {
        "accuracy": 0.5385656292286874,
        "f1": 0.0
      },
      "ru": {
        "accuracy": 0.5,
        "f1": 0.0
      }
    },
    "val": {
      "ar": {
        "accuracy": 0.5454545454545454,
        "f1": 0.0
      },
      "en": {
        "accuracy": 0.5,
        "f1": 0.0
      },
      "fi": {
        "accuracy": 0.5238095238095238,
        "f1": 0.0
      },
      "id": {
        "accuracy": 0.5,
        "f1": 0.0
      },
      "ja": {
        "accuracy": 0.4782608695652174,
        "f1": 0.0
      },
      "ko": {
        "accuracy": 0.5,
        "f1": 0.0
      },
      "ru": {
        "accuracy": 0.5,
        "f1": 0.0
      }
    },
    "test": {
      "ar": {
        "accuracy": 0.7142857142857143,
        "f1": 0.0
      },
      "en": {
        "accuracy": 0.5,
        "f1": 0.0
      },
      "fi": {
        "accuracy": 0.5,
        "f1": 0.0
      },
      "id": {
        "accuracy": 0.5,
        "f1": 0.0
      },
      "ja": {
        "accuracy": 0.40217391304347827,
        "f1": 0.0
      },
      "ko": {
        "accuracy": 0.5,
        "f1": 0.0
      },
      "ru": {
        "accuracy": 0.5,
        "f1": 0.0
      }
    }
  },
  "feature_importances": null,
  "task": "question_type",
  "languages": [
    "all"
  ],
  "control_index": 3,
  "submetric": null
}