{
  "en": {
    "train_time": 39.50212287902832,
    "train_metrics": {
      "loss": 0.027299174840251603,
      "mse": 0.027393929660320282,
      "rmse": 0.1655111164252126,
      "r2": -0.0030739307403564453
    },
    "val_metrics": {
      "loss": 0.02722684256732464,
      "mse": 0.026569679379463196,
      "rmse": 0.1630020839727615,
      "r2": -0.018320560455322266
    },
    "test_metrics": {
      "loss": 0.028535635077527592,
      "mse": 0.028667349368333817,
      "rmse": 0.16931435074539256,
      "r2": -0.0019208192825317383
    },
    "language": "en",
    "task": "single_submetric",
    "task_type": "regression",
    "model_type": "lm_probe",
    "is_control": true,
    "control_index": 1,
    "submetric": "lexical_density"
  }
}