{
  "ko": {
    "train_time": 52.55182385444641,
    "train_metrics": {
      "loss": 0.01023263253390472,
      "mse": 0.010265916585922241,
      "rmse": 0.10132085957946785,
      "r2": 0.5388495922088623
    },
    "val_metrics": {
      "loss": 0.014486748538911343,
      "mse": 0.014588968828320503,
      "rmse": 0.12078480379716855,
      "r2": 0.6903271675109863
    },
    "test_metrics": {
      "loss": 0.015642327988254174,
      "mse": 0.01562084723263979,
      "rmse": 0.12498338782670196,
      "r2": 0.5149698257446289
    },
    "language": "ko",
    "task": "complexity",
    "task_type": "regression",
    "model_type": "lm_probe",
    "is_control": false,
    "control_index": null
  }
}