{
  "train_time": 25.646050453186035,
  "train_metrics": {
    "loss": 0.040184476921955745,
    "mse": 0.04023166000843048,
    "rmse": 0.20057831390364833,
    "r2": -0.004151344299316406
  },
  "val_metrics": {
    "loss": 0.06497889012098312,
    "mse": 0.06521091610193253,
    "rmse": 0.255364281178736,
    "r2": -0.06280255317687988
  },
  "test_metrics": {
    "loss": 0.059747910127043724,
    "mse": 0.06036553531885147,
    "rmse": 0.24569398714427562,
    "r2": -0.1595700979232788
  },
  "language": "ja",
  "task": "complexity",
  "task_type": "regression",
  "model_type": "lm_probe",
  "is_control": true,
  "control_index": 1
}