{
  "en": {
    "train_time": 54.67018723487854,
    "train_metrics": {
      "loss": 0.009051705974464615,
      "mse": 0.009050469845533371,
      "rmse": 0.09513395737344985,
      "r2": 0.6686021089553833
    },
    "val_metrics": {
      "loss": 0.01453967895358801,
      "mse": 0.014633197337388992,
      "rmse": 0.1209677532956159,
      "r2": 0.439162015914917
    },
    "test_metrics": {
      "loss": 0.019791325687297752,
      "mse": 0.019868649542331696,
      "rmse": 0.14095619724698769,
      "r2": 0.3055928945541382
    },
    "language": "en",
    "task": "single_submetric",
    "task_type": "regression",
    "model_type": "lm_probe",
    "is_control": false,
    "control_index": null,
    "submetric": "lexical_density"
  }
}