{
  "ru": {
    "train_time": 81.4921715259552,
    "train_metrics": {
      "loss": 0.0051153059614201385,
      "mse": 0.0051041701808571815,
      "rmse": 0.07144347542538214,
      "r2": 0.760642945766449
    },
    "val_metrics": {
      "loss": 0.015310145169496536,
      "mse": 0.015712155029177666,
      "rmse": 0.1253481353238957,
      "r2": 0.5638325214385986
    },
    "test_metrics": {
      "loss": 0.025892518726842745,
      "mse": 0.026000261306762695,
      "rmse": 0.16124596524180906,
      "r2": -0.06594336032867432
    },
    "language": "ru",
    "task": "single_submetric",
    "task_type": "regression",
    "model_type": "lm_probe",
    "is_control": false,
    "control_index": null,
    "submetric": "avg_max_depth"
  }
}