{
  "fi": {
    "train_time": 19.764057397842407,
    "train_metrics": {
      "loss": 0.04523672359685103,
      "mse": 0.045228470116853714,
      "rmse": 0.2126698617972319,
      "r2": -0.0020700693130493164
    },
    "val_metrics": {
      "loss": 0.0685870386660099,
      "mse": 0.06876655668020248,
      "rmse": 0.2622337824922687,
      "r2": -0.1197214126586914
    },
    "test_metrics": {
      "loss": 0.09851439776165145,
      "mse": 0.09854181110858917,
      "rmse": 0.31391370009699987,
      "r2": -0.39258694648742676
    },
    "language": "fi",
    "task": "single_submetric",
    "task_type": "regression",
    "model_type": "lm_probe",
    "is_control": true,
    "control_index": 1,
    "submetric": "avg_verb_edges"
  }
}