{
  "id": {
    "train_time": 63.34137463569641,
    "train_metrics": {
      "loss": 0.003983114953734912,
      "mse": 0.004003709647804499,
      "rmse": 0.06327487374783532,
      "r2": 0.8927848935127258
    },
    "val_metrics": {
      "loss": 0.02125351931899786,
      "mse": 0.022137559950351715,
      "rmse": 0.14878696162752875,
      "r2": 0.5553582906723022
    },
    "test_metrics": {
      "loss": 0.03138724687908377,
      "mse": 0.03121737763285637,
      "rmse": 0.17668440121543375,
      "r2": 0.40460067987442017
    },
    "language": "id",
    "task": "single_submetric",
    "task_type": "regression",
    "model_type": "lm_probe",
    "is_control": false,
    "control_index": null,
    "submetric": "avg_subordinate_chain_len"
  }
}