{
  "ko": {
    "train_time": 36.20585656166077,
    "train_metrics": {
      "loss": 0.005587442493204899,
      "mse": 0.0055591813288629055,
      "rmse": 0.0745599177096039,
      "r2": 0.750278651714325
    },
    "val_metrics": {
      "loss": 0.0183150053024292,
      "mse": 0.019117332994937897,
      "rmse": 0.13826544396535925,
      "r2": 0.5942057371139526
    },
    "test_metrics": {
      "loss": 0.013290684004979474,
      "mse": 0.01326751708984375,
      "rmse": 0.11518470857645884,
      "r2": 0.5880411863327026
    },
    "language": "ko",
    "task": "complexity",
    "task_type": "regression",
    "model_type": "lm_probe",
    "is_control": false,
    "control_index": null
  }
}