{
  "ar": {
    "train_time": 33.69226121902466,
    "train_metrics": {
      "loss": 0.6934519608815511,
      "accuracy": 0.5005025125628141,
      "f1": 0.0
    },
    "val_metrics": {
      "loss": 0.6909527579943339,
      "accuracy": 0.5454545454545454,
      "f1": 0.0
    },
    "test_metrics": {
      "loss": 0.6825260519981384,
      "accuracy": 0.7142857142857143,
      "f1": 0.0
    },
    "language": "ar",
    "task": "question_type",
    "task_type": "classification",
    "model_type": "lm_probe",
    "is_control": true,
    "control_index": 1
  }
}