{
  "en": {
    "train_time": 52.771066427230835,
    "train_metrics": {
      "loss": 0.05510670227309068,
      "mse": 0.055085688829422,
      "rmse": 0.2347034060882415,
      "r2": -0.0017037391662597656
    },
    "val_metrics": {
      "loss": 0.0496701292693615,
      "mse": 0.0508081391453743,
      "rmse": 0.22540660847760052,
      "r2": 0.0066915154457092285
    },
    "test_metrics": {
      "loss": 0.05950751528143883,
      "mse": 0.05967013165354729,
      "rmse": 0.2442747053084852,
      "r2": -0.003126978874206543
    },
    "language": "en",
    "task": "single_submetric",
    "task_type": "regression",
    "model_type": "lm_probe",
    "is_control": true,
    "control_index": 3,
    "submetric": "avg_verb_edges"
  }
}