{
  "ru": {
    "train_time": 83.61415934562683,
    "train_metrics": {
      "loss": 0.003657470781666537,
      "mse": 0.0036675783339887857,
      "rmse": 0.06056053445923992,
      "r2": 0.8445846438407898
    },
    "val_metrics": {
      "loss": 0.02751019559800625,
      "mse": 0.024701066315174103,
      "rmse": 0.15716572881889393,
      "r2": 0.43733060359954834
    },
    "test_metrics": {
      "loss": 0.0312352203098791,
      "mse": 0.031033476814627647,
      "rmse": 0.17616321072978786,
      "r2": 0.22802120447158813
    },
    "language": "ru",
    "task": "single_submetric",
    "task_type": "regression",
    "model_type": "lm_probe",
    "is_control": false,
    "control_index": null,
    "submetric": "lexical_density"
  }
}