{
  "train_time": 27.155001163482666,
  "train_metrics": {
    "loss": 0.023574165980074,
    "mse": 0.023584293201565742,
    "rmse": 0.15357178517411896,
    "r2": -0.05941879749298096
  },
  "val_metrics": {
    "loss": 0.04802156239748001,
    "mse": 0.05010545253753662,
    "rmse": 0.2238424725952084,
    "r2": -0.06356382369995117
  },
  "test_metrics": {
    "loss": 0.032897580681102614,
    "mse": 0.03298488259315491,
    "rmse": 0.18161740718652192,
    "r2": -0.02418661117553711
  },
  "language": "ko",
  "task": "complexity",
  "task_type": "regression",
  "model_type": "lm_probe",
  "is_control": true,
  "control_index": 1
}