{
  "fi": {
    "train_time": 48.320648193359375,
    "train_metrics": {
      "loss": 0.020361042767763137,
      "mse": 0.0203681793063879,
      "rmse": 0.14271713038870948,
      "r2": -0.007924199104309082
    },
    "val_metrics": {
      "loss": 0.08097856678068638,
      "mse": 0.08086006343364716,
      "rmse": 0.2843590396552344,
      "r2": -0.23336470127105713
    },
    "test_metrics": {
      "loss": 0.039190520133290975,
      "mse": 0.039396852254867554,
      "rmse": 0.19848640319897873,
      "r2": 0.0022830963134765625
    },
    "language": "fi",
    "task": "complexity",
    "task_type": "regression",
    "model_type": "lm_probe",
    "is_control": true,
    "control_index": 3
  }
}