{
  "train_time": 54.32855248451233,
  "train_metrics": {
    "loss": 0.04159602257324026,
    "accuracy": 0.9972936400541272,
    "f1": 0.9970588235294118
  },
  "val_metrics": {
    "loss": 0.14360330924391745,
    "accuracy": 0.9444444444444444,
    "f1": 0.9444444444444444
  },
  "test_metrics": {
    "loss": 0.34821154177188873,
    "accuracy": 0.8636363636363636,
    "f1": 0.8760330578512396
  },
  "train_language": "ko",
  "eval_language": "fi",
  "task": "question_type",
  "task_type": "classification",
  "model_type": "lm_probe"
}