{
  "ja": {
    "train_time": 77.80959177017212,
    "train_metrics": {
      "loss": 0.0020704376775150498,
      "mse": 0.002072650473564863,
      "rmse": 0.04552637118819007,
      "r2": 0.8787270784378052
    },
    "val_metrics": {
      "loss": 0.012420329886178175,
      "mse": 0.01221032626926899,
      "rmse": 0.11050034510927552,
      "r2": 0.581694483757019
    },
    "test_metrics": {
      "loss": 0.028027544108529884,
      "mse": 0.02801615744829178,
      "rmse": 0.1673802779549962,
      "r2": 0.5861130952835083
    },
    "language": "ja",
    "task": "single_submetric",
    "task_type": "regression",
    "model_type": "lm_probe",
    "is_control": false,
    "control_index": null,
    "submetric": "avg_max_depth"
  }
}