{
  "train_time": 31.808878898620605,
  "train_metrics": {
    "loss": 0.025966973043978214,
    "mse": 0.025957228615880013,
    "rmse": 0.16111247194391876,
    "r2": 0.003176093101501465
  },
  "val_metrics": {
    "loss": 0.02751411187152068,
    "mse": 0.02718961238861084,
    "rmse": 0.16489272994468507,
    "r2": -0.0070580244064331055
  },
  "test_metrics": {
    "loss": 0.06874382309615612,
    "mse": 0.06944771111011505,
    "rmse": 0.26352933633680153,
    "r2": -0.32532811164855957
  },
  "language": "ja",
  "task": "single_submetric",
  "task_type": "regression",
  "model_type": "lm_probe",
  "is_control": true,
  "control_index": 3,
  "submetric": "lexical_density"
}