{
  "train_time": 66.4979956150055,
  "train_metrics": {
    "loss": 0.07611492052674293,
    "accuracy": 0.9874213836477987,
    "f1": 0.9868995633187773
  },
  "val_metrics": {
    "loss": 0.3570680171251297,
    "accuracy": 0.8611111111111112,
    "f1": 0.84375
  },
  "test_metrics": {
    "loss": 1.1154766593660628,
    "accuracy": 0.5272727272727272,
    "f1": 0.23529411764705882
  },
  "train_language": "id",
  "eval_language": "ko",
  "task": "question_type",
  "task_type": "classification",
  "model_type": "lm_probe"
}