{
  "ja": {
    "train_time": 60.8416588306427,
    "train_metrics": {
      "loss": 0.00951609223227327,
      "mse": 0.009585075080394745,
      "rmse": 0.0979033966744502,
      "r2": 0.851353108882904
    },
    "val_metrics": {
      "loss": 0.02203862275928259,
      "mse": 0.021962517872452736,
      "rmse": 0.14819756365221642,
      "r2": 0.6229395866394043
    },
    "test_metrics": {
      "loss": 0.05862320214509964,
      "mse": 0.058584410697221756,
      "rmse": 0.2420421671883264,
      "r2": 0.20383614301681519
    },
    "language": "ja",
    "task": "single_submetric",
    "task_type": "regression",
    "model_type": "lm_probe",
    "is_control": false,
    "control_index": null,
    "submetric": "avg_subordinate_chain_len"
  }
}