{
  "id": {
    "train_time": 44.72448134422302,
    "train_metrics": {
      "loss": 0.09870422091335058,
      "mse": 0.09850757569074631,
      "rmse": 0.3138591653763616,
      "r2": 9.351968765258789e-05
    },
    "val_metrics": {
      "loss": 0.054366330802440646,
      "mse": 0.057819828391075134,
      "rmse": 0.2404575396844007,
      "r2": 0.040901899337768555
    },
    "test_metrics": {
      "loss": 0.06193992814847401,
      "mse": 0.0616220124065876,
      "rmse": 0.2482378142156984,
      "r2": 0.03519773483276367
    },
    "language": "id",
    "task": "single_submetric",
    "task_type": "regression",
    "model_type": "lm_probe",
    "is_control": true,
    "control_index": 2,
    "submetric": "avg_verb_edges"
  }
}