{
  "id": {
    "train_time": 39.49204206466675,
    "train_metrics": {
      "loss": 0.6922577460606892,
      "accuracy": 0.5209643605870021,
      "f1": 0.0
    },
    "val_metrics": {
      "loss": 0.6938109755516052,
      "accuracy": 0.5,
      "f1": 0.0
    },
    "test_metrics": {
      "loss": 0.6935498884746006,
      "accuracy": 0.5,
      "f1": 0.0
    },
    "language": "id",
    "task": "question_type",
    "task_type": "classification",
    "model_type": "lm_probe",
    "is_control": true,
    "control_index": 1
  }
}