{
  "id": {
    "train_time": 51.45196270942688,
    "train_metrics": {
      "loss": 0.010379153253355373,
      "mse": 0.010402901098132133,
      "rmse": 0.10199461308388857,
      "r2": 0.7133139371871948
    },
    "val_metrics": {
      "loss": 0.01638669688254595,
      "mse": 0.0160263329744339,
      "rmse": 0.12659515383471004,
      "r2": 0.6166788935661316
    },
    "test_metrics": {
      "loss": 0.04321806931069919,
      "mse": 0.043070219457149506,
      "rmse": 0.20753365861264408,
      "r2": -0.05631303787231445
    },
    "language": "id",
    "task": "complexity",
    "task_type": "regression",
    "model_type": "lm_probe",
    "is_control": false,
    "control_index": null
  }
}