{
  "train_time": 27.077504873275757,
  "train_metrics": {
    "loss": 0.03730346569791436,
    "mse": 0.03729461506009102,
    "rmse": 0.1931181375741052,
    "r2": -0.02777540683746338
  },
  "val_metrics": {
    "loss": 0.050771021842956544,
    "mse": 0.04985745623707771,
    "rmse": 0.22328783271167668,
    "r2": -0.19250082969665527
  },
  "test_metrics": {
    "loss": 0.04323612951806614,
    "mse": 0.04312943294644356,
    "rmse": 0.20767626957946725,
    "r2": -0.05776524543762207
  },
  "language": "id",
  "task": "complexity",
  "task_type": "regression",
  "model_type": "lm_probe",
  "is_control": true,
  "control_index": 3
}