{
  "ar": {
    "train_time": 57.109554052352905,
    "train_metrics": {
      "loss": 0.042965977704004635,
      "mse": 0.04270196706056595,
      "rmse": 0.20664454277954197,
      "r2": -0.046199798583984375
    },
    "val_metrics": {
      "loss": 0.06057856852809588,
      "mse": 0.05972914397716522,
      "rmse": 0.2443954663596795,
      "r2": -0.03725135326385498
    },
    "test_metrics": {
      "loss": 0.10762633681297303,
      "mse": 0.10843577980995178,
      "rmse": 0.3292958848967776,
      "r2": -0.5710799694061279
    },
    "language": "ar",
    "task": "single_submetric",
    "task_type": "regression",
    "model_type": "lm_probe",
    "is_control": true,
    "control_index": 2,
    "submetric": "avg_verb_edges"
  }
}