{
  "en": {
    "train_time": 50.21393537521362,
    "train_metrics": {
      "loss": 0.01236385348563393,
      "mse": 0.01234756875783205,
      "rmse": 0.11111961464040473,
      "r2": 0.015415966510772705
    },
    "val_metrics": {
      "loss": 0.014177375100553035,
      "mse": 0.013752784579992294,
      "rmse": 0.1172722668834891,
      "r2": -0.03285384178161621
    },
    "test_metrics": {
      "loss": 0.011864773396934782,
      "mse": 0.011727127246558666,
      "rmse": 0.1082918614049951,
      "r2": -0.2608293294906616
    },
    "language": "en",
    "task": "single_submetric",
    "task_type": "regression",
    "model_type": "lm_probe",
    "is_control": true,
    "control_index": 2,
    "submetric": "avg_links_len"
  }
}