{
  "id": {
    "train_time": 40.268757343292236,
    "train_metrics": {
      "loss": 0.02866802808518211,
      "mse": 0.028734223917126656,
      "rmse": 0.16951172206407042,
      "r2": 0.00032341480255126953
    },
    "val_metrics": {
      "loss": 0.046900611370801926,
      "mse": 0.04550164192914963,
      "rmse": 0.21331113878358446,
      "r2": -0.1169123649597168
    },
    "test_metrics": {
      "loss": 0.036340988906366486,
      "mse": 0.036485545337200165,
      "rmse": 0.19101189841787386,
      "r2": -0.13252198696136475
    },
    "language": "id",
    "task": "single_submetric",
    "task_type": "regression",
    "model_type": "lm_probe",
    "is_control": true,
    "control_index": 3,
    "submetric": "avg_max_depth"
  }
}