{
  "id": {
    "train_time": 63.96735453605652,
    "train_metrics": {
      "loss": 0.028027841293563446,
      "mse": 0.02795599214732647,
      "rmse": 0.1672004549854051,
      "r2": 0.22958099842071533
    },
    "val_metrics": {
      "loss": 0.022024256736040117,
      "mse": 0.020459331572055817,
      "rmse": 0.14303611981613532,
      "r2": 0.5106495022773743
    },
    "test_metrics": {
      "loss": 0.06214492980922971,
      "mse": 0.06184251606464386,
      "rmse": 0.2486815555376873,
      "r2": -0.5167105197906494
    },
    "language": "id",
    "task": "complexity",
    "task_type": "regression",
    "model_type": "lm_probe",
    "is_control": false,
    "control_index": null
  }
}