{
  "train_time": 17.80454444885254,
  "train_metrics": {
    "loss": 0.691789559861447,
    "accuracy": 0.5385656292286874,
    "f1": 0.0
  },
  "val_metrics": {
    "loss": 0.6934142589569092,
    "accuracy": 0.5,
    "f1": 0.0
  },
  "test_metrics": {
    "loss": 0.6933533208710807,
    "accuracy": 0.5,
    "f1": 0.0
  },
  "language": "ko",
  "task": "question_type",
  "task_type": "classification",
  "model_type": "lm_probe",
  "is_control": true,
  "control_index": 3
}