{
  "ja": {
    "train_time": 31.870758295059204,
    "train_metrics": {
      "loss": 0.009408126116419831,
      "mse": 0.00946397241204977,
      "rmse": 0.09728295026390683,
      "r2": -0.01744365692138672
    },
    "val_metrics": {
      "loss": 0.018496813563009102,
      "mse": 0.01884157955646515,
      "rmse": 0.13726463330539718,
      "r2": -0.05686771869659424
    },
    "test_metrics": {
      "loss": 0.1019318662583828,
      "mse": 0.1010766252875328,
      "rmse": 0.3179255027322168,
      "r2": -1.3772072792053223
    },
    "language": "ja",
    "task": "single_submetric",
    "task_type": "regression",
    "model_type": "lm_probe",
    "is_control": true,
    "control_index": 3,
    "submetric": "avg_links_len"
  }
}