{
  "train_time": 64.94844841957092,
  "train_metrics": {
    "loss": 0.03244686527798573,
    "mse": 0.032501716166734695,
    "rmse": 0.18028232350048826,
    "r2": 0.025105178356170654
  },
  "val_metrics": {
    "loss": 0.029071326553821563,
    "mse": 0.028874166309833527,
    "rmse": 0.16992400157080084,
    "r2": 0.03252631425857544
  },
  "test_metrics": {
    "loss": 0.018025420073951994,
    "mse": 0.017949802801012993,
    "rmse": 0.13397687412763815,
    "r2": -0.06558346748352051
  },
  "language": "ru",
  "task": "single_submetric",
  "task_type": "regression",
  "model_type": "lm_probe",
  "is_control": true,
  "control_index": 2,
  "submetric": "avg_links_len"
}