{
  "model_type": "Ridge",
  "training_time": 0.06274199485778809,
  "train_metrics": {
    "mse": 0.012773897415916169,
    "rmse": 0.1130216679045048,
    "mae": 0.08522823449954647,
    "r2": 0.49821116181492486
  },
  "val_metrics": {
    "mse": 0.04172877536367625,
    "rmse": 0.20427622319711183,
    "mae": 0.15770123827908092,
    "r2": -0.10132676289613785
  },
  "test_metrics": {
    "mse": 0.042634976440610955,
    "rmse": 0.2064823877249848,
    "mae": 0.1550775744682072,
    "r2": -0.03620839449959368
  },
  "per_language_metrics": {
    "train": {
      "ar": {
        "mse": 0.011510033971167009,
        "rmse": 0.10728482637897593,
        "mae": 0.08366484609905303,
        "r2": 0.4586908091634385
      },
      "en": {
        "mse": 0.01340588842999793,
        "rmse": 0.11578380037810959,
        "mae": 0.08421722351939366,
        "r2": 0.4691250482214724
      },
      "fi": {
        "mse": 0.01486532524457448,
        "rmse": 0.12192344009489922,
        "mae": 0.09363634065250531,
        "r2": 0.5205888490184115
      },
      "id": {
        "mse": 0.014958443836866226,
        "rmse": 0.12230471714887461,
        "mae": 0.09025176140153357,
        "r2": 0.4795890323126186
      },
      "ja": {
        "mse": 0.010200580395827406,
        "rmse": 0.10099792273025919,
        "mae": 0.07856468329140975,
        "r2": 0.4031536241500193
      },
      "ko": {
        "mse": 0.015014463454901388,
        "rmse": 0.12253351971971338,
        "mae": 0.09173835950972194,
        "r2": 0.4859371062304563
      },
      "ru": {
        "mse": 0.01053766589667209,
        "rmse": 0.10265313388626814,
        "mae": 0.07772896493164261,
        "r2": 0.5058423342151477
      }
    },
    "val": {
      "ar": {
        "mse": 0.039466532513186464,
        "rmse": 0.19866185470086214,
        "mae": 0.14971295854161157,
        "r2": -0.048648131841664055
      },
      "en": {
        "mse": 0.03912524256643236,
        "rmse": 0.19780101760717098,
        "mae": 0.14344622647537103,
        "r2": -0.10269565496855804
      },
      "fi": {
        "mse": 0.05167335931857216,
        "rmse": 0.22731774967778506,
        "mae": 0.19046014367018974,
        "r2": -0.13123303377460238
      },
      "id": {
        "mse": 0.04403716076814187,
        "rmse": 0.209850329444921,
        "mae": 0.16236653620770378,
        "r2": -0.08096422170627093
      },
      "ja": {
        "mse": 0.031985426274931394,
        "rmse": 0.17884469876105188,
        "mae": 0.11950994147334351,
        "r2": -0.0957678386948202
      },
      "ko": {
        "mse": 0.03580320171934126,
        "rmse": 0.18921733990134534,
        "mae": 0.15502812285822762,
        "r2": -0.0686732250260893
      },
      "ru": {
        "mse": 0.04685538465558633,
        "rmse": 0.21646104650857237,
        "mae": 0.17058174704547543,
        "r2": -0.30069945911056584
      }
    },
    "test": {
      "ar": {
        "mse": 0.05455365598111952,
        "rmse": 0.23356724081326027,
        "mae": 0.18112797640478387,
        "r2": -0.1061081981999179
      },
      "en": {
        "mse": 0.032797430749704516,
        "rmse": 0.18110060946806478,
        "mae": 0.13553349502732362,
        "r2": -0.16020176421089438
      },
      "fi": {
        "mse": 0.034595664778187964,
        "rmse": 0.18599909886391375,
        "mae": 0.1434180695395854,
        "r2": -0.13454061458800814
      },
      "id": {
        "mse": 0.03468505451769451,
        "rmse": 0.18623924000514638,
        "mae": 0.14534672019757314,
        "r2": -0.07663416625651731
      },
      "ja": {
        "mse": 0.08355985929427343,
        "rmse": 0.28906722279475655,
        "mae": 0.21280964110398665,
        "r2": -0.23444231295797313
      },
      "ko": {
        "mse": 0.037944766649542015,
        "rmse": 0.19479416482416,
        "mae": 0.1494331546000038,
        "r2": -0.08677680013756905
      },
      "ru": {
        "mse": 0.03058080598832478,
        "rmse": 0.17487368580871387,
        "mae": 0.13513615043465813,
        "r2": -0.25373371577948567
      }
    }
  },
  "feature_importances": null
}