{
  "en": {
    "train_time": 40.90032148361206,
    "train_metrics": {
      "loss": 0.02542292941361666,
      "mse": 0.02551494725048542,
      "rmse": 0.159733989027024,
      "r2": -0.010395288467407227
    },
    "val_metrics": {
      "loss": 0.03711965568363666,
      "mse": 0.0387503020465374,
      "rmse": 0.19685096404777244,
      "r2": -0.09212839603424072
    },
    "test_metrics": {
      "loss": 0.03014961470450674,
      "mse": 0.03015933930873871,
      "rmse": 0.17366444457268365,
      "r2": -0.0668799877166748
    },
    "language": "en",
    "task": "single_submetric",
    "task_type": "regression",
    "model_type": "lm_probe",
    "is_control": true,
    "control_index": 3,
    "submetric": "avg_max_depth"
  }
}