{
  "train_time": 39.43785119056702,
  "train_metrics": {
    "loss": 0.020725698731839656,
    "mse": 0.02080647274851799,
    "rmse": 0.14424448949099578,
    "r2": -0.001212477684020996
  },
  "val_metrics": {
    "loss": 0.019425454859932263,
    "mse": 0.01939556561410427,
    "rmse": 0.1392679633444256,
    "r2": 0.029284954071044922
  },
  "test_metrics": {
    "loss": 0.05759652890264988,
    "mse": 0.05742211267352104,
    "rmse": 0.23962911482856386,
    "r2": 0.037485480308532715
  },
  "language": "ja",
  "task": "single_submetric",
  "task_type": "regression",
  "model_type": "lm_probe",
  "is_control": true,
  "control_index": 1,
  "submetric": "n_tokens"
}