{
  "train_time": 67.31362390518188,
  "train_metrics": {
    "loss": 0.06438316836953163,
    "mse": 0.06447134166955948,
    "rmse": 0.2539120746824764,
    "r2": 0.00016808509826660156
  },
  "val_metrics": {
    "loss": 0.05838536471128464,
    "mse": 0.0582217201590538,
    "rmse": 0.2412917739150131,
    "r2": 0.000428617000579834
  },
  "test_metrics": {
    "loss": 0.08982626100381215,
    "mse": 0.09151403605937958,
    "rmse": 0.30251286924588777,
    "r2": -0.24367845058441162
  },
  "language": "ja",
  "task": "single_submetric",
  "task_type": "regression",
  "model_type": "lm_probe",
  "is_control": true,
  "control_index": 3,
  "submetric": "avg_subordinate_chain_len"
}