{
  "id": {
    "train_time": 66.5535409450531,
    "train_metrics": {
      "loss": 0.023340408131480216,
      "mse": 0.02338896319270134,
      "rmse": 0.15293450621982385,
      "r2": 0.18628746271133423
    },
    "val_metrics": {
      "loss": 0.03280729204416275,
      "mse": 0.03193047642707825,
      "rmse": 0.17869100824349907,
      "r2": 0.216214120388031
    },
    "test_metrics": {
      "loss": 0.02969693605388914,
      "mse": 0.02967699244618416,
      "rmse": 0.17227011477962206,
      "r2": 0.07881748676300049
    },
    "language": "id",
    "task": "single_submetric",
    "task_type": "regression",
    "model_type": "lm_probe",
    "is_control": false,
    "control_index": null,
    "submetric": "avg_max_depth"
  }
}