{
  "train_time": 53.66523361206055,
  "train_metrics": {
    "loss": 0.01023263253390472,
    "mse": 0.010265916585922241,
    "rmse": 0.10132085957946785,
    "r2": 0.5388495922088623
  },
  "val_metrics": {
    "loss": 0.014486748538911343,
    "mse": 0.014588968828320503,
    "rmse": 0.12078480379716855,
    "r2": 0.6903271675109863
  },
  "test_metrics": {
    "loss": 0.023794663759569328,
    "mse": 0.024163344874978065,
    "rmse": 0.15544563318079432,
    "r2": 0.5358428955078125
  }
}