{
  "fi": {
    "train_time": 57.05439805984497,
    "train_metrics": {
      "loss": 0.013515574890188873,
      "mse": 0.013488330878317356,
      "rmse": 0.11613927362575227,
      "r2": 0.031516969203948975
    },
    "val_metrics": {
      "loss": 0.058150675147771835,
      "mse": 0.05811721086502075,
      "rmse": 0.24107511457017033,
      "r2": -0.19405841827392578
    },
    "test_metrics": {
      "loss": 0.054619371491883485,
      "mse": 0.054651111364364624,
      "rmse": 0.23377577155121235,
      "r2": -0.2310575246810913
    },
    "language": "fi",
    "task": "single_submetric",
    "task_type": "regression",
    "model_type": "lm_probe",
    "is_control": true,
    "control_index": 1,
    "submetric": "avg_subordinate_chain_len"
  }
}