{
  "en": {
    "train_time": 46.364524841308594,
    "train_metrics": {
      "loss": 0.006782717816531658,
      "mse": 0.006805362179875374,
      "rmse": 0.08249461909649243,
      "r2": 0.7463399171829224
    },
    "val_metrics": {
      "loss": 0.025311347097158432,
      "mse": 0.025770775973796844,
      "rmse": 0.16053278784658553,
      "r2": 0.3842286467552185
    },
    "test_metrics": {
      "loss": 0.01319119573703834,
      "mse": 0.013235390186309814,
      "rmse": 0.11504516585371945,
      "r2": 0.6565680503845215
    },
    "language": "en",
    "task": "complexity",
    "task_type": "regression",
    "model_type": "lm_probe",
    "is_control": false,
    "control_index": null
  }
}