{
  "en": {
    "train_time": 41.16445970535278,
    "train_metrics": {
      "loss": 0.02550293643027544,
      "mse": 0.025489740073680878,
      "rmse": 0.15965506591925255,
      "r2": -0.009397029876708984
    },
    "val_metrics": {
      "loss": 0.03713548332452774,
      "mse": 0.03877383843064308,
      "rmse": 0.1969107372152242,
      "r2": -0.09279167652130127
    },
    "test_metrics": {
      "loss": 0.02888687966125352,
      "mse": 0.028907395899295807,
      "rmse": 0.170021751253467,
      "r2": -0.022592782974243164
    },
    "language": "en",
    "task": "single_submetric",
    "task_type": "regression",
    "model_type": "lm_probe",
    "is_control": true,
    "control_index": 2,
    "submetric": "avg_max_depth"
  }
}