{
  "train_time": 49.373024463653564,
  "train_metrics": {
    "loss": 0.016860944146866955,
    "mse": 0.01704690419137478,
    "rmse": 0.13056379356994335,
    "r2": 0.02984243631362915
  },
  "val_metrics": {
    "loss": 0.06356262043118477,
    "mse": 0.059648092836141586,
    "rmse": 0.2442295904188139,
    "r2": -0.06508588790893555
  },
  "test_metrics": {
    "loss": 0.07189598754048347,
    "mse": 0.07181170582771301,
    "rmse": 0.2679770621297894,
    "r2": -0.30025649070739746
  },
  "language": "ar",
  "task": "single_submetric",
  "task_type": "regression",
  "model_type": "lm_probe",
  "is_control": true,
  "control_index": 2,
  "submetric": "avg_subordinate_chain_len"
}