{
  "fi": {
    "train_time": 39.04975748062134,
    "train_metrics": {
      "loss": 0.003222977924160659,
      "mse": 0.003209108952432871,
      "rmse": 0.056648997806076594,
      "r2": 0.7810719609260559
    },
    "val_metrics": {
      "loss": 0.007139749941416085,
      "mse": 0.007151960860937834,
      "rmse": 0.08456926664538267,
      "r2": 0.6117746233940125
    },
    "test_metrics": {
      "loss": 0.011479814936007773,
      "mse": 0.011545844376087189,
      "rmse": 0.10745159084949459,
      "r2": 0.16494834423065186
    },
    "language": "fi",
    "task": "single_submetric",
    "task_type": "regression",
    "model_type": "lm_probe",
    "is_control": false,
    "control_index": null,
    "submetric": "n_tokens"
  }
}