{
  "model_type": "Ridge",
  "training_time": 0.45349550247192383,
  "train_metrics": {
    "mse": 0.015133881273262614,
    "rmse": 0.1230198409739771,
    "mae": 0.09766596313406876,
    "r2": 0.4722098001799032
  },
  "val_metrics": {
    "mse": 0.06315823313570658,
    "rmse": 0.25131301823762847,
    "mae": 0.20248373167927824,
    "r2": -0.13462632847304934
  },
  "test_metrics": {
    "mse": 0.04897569807893945,
    "rmse": 0.22130453695968244,
    "mae": 0.17379239627707305,
    "r2": -0.08217919670084828
  },
  "per_language_metrics": {
    "train": {
      "ar": {
        "mse": 0.01673390330453886,
        "rmse": 0.12935958914799808,
        "mae": 0.10381595761033732,
        "r2": 0.45487490939771524
      },
      "en": {
        "mse": 0.013742886749748514,
        "rmse": 0.11723005907082241,
        "mae": 0.09417091966264186,
        "r2": 0.48775369466275276
      },
      "fi": {
        "mse": 0.01047793957384159,
        "rmse": 0.10236180720288983,
        "mae": 0.08118364997492422,
        "r2": 0.4814966687913649
      },
      "id": {
        "mse": 0.018349459643569176,
        "rmse": 0.13546017733477678,
        "mae": 0.1092915248118965,
        "r2": 0.49432047659709377
      },
      "ja": {
        "mse": 0.024178884178167017,
        "rmse": 0.1554956082279079,
        "mae": 0.1290052077909384,
        "r2": 0.39651365156846974
      },
      "ko": {
        "mse": 0.012037190913214571,
        "rmse": 0.10971413269590465,
        "mae": 0.08780376730608419,
        "r2": 0.459283068826291
      },
      "ru": {
        "mse": 0.010174155840079174,
        "rmse": 0.10086702057699123,
        "mae": 0.07808099498426355,
        "r2": 0.48968976359887006
      }
    },
    "val": {
      "ar": {
        "mse": 0.07010529608463532,
        "rmse": 0.26477404722637626,
        "mae": 0.2114283877116402,
        "r2": -0.08055586333398534
      },
      "en": {
        "mse": 0.04680588605529586,
        "rmse": 0.2163466802502314,
        "mae": 0.1769426360939805,
        "r2": -0.11838782725749897
      },
      "fi": {
        "mse": 0.07775235015503666,
        "rmse": 0.2788410840515376,
        "mae": 0.22754836854379729,
        "r2": -0.18596254335866846
      },
      "id": {
        "mse": 0.053839744974610845,
        "rmse": 0.2320339306537103,
        "mae": 0.19208599941789453,
        "r2": -0.2877500176846195
      },
      "ja": {
        "mse": 0.07336673350768307,
        "rmse": 0.2708629422931145,
        "mae": 0.22011425889010017,
        "r2": -0.19572542880603927
      },
      "ko": {
        "mse": 0.057455405319106645,
        "rmse": 0.2396985717919626,
        "mae": 0.1950770315338368,
        "r2": -0.21957766683483193
      },
      "ru": {
        "mse": 0.07099451898434667,
        "rmse": 0.2664479667483816,
        "mae": 0.2071675757882564,
        "r2": -0.5261352380064777
      }
    },
    "test": {
      "ar": {
        "mse": 0.06247113139722017,
        "rmse": 0.24994225612573032,
        "mae": 0.20636905621303026,
        "r2": -0.07697447489383769
      },
      "en": {
        "mse": 0.04257375843980211,
        "rmse": 0.20633409422536575,
        "mae": 0.16141022666017982,
        "r2": -0.10470409493943422
      },
      "fi": {
        "mse": 0.03744260753729783,
        "rmse": 0.19350092386678114,
        "mae": 0.1486801660686496,
        "r2": 0.05177402248457119
      },
      "id": {
        "mse": 0.04454827901894486,
        "rmse": 0.2110646323260836,
        "mae": 0.16615233611331132,
        "r2": -0.09256301611235385
      },
      "ja": {
        "mse": 0.058821866980654613,
        "rmse": 0.24253219782258728,
        "mae": 0.19408322295394634,
        "r2": -0.12991745647031672
      },
      "ko": {
        "mse": 0.03661089688999615,
        "rmse": 0.191339742055842,
        "mae": 0.14812177128067677,
        "r2": -0.13677512613179088
      },
      "ru": {
        "mse": 0.06602116755897079,
        "rmse": 0.2569458455763992,
        "mae": 0.20482330972308369,
        "r2": -0.6699434456792257
      }
    }
  },
  "feature_importances": null,
  "task": "complexity",
  "languages": [
    "all"
  ],
  "control_index": 1,
  "submetric": null
}