{
  "fi": {
    "train_time": 80.16755938529968,
    "train_metrics": {
      "loss": 0.02042805534477035,
      "mse": 0.02041727490723133,
      "rmse": 0.14288903004510645,
      "r2": 0.48954808712005615
    },
    "val_metrics": {
      "loss": 0.022202334948815405,
      "mse": 0.022439969703555107,
      "rmse": 0.1497997653654875,
      "r2": 0.36750102043151855
    },
    "test_metrics": {
      "loss": 0.04005814982312066,
      "mse": 0.04021386057138443,
      "rmse": 0.20053393870211703,
      "r2": 0.10076546669006348
    },
    "language": "fi",
    "task": "single_submetric",
    "task_type": "regression",
    "model_type": "lm_probe",
    "is_control": false,
    "control_index": null,
    "submetric": "lexical_density"
  }
}