{
  "ru": {
    "train_time": 31.915665864944458,
    "train_metrics": {
      "loss": 0.02014840882271528,
      "mse": 0.020162777975201607,
      "rmse": 0.14199569703058473,
      "r2": -0.011314630508422852
    },
    "val_metrics": {
      "loss": 0.058541237562894824,
      "mse": 0.05612388625741005,
      "rmse": 0.2369048042092225,
      "r2": -0.2064683437347412
    },
    "test_metrics": {
      "loss": 0.052833295826401026,
      "mse": 0.05265694111585617,
      "rmse": 0.22947100277781543,
      "r2": -0.3319077491760254
    },
    "language": "ru",
    "task": "complexity",
    "task_type": "regression",
    "model_type": "lm_probe",
    "is_control": true,
    "control_index": 3
  }
}