{
  "ru": {
    "train_time": 45.42975974082947,
    "train_metrics": {
      "loss": 0.021571167490134636,
      "mse": 0.02163250558078289,
      "rmse": 0.14707992922483643,
      "r2": -0.014443755149841309
    },
    "val_metrics": {
      "loss": 0.0368870347738266,
      "mse": 0.03439517319202423,
      "rmse": 0.18545935725118923,
      "r2": 0.045194387435913086
    },
    "test_metrics": {
      "loss": 0.02407673959221159,
      "mse": 0.024075865745544434,
      "rmse": 0.15516399629277544,
      "r2": 0.012951910495758057
    },
    "language": "ru",
    "task": "single_submetric",
    "task_type": "regression",
    "model_type": "lm_probe",
    "is_control": true,
    "control_index": 1,
    "submetric": "avg_max_depth"
  }
}