{
  "model_type": "Ridge",
  "training_time": 0.1836833953857422,
  "train_metrics": {
    "mse": 0.0180101063901016,
    "rmse": 0.13420173765678892,
    "mae": 0.10605010228539102,
    "r2": 0.6449115349557699
  },
  "val_metrics": {
    "mse": 0.042526716062377755,
    "rmse": 0.20622006707005444,
    "mae": 0.16127241268541015,
    "r2": 0.1579694476682575
  },
  "test_metrics": {
    "mse": 0.06173802559604393,
    "rmse": 0.24847137782055287,
    "mae": 0.19614116036226337,
    "r2": -0.39966101603768833
  },
  "per_language_metrics": {
    "train": {
      "ar": {
        "mse": 0.02405546729520335,
        "rmse": 0.15509825045822842,
        "mae": 0.12198032168452587,
        "r2": 0.44044715012922675
      },
      "en": {
        "mse": 0.01424844485676135,
        "rmse": 0.1193668499071721,
        "mae": 0.09798017661690162,
        "r2": 0.4782696856065849
      },
      "fi": {
        "mse": 0.019699262459426495,
        "rmse": 0.14035406107208476,
        "mae": 0.11115906195696361,
        "r2": 0.5074990698073263
      },
      "id": {
        "mse": 0.0229769170314133,
        "rmse": 0.15158138748346808,
        "mae": 0.12028492887269443,
        "r2": 0.4854539415724233
      },
      "ja": {
        "mse": 0.016758791005239394,
        "rmse": 0.12945574921663153,
        "mae": 0.10352922607611674,
        "r2": 0.35641961475447415
      },
      "ko": {
        "mse": 0.01898447882255287,
        "rmse": 0.13778417478996952,
        "mae": 0.11007544367446696,
        "r2": 0.44564228262207883
      },
      "ru": {
        "mse": 0.011713743733736553,
        "rmse": 0.10823005004958906,
        "mae": 0.08436768017617993,
        "r2": 0.5036245405617672
      }
    },
    "val": {
      "ar": {
        "mse": 0.047265250561969355,
        "rmse": 0.21740572798794736,
        "mae": 0.1715562957819788,
        "r2": -0.37472018248627803
      },
      "en": {
        "mse": 0.028506097208246466,
        "rmse": 0.1688374875679168,
        "mae": 0.13171123921164943,
        "r2": -0.0925364654905605
      },
      "fi": {
        "mse": 0.03523116066391377,
        "rmse": 0.18769965547095116,
        "mae": 0.1485256891542168,
        "r2": 0.006964918786519059
      },
      "id": {
        "mse": 0.06038409076852158,
        "rmse": 0.24573174554485544,
        "mae": 0.19172318366459054,
        "r2": -0.21463869355186072
      },
      "ja": {
        "mse": 0.02835372498551694,
        "rmse": 0.1683856436443349,
        "mae": 0.1407995955850089,
        "r2": -0.050174801447843365
      },
      "ko": {
        "mse": 0.04023270606652104,
        "rmse": 0.20058092149185336,
        "mae": 0.16029578610631912,
        "r2": 0.03181104928416423
      },
      "ru": {
        "mse": 0.053526776618121906,
        "rmse": 0.23135854559130056,
        "mae": 0.17930808499289574,
        "r2": -0.21929476401501358
      }
    },
    "test": {
      "ar": {
        "mse": 0.07193870324499009,
        "rmse": 0.268213913220381,
        "mae": 0.21319105478580339,
        "r2": -0.23967173794406227
      },
      "en": {
        "mse": 0.02760084790695,
        "rmse": 0.1661350291388002,
        "mae": 0.1304982219775573,
        "r2": 0.03535338349469497
      },
      "fi": {
        "mse": 0.05632460092859176,
        "rmse": 0.2373280449685451,
        "mae": 0.1888498422068152,
        "r2": -0.2594918642160735
      },
      "id": {
        "mse": 0.060515605116677355,
        "rmse": 0.2459991973903113,
        "mae": 0.19151275861252992,
        "r2": -0.47890021012723505
      },
      "ja": {
        "mse": 0.06653110517167803,
        "rmse": 0.25793624245475477,
        "mae": 0.21166244521225366,
        "r2": -0.26966819329606206
      },
      "ko": {
        "mse": 0.08429034258726474,
        "rmse": 0.290327991394672,
        "mae": 0.2394747555334201,
        "r2": -1.1086008313931797
      },
      "ru": {
        "mse": 0.06880949962321589,
        "rmse": 0.2623156488340257,
        "mae": 0.20545385914634254,
        "r2": -0.7116830796168008
      }
    }
  },
  "feature_importances": null
}