{"time": {"finished": "2025-05-08 10:42:14", "start-to-finish-secs": 0.0}, "metadata": {}, "data": {"Arabic": [[1.0, 2.0, 3.0, 4.0, 5.0, 6.0, 7.0, 8.0, 9.0, 10.0, 11.0, 12.0], [0.03399290516972542, 0.03338051959872246, 0.030697615817189217, 0.030198050662875175, 0.034776024520397186, 0.03472450003027916, 0.03763638064265251, 0.031766075640916824, 0.03561026602983475, 0.0420287624001503, 0.040672700852155685, 0.05731217935681343]], "English": [[1.0, 2.0, 3.0, 4.0, 5.0, 6.0, 7.0, 8.0, 9.0, 10.0, 11.0, 12.0], [0.0165211483836174, 0.018173784017562866, 0.022300826385617256, 0.020360849797725677, 0.01990492269396782, 0.01724899373948574, 0.032355424016714096, 0.019637851044535637, 0.0230465866625309, 0.03620355203747749, 0.03820689022541046, 0.043550752103328705]], "Finnish": [[1.0, 2.0, 3.0, 4.0, 5.0, 6.0, 7.0, 8.0, 9.0, 10.0, 11.0, 12.0], [0.02535470761358738, 0.03404341638088226, 0.03400088846683502, 0.030467664822936058, 0.030116546899080276, 0.02697366289794445, 0.030296334996819496, 0.028861360624432564, 0.03142784163355827, 0.04039514437317848, 0.031944818794727325, 0.04165467247366905]], "Indonesian": [[1.0, 2.0, 3.0, 4.0, 5.0, 6.0, 7.0, 8.0, 9.0, 10.0, 11.0, 12.0], [0.024353371933102608, 0.025125887244939804, 0.023815622553229332, 0.02371056005358696, 0.027490098029375076, 0.028783269226551056, 0.029681118205189705, 0.027115244418382645, 0.028400041162967682, 0.03267641365528107, 0.03282563388347626, 0.0426039919257164]], "Japanese": [[1.0, 2.0, 3.0, 4.0, 5.0, 6.0, 7.0, 8.0, 9.0, 10.0, 11.0, 12.0], [0.018212871626019478, 0.027955954894423485, 0.019171690568327904, 0.01669086143374443, 0.016645682975649834, 0.018545590341091156, 0.021489085629582405, 0.02461579069495201, 0.038797203451395035, 0.05011143535375595, 0.030812587589025497, 0.05790027976036072]], "Korean": [[1.0, 2.0, 3.0, 4.0, 5.0, 6.0, 7.0, 8.0, 9.0, 10.0, 11.0, 12.0], [0.02085908316075802, 0.04128776490688324, 0.019171690568327904, 0.03518727794289589, 0.03677823767066002, 0.03256898745894432, 0.03059077076613903, 0.029142329469323158, 0.029354188591241837, 0.02352721430361271, 0.02644418366253376, 0.03508226200938225]], "Russian": [[1.0, 2.0, 3.0, 4.0, 5.0, 6.0, 7.0, 8.0, 9.0, 10.0, 11.0, 12.0], [0.045390259474515915, 0.056273140013217926, 0.060910020023584366, 0.05462970212101936, 0.05645507201552391, 0.03991546109318733, 0.054057203233242035, 0.05920558050274849, 0.05551239475607872, 0.0673564225435257, 0.06186512112617493, 0.04694022238254547]]}}