{"time": {"finished": "2025-05-08 19:10:11", "start-to-finish-secs": 0.0}, "metadata": {}, "data": {"Arabic": [[1.0, 2.0, 3.0, 4.0, 5.0, 6.0, 7.0, 8.0, 9.0, 10.0, 11.0, 12.0], [0.0423019863665103, 0.0482051484286785, 0.044227086007595, 0.0369752086699008, 0.0388262346386909, 0.0402470976114273, 0.0479598566889762, 0.0420018248260021, 0.049804713577032, 0.0518261343240737, 0.0548338703811168, 0.0787296742200851]], "English": [[1.0, 2.0, 3.0, 4.0, 5.0, 6.0, 7.0, 8.0, 9.0, 10.0, 11.0, 12.0], [0.0137197514995932, 0.0108181154355406, 0.0100658629089593, 0.0115987816825509, 0.0127096995711326, 0.0161459203809499, 0.0157023519277572, 0.0146414590999484, 0.0144678596407175, 0.0163394622504711, 0.0177905615419149, 0.0234976876527071]], "Finnish": [[1.0, 2.0, 3.0, 4.0, 5.0, 6.0, 7.0, 8.0, 9.0, 10.0, 11.0, 12.0], [0.0058754263445734, 0.0065006152726709, 0.0106671322137117, 0.0091312499716877, 0.0100003872066736, 0.0069009852595627, 0.0067984722554683, 0.0099681997671723, 0.0095994444563984, 0.0112738395109772, 0.012041694484651, 0.0155767975375056]], "Indonesian": [[1.0, 2.0, 3.0, 4.0, 5.0, 6.0, 7.0, 8.0, 9.0, 10.0, 11.0, 12.0], [0.0289118345826864, 0.02674893848598, 0.0245772432535886, 0.0256548635661602, 0.0282183662056922, 0.0303871110081672, 0.0335954055190086, 0.025542726740241, 0.0255184844136238, 0.0260190833359956, 0.0273361187428236, 0.0315246880054473]], "Japanese": [[1.0, 2.0, 3.0, 4.0, 5.0, 6.0, 7.0, 8.0, 9.0, 10.0, 11.0, 12.0], [0.0255968384444713, 0.0290420111268758, 0.0263379272073507, 0.0231060031801462, 0.0226230304688215, 0.0225693825632333, 0.0260278265923261, 0.0292928293347358, 0.0368961915373802, 0.0516686402261257, 0.0361350812017917, 0.0626653879880905]], "Korean": [[1.0, 2.0, 3.0, 4.0, 5.0, 6.0, 7.0, 8.0, 9.0, 10.0, 11.0, 12.0], [0.0756575167179107, 0.0830518379807472, 0.1040000841021537, 0.0967989638447761, 0.0939671099185943, 0.0901838243007659, 0.0814662650227546, 0.0793796628713607, 0.0928330793976783, 0.0730271786451339, 0.0795047953724861, 0.065601147711277]], "Russian": [[1.0, 2.0, 3.0, 4.0, 5.0, 6.0, 7.0, 8.0, 9.0, 10.0, 11.0, 12.0], [0.0055041536688804, 0.005142169073224, 0.0065694241784513, 0.0056326258927583, 0.0039064507000148, 0.0043445946648716, 0.0057378346100449, 0.0073157744482159, 0.0078224148601293, 0.0084472680464386, 0.0089644910767674, 0.0156402178108692]]}}