{"time": {"finished": "2025-05-08 21:51:38", "start-to-finish-secs": 0.0}, "metadata": {}, "data": {"Dummy clf": [[1.0, 2.0, 3.0, 4.0, 5.0, 6.0, 7.0, 8.0, 9.0, 10.0, 11.0, 12.0], [0.7142857142857143, 0.7142857142857143, 0.7142857142857143, 0.7142857142857143, 0.7142857142857143, 0.7142857142857143, 0.7142857142857143, 0.7142857142857143, 0.7142857142857143, 0.7142857142857143, 0.7142857142857143, 0.7142857142857143]], "Log Reg": [[1.0, 2.0, 3.0, 4.0, 5.0, 6.0, 7.0, 8.0, 9.0, 10.0, 11.0, 12.0], [0.987012987012987, 0.987012987012987, 0.987012987012987, 0.987012987012987, 0.987012987012987, 0.987012987012987, 0.987012987012987, 0.987012987012987, 0.987012987012987, 0.987012987012987, 0.987012987012987, 0.987012987012987]], "XGB clf": [[1.0, 2.0, 3.0, 4.0, 5.0, 6.0, 7.0, 8.0, 9.0, 10.0, 11.0, 12.0], [0.987012987012987, 0.987012987012987, 0.987012987012987, 0.987012987012987, 0.987012987012987, 0.987012987012987, 0.987012987012987, 0.987012987012987, 0.987012987012987, 0.987012987012987, 0.987012987012987, 0.987012987012987]], "glot500 probe": [[1.0, 2.0, 3.0, 4.0, 5.0, 6.0, 7.0, 8.0, 9.0, 10.0, 11.0, 12.0], [0.8571428571428571, 0.8571428571428571, 0.7662337662337663, 0.7792207792207793, 0.7272727272727273, 0.7662337662337663, 0.7662337662337663, 0.7662337662337663, 0.7792207792207793, 0.7142857142857143, 0.6753246753246753, 0.6233766233766234]], "glot500 FT": [[1.0, 2.0, 3.0, 4.0, 5.0, 6.0, 7.0, 8.0, 9.0, 10.0, 11.0, 12.0], [0.7402597402597403, 0.7402597402597403, 0.7402597402597403, 0.7402597402597403, 0.7402597402597403, 0.7402597402597403, 0.7402597402597403, 0.7402597402597403, 0.7402597402597403, 0.7402597402597403, 0.7402597402597403, 0.7402597402597403]]}}