{"time": {"finished": "2025-05-08 02:23:35", "start-to-finish-secs": 0.0}, "metadata": {}, "data": {"Arabic": [[1.0, 2.0, 3.0, 4.0, 5.0, 6.0, 7.0, 8.0, 9.0, 10.0, 11.0, 12.0], [0.8571428571428571, 0.8571428571428571, 0.7662337662337663, 0.7792207792207793, 0.7272727272727273, 0.7662337662337663, 0.7662337662337663, 0.7662337662337663, 0.7792207792207793, 0.7142857142857143, 0.6753246753246753, 0.6233766233766234]], "English": [[1.0, 2.0, 3.0, 4.0, 5.0, 6.0, 7.0, 8.0, 9.0, 10.0, 11.0, 12.0], [0.9363636363636364, 0.8545454545454545, 0.9090909090909091, 0.9545454545454546, 0.9727272727272728, 0.9636363636363636, 0.9363636363636364, 0.9454545454545454, 0.9545454545454546, 0.9545454545454546, 0.9272727272727272, 0.9]], "Finnish": [[1.0, 2.0, 3.0, 4.0, 5.0, 6.0, 7.0, 8.0, 9.0, 10.0, 11.0, 12.0], [0.8909090909090909, 0.9181818181818182, 0.8363636363636363, 0.8818181818181818, 0.9454545454545454, 0.8909090909090909, 0.9363636363636364, 0.9, 0.9090909090909091, 0.9, 0.8727272727272727, 0.8636363636363636]], "Indonesian": [[1.0, 2.0, 3.0, 4.0, 5.0, 6.0, 7.0, 8.0, 9.0, 10.0, 11.0, 12.0], [0.6909090909090909, 0.7, 0.7090909090909091, 0.6727272727272727, 0.7909090909090909, 0.8090909090909091, 0.8090909090909091, 0.8, 0.7545454545454545, 0.7818181818181819, 0.7090909090909091, 0.6272727272727273]], "Japanese": [[1.0, 2.0, 3.0, 4.0, 5.0, 6.0, 7.0, 8.0, 9.0, 10.0, 11.0, 12.0], [0.75, 0.6847826086956522, 0.6739130434782609, 0.7282608695652174, 0.6304347826086957, 0.7065217391304348, 0.717391304347826, 0.6521739130434783, 0.7934782608695652, 0.8260869565217391, 0.7934782608695652, 0.7717391304347826]], "Korean": [[1.0, 2.0, 3.0, 4.0, 5.0, 6.0, 7.0, 8.0, 9.0, 10.0, 11.0, 12.0], [0.6363636363636364, 0.6818181818181818, 0.6636363636363637, 0.6545454545454545, 0.7181818181818181, 0.7181818181818181, 0.7454545454545455, 0.7545454545454545, 0.7636363636363637, 0.7636363636363637, 0.7363636363636363, 0.7]], "Russian": [[1.0, 2.0, 3.0, 4.0, 5.0, 6.0, 7.0, 8.0, 9.0, 10.0, 11.0, 12.0], [0.9090909090909091, 0.9, 0.9545454545454546, 0.9636363636363636, 0.9727272727272728, 0.9454545454545454, 0.9545454545454546, 0.9636363636363636, 0.9545454545454546, 0.9636363636363636, 0.9727272727272728, 0.9636363636363636]]}}