{
  "ru": {
    "train_time": 39.522281646728516,
    "train_metrics": {
      "loss": 0.005344442566856742,
      "mse": 0.005357637070119381,
      "rmse": 0.07319588151063816,
      "r2": 0.6322404146194458
    },
    "val_metrics": {
      "loss": 0.006656115967780351,
      "mse": 0.006769501604139805,
      "rmse": 0.08227698101012096,
      "r2": 0.656057596206665
    },
    "test_metrics": {
      "loss": 0.01048306907926287,
      "mse": 0.010461872443556786,
      "rmse": 0.10228329503666171,
      "r2": 0.0803138017654419
    },
    "language": "ru",
    "task": "single_submetric",
    "task_type": "regression",
    "model_type": "lm_probe",
    "is_control": false,
    "control_index": null,
    "submetric": "n_tokens"
  }
}