{
  "train_time": 14.580490112304688,
  "train_metrics": {
    "loss": 0.6918178809450027,
    "accuracy": 0.5385656292286874,
    "f1": 0.0
  },
  "val_metrics": {
    "loss": 0.6933960795402527,
    "accuracy": 0.5,
    "f1": 0.0
  },
  "test_metrics": {
    "loss": 0.6933482033865792,
    "accuracy": 0.5,
    "f1": 0.0
  },
  "language": "ko",
  "task": "question_type",
  "task_type": "classification",
  "model_type": "lm_probe",
  "is_control": true,
  "control_index": 3
}