{
  "train_time": 64.62035059928894,
  "train_metrics": {
    "loss": 0.012161385733634233,
    "mse": 0.012168125249445438,
    "rmse": 0.11030922558628285,
    "r2": 0.6962929368019104
  },
  "val_metrics": {
    "loss": 0.015213956435521444,
    "mse": 0.015124274417757988,
    "rmse": 0.12298078881580646,
    "r2": 0.7535057067871094
  },
  "test_metrics": {
    "loss": 0.04126975179782936,
    "mse": 0.04132659733295441,
    "rmse": 0.20328944225648907,
    "r2": -0.28319835662841797
  }
}