{
  "train_time": 61.542351722717285,
  "train_metrics": {
    "loss": 0.019146383488698612,
    "mse": 0.019327791407704353,
    "rmse": 0.13902442737772508,
    "r2": 0.0031735897064208984
  },
  "val_metrics": {
    "loss": 0.05072923252979914,
    "mse": 0.05170083045959473,
    "rmse": 0.22737816618926876,
    "r2": 0.004594981670379639
  },
  "test_metrics": {
    "loss": 0.08163794130086899,
    "mse": 0.08021613955497742,
    "rmse": 0.28322453911159856,
    "r2": -0.07093644142150879
  },
  "language": "ar",
  "task": "single_submetric",
  "task_type": "regression",
  "model_type": "lm_probe",
  "is_control": true,
  "control_index": 1,
  "submetric": "n_tokens"
}