{
  "train_time": 80.66637420654297,
  "train_metrics": {
    "loss": 0.009196394328027964,
    "mse": 0.009237745776772499,
    "rmse": 0.0961131925220076,
    "r2": 0.006877303123474121
  },
  "val_metrics": {
    "loss": 0.019462221922973793,
    "mse": 0.019862128421664238,
    "rmse": 0.14093306362122496,
    "r2": -0.11411261558532715
  },
  "test_metrics": {
    "loss": 0.10113010307153066,
    "mse": 0.10044180601835251,
    "rmse": 0.31692555280120993,
    "r2": -1.3622770309448242
  },
  "language": "ja",
  "task": "single_submetric",
  "task_type": "regression",
  "model_type": "lm_probe",
  "is_control": true,
  "control_index": 1,
  "submetric": "avg_links_len"
}