{
  "en": {
    "train_time": 73.30499267578125,
    "train_metrics": {
      "loss": 0.02600100671251615,
      "mse": 0.026003718376159668,
      "rmse": 0.16125668474875599,
      "r2": 0.04783099889755249
    },
    "val_metrics": {
      "loss": 0.025221168994903564,
      "mse": 0.024898389354348183,
      "rmse": 0.1577922347720197,
      "r2": 0.04573392868041992
    },
    "test_metrics": {
      "loss": 0.030371674735631262,
      "mse": 0.030551133677363396,
      "rmse": 0.1747888259510985,
      "r2": -0.06775879859924316
    },
    "language": "en",
    "task": "single_submetric",
    "task_type": "regression",
    "model_type": "lm_probe",
    "is_control": true,
    "control_index": 3,
    "submetric": "lexical_density"
  }
}