{
  "en": {
    "train_time": 46.31063270568848,
    "train_metrics": {
      "loss": 0.021016288002332052,
      "mse": 0.021004388108849525,
      "rmse": 0.1449289070849895,
      "r2": -0.0026924610137939453
    },
    "val_metrics": {
      "loss": 0.034107571467757225,
      "mse": 0.03574492409825325,
      "rmse": 0.18906328067145467,
      "r2": 0.024599790573120117
    },
    "test_metrics": {
      "loss": 0.03053760901093483,
      "mse": 0.03066367842257023,
      "rmse": 0.1751104749081854,
      "r2": -0.6211692094802856
    },
    "language": "en",
    "task": "single_submetric",
    "task_type": "regression",
    "model_type": "lm_probe",
    "is_control": true,
    "control_index": 2,
    "submetric": "n_tokens"
  }
}