{
  "train_time": 81.57854580879211,
  "train_metrics": {
    "loss": 0.013214855066811046,
    "mse": 0.013198322616517544,
    "rmse": 0.11488395282421973,
    "r2": 0.09959965944290161
  },
  "val_metrics": {
    "loss": 0.019018696388229728,
    "mse": 0.018924813717603683,
    "rmse": 0.1375674878654244,
    "r2": -0.027283787727355957
  },
  "test_metrics": {
    "loss": 0.014547549055090972,
    "mse": 0.014703874476253986,
    "rmse": 0.12125953354789877,
    "r2": -0.06345570087432861
  },
  "language": "fi",
  "task": "single_submetric",
  "task_type": "regression",
  "model_type": "lm_probe",
  "is_control": true,
  "control_index": 1,
  "submetric": "n_tokens"
}