{
  "id": {
    "train_time": 21.507507801055908,
    "train_metrics": {
      "loss": 0.692394741376241,
      "accuracy": 0.5209643605870021,
      "f1": 0.0
    },
    "val_metrics": {
      "loss": 0.6934680938720703,
      "accuracy": 0.5,
      "f1": 0.0
    },
    "test_metrics": {
      "loss": 0.6935417311532157,
      "accuracy": 0.5,
      "f1": 0.0
    },
    "language": "id",
    "task": "question_type",
    "task_type": "classification",
    "model_type": "lm_probe",
    "is_control": true,
    "control_index": 3
  }
}