{
  "train": {
    "ar": {
      "mse": 0.006907651327224525,
      "rmse": 0.0831122814463935,
      "mae": 0.06332651912221936,
      "r2": 0.6751377832691235
    },
    "en": {
      "mse": 0.006259360815475421,
      "rmse": 0.07911612234857963,
      "mae": 0.05880955691582683,
      "r2": 0.7521284852972305
    },
    "fi": {
      "mse": 0.008851418946129556,
      "rmse": 0.09408197992245676,
      "mae": 0.07159167027824127,
      "r2": 0.7145391119960202
    },
    "id": {
      "mse": 0.007904807541615828,
      "rmse": 0.08890898459444821,
      "mae": 0.06605245432181528,
      "r2": 0.7249882015149092
    },
    "ja": {
      "mse": 0.007076081749079752,
      "rmse": 0.0841194492913485,
      "mae": 0.06336992161466089,
      "r2": 0.5859712307268305
    },
    "ko": {
      "mse": 0.006510968581965539,
      "rmse": 0.08069057306752468,
      "mae": 0.05888272689607124,
      "r2": 0.7770784576790746
    },
    "ru": {
      "mse": 0.006379349872218732,
      "rmse": 0.07987083242472644,
      "mae": 0.060193193211269876,
      "r2": 0.7008441268691135
    }
  },
  "val": {
    "ar": {
      "mse": 0.0196795023622864,
      "rmse": 0.14028364966127166,
      "mae": 0.10467173753773702,
      "r2": 0.47710447121519717
    },
    "en": {
      "mse": 0.015016560592555616,
      "rmse": 0.12254207682488336,
      "mae": 0.09204558746266761,
      "r2": 0.5767771640043519
    },
    "fi": {
      "mse": 0.03220848744710566,
      "rmse": 0.17946723223782568,
      "mae": 0.1469005016121775,
      "r2": 0.29489188532425914
    },
    "id": {
      "mse": 0.026285773896147262,
      "rmse": 0.1621288805122248,
      "mae": 0.1074422476931218,
      "r2": 0.3547726368828126
    },
    "ja": {
      "mse": 0.020531033555590578,
      "rmse": 0.1432865435258684,
      "mae": 0.09626116287045768,
      "r2": 0.29664072405961484
    },
    "ko": {
      "mse": 0.017994137218143073,
      "rmse": 0.1341422275726144,
      "mae": 0.0997311244937345,
      "r2": 0.4629013124799177
    },
    "ru": {
      "mse": 0.014943591454814248,
      "rmse": 0.12224398330721331,
      "mae": 0.09203575285529104,
      "r2": 0.5851678208316922
    }
  },
  "test": {
    "ar": {
      "mse": 0.027878701529974,
      "rmse": 0.1669691634104154,
      "mae": 0.13566412526383342,
      "r2": 0.43474255276043894
    },
    "en": {
      "mse": 0.012801212745584892,
      "rmse": 0.11314244449182143,
      "mae": 0.08801619277014452,
      "r2": 0.547159967352004
    },
    "fi": {
      "mse": 0.030065130622903127,
      "rmse": 0.17339299473422543,
      "mae": 0.14422458053517379,
      "r2": 0.014035082335427163
    },
    "id": {
      "mse": 0.018264502326950573,
      "rmse": 0.13514622572218055,
      "mae": 0.10544665812979946,
      "r2": 0.43306454297671615
    },
    "ja": {
      "mse": 0.053059653789719635,
      "rmse": 0.23034681198080348,
      "mae": 0.1718663498121665,
      "r2": 0.2161417898244401
    },
    "ko": {
      "mse": 0.02196543928464199,
      "rmse": 0.1482074198029302,
      "mae": 0.11727972087801526,
      "r2": 0.37088742592998925
    },
    "ru": {
      "mse": 0.014053559427589237,
      "rmse": 0.11854770949954806,
      "mae": 0.09382942987030489,
      "r2": 0.4238405198409072
    }
  }
}