{
  "train_time": 53.91995286941528,
  "train_metrics": {
    "loss": 0.09859114543845256,
    "mse": 0.09861399978399277,
    "rmse": 0.3140286607683967,
    "r2": -0.0009868144989013672
  },
  "val_metrics": {
    "loss": 0.05520008243620396,
    "mse": 0.05884595587849617,
    "rmse": 0.2425818539761294,
    "r2": 0.023880839347839355
  },
  "test_metrics": {
    "loss": 0.0635477959045342,
    "mse": 0.06320758908987045,
    "rmse": 0.25141119523575406,
    "r2": 0.010372757911682129
  },
  "language": "id",
  "task": "single_submetric",
  "task_type": "regression",
  "model_type": "lm_probe",
  "is_control": true,
  "control_index": 1,
  "submetric": "avg_verb_edges"
}