{
  "train_time": 80.78356432914734,
  "train_metrics": {
    "loss": 0.012304918933659792,
    "accuracy": 0.9974811083123426,
    "f1": 0.9974768713204374
  },
  "val_metrics": {
    "loss": 0.005798588196436564,
    "accuracy": 1.0,
    "f1": 1.0
  },
  "test_metrics": {
    "loss": 0.3075958128486361,
    "accuracy": 0.9181818181818182,
    "f1": 0.9243697478991597
  }
}