{
  "ar": {
    "train_time": 61.98785090446472,
    "train_metrics": {
      "loss": 0.04060383875011688,
      "mse": 0.0408533439040184,
      "rmse": 0.20212210147338763,
      "r2": 0.0497126579284668
    },
    "val_metrics": {
      "loss": 0.03317441791296005,
      "mse": 0.03336720168590546,
      "rmse": 0.18266691459020556,
      "r2": 0.029507756233215332
    },
    "test_metrics": {
      "loss": 0.05991570577025414,
      "mse": 0.059908006340265274,
      "rmse": 0.24476112097362457,
      "r2": -0.03235471248626709
    },
    "language": "ar",
    "task": "single_submetric",
    "task_type": "regression",
    "model_type": "lm_probe",
    "is_control": true,
    "control_index": 2,
    "submetric": "lexical_density"
  }
}