{
  "en": {
    "train_time": 49.192649364471436,
    "train_metrics": {
      "loss": 0.020867014545947315,
      "mse": 0.02067725546658039,
      "rmse": 0.14379588125735865,
      "r2": -0.01191091537475586
    },
    "val_metrics": {
      "loss": 0.052357903122901915,
      "mse": 0.0548071451485157,
      "rmse": 0.23410925899783566,
      "r2": -0.13440239429473877
    },
    "test_metrics": {
      "loss": 0.025533707280244147,
      "mse": 0.0253435205668211,
      "rmse": 0.15919648415345453,
      "r2": -0.03619277477264404
    },
    "language": "en",
    "task": "single_submetric",
    "task_type": "regression",
    "model_type": "lm_probe",
    "is_control": true,
    "control_index": 3,
    "submetric": "avg_subordinate_chain_len"
  }
}