{
  "model_type": "Ridge",
  "training_time": 0.0598752498626709,
  "train_metrics": {
    "mse": 0.01507318481863391,
    "rmse": 0.12277289936559253,
    "mae": 0.09717817926799391,
    "r2": 0.47432657335516615
  },
  "val_metrics": {
    "mse": 0.06119368838813863,
    "rmse": 0.2473735806187448,
    "mae": 0.20174630291450335,
    "r2": -0.09933363449814658
  },
  "test_metrics": {
    "mse": 0.04839423261099806,
    "rmse": 0.2199868919072181,
    "mae": 0.1760088210857055,
    "r2": -0.06933099120938446
  },
  "per_language_metrics": {
    "train": {
      "ar": {
        "mse": 0.016894851678435893,
        "rmse": 0.1299801972549507,
        "mae": 0.10301526622024818,
        "r2": 0.44963184116036536
      },
      "en": {
        "mse": 0.013725334939886941,
        "rmse": 0.11715517461848171,
        "mae": 0.09311414778214816,
        "r2": 0.4884079130898774
      },
      "fi": {
        "mse": 0.010455457828085437,
        "rmse": 0.10225193312639833,
        "mae": 0.08168900191235848,
        "r2": 0.4826091833257159
      },
      "id": {
        "mse": 0.018068358033881893,
        "rmse": 0.13441859259002042,
        "mae": 0.10892734470248605,
        "r2": 0.5020671531083158
      },
      "ja": {
        "mse": 0.02364907725383021,
        "rmse": 0.1537825648564564,
        "mae": 0.1275257996154975,
        "r2": 0.40973722482295716
      },
      "ko": {
        "mse": 0.012398571432329327,
        "rmse": 0.11134887261364314,
        "mae": 0.08834959831242206,
        "r2": 0.4430496663081689
      },
      "ru": {
        "mse": 0.01023023543712852,
        "rmse": 0.10114462633837015,
        "mae": 0.07767867560082865,
        "r2": 0.4868769511280019
      }
    },
    "val": {
      "ar": {
        "mse": 0.06265519983239855,
        "rmse": 0.2503102072077736,
        "mae": 0.20804934274556708,
        "r2": 0.034274907483076156
      },
      "en": {
        "mse": 0.05058810607724192,
        "rmse": 0.22491799856223585,
        "mae": 0.18260274194332188,
        "r2": -0.20876083777068133
      },
      "fi": {
        "mse": 0.08012872810275072,
        "rmse": 0.2830701822918668,
        "mae": 0.228384221403795,
        "r2": -0.22220961793882954
      },
      "id": {
        "mse": 0.052146022368229364,
        "rmse": 0.22835503578469507,
        "mae": 0.1882584672660433,
        "r2": -0.2472392144230302
      },
      "ja": {
        "mse": 0.06873402764539177,
        "rmse": 0.2621717521881253,
        "mae": 0.21885352746085052,
        "r2": -0.12022194188658397
      },
      "ko": {
        "mse": 0.0568966018567764,
        "rmse": 0.2385300858524484,
        "mae": 0.1956515889747502,
        "r2": -0.2077162202220566
      },
      "ru": {
        "mse": 0.06286527864750624,
        "rmse": 0.2507294929750113,
        "mae": 0.2023827614388405,
        "r2": -0.35138484440199025
      }
    },
    "test": {
      "ar": {
        "mse": 0.06418818250503433,
        "rmse": 0.2533538681469741,
        "mae": 0.20553141170330708,
        "r2": -0.10657567105988508
      },
      "en": {
        "mse": 0.04176754118110538,
        "rmse": 0.20437108694995332,
        "mae": 0.16032209107894804,
        "r2": -0.08378436551614543
      },
      "fi": {
        "mse": 0.04355254233336534,
        "rmse": 0.2086924587362115,
        "mae": 0.16739033055244606,
        "r2": -0.10295876125078851
      },
      "id": {
        "mse": 0.042762607212496626,
        "rmse": 0.20679121647811016,
        "mae": 0.1712806838768667,
        "r2": -0.04876875474907627
      },
      "ja": {
        "mse": 0.05705722625036947,
        "rmse": 0.23886654485375192,
        "mae": 0.19248460823559346,
        "r2": -0.09602022627523543
      },
      "ko": {
        "mse": 0.037636213795008186,
        "rmse": 0.1940005510172798,
        "mae": 0.15389366342703611,
        "r2": -0.16861140584715062
      },
      "ru": {
        "mse": 0.057951080745169636,
        "rmse": 0.24073030707654913,
        "mae": 0.19271177380827587,
        "r2": -0.4658181767837284
      }
    }
  },
  "feature_importances": null
}