{
  "ja": {
    "train_time": 41.02564764022827,
    "train_metrics": {
      "loss": 0.009321018190433582,
      "mse": 0.00933221448212862,
      "rmse": 0.0966033875292612,
      "r2": -0.0032786130905151367
    },
    "val_metrics": {
      "loss": 0.019691048189997673,
      "mse": 0.02012411132454872,
      "rmse": 0.14185947738712673,
      "r2": -0.1288079023361206
    },
    "test_metrics": {
      "loss": 0.10362432400385539,
      "mse": 0.10273101180791855,
      "rmse": 0.32051678865219924,
      "r2": -1.41611647605896
    },
    "language": "ja",
    "task": "single_submetric",
    "task_type": "regression",
    "model_type": "lm_probe",
    "is_control": true,
    "control_index": 2,
    "submetric": "avg_links_len"
  }
}