language,real,control1,control2,control3
ar,-0.0157728195190429,-0.0157728195190429,-0.0157728195190429,-0.0157728195190429
en,-0.0026448965072631,-0.0026448965072631,-0.0026448965072631,-0.0026448965072631
fi,-0.0201560258865356,-0.0201560258865356,-0.0201560258865356,-0.0201560258865356
id,-0.0001343488693237,-0.0001343488693237,-0.0001343488693237,-0.0001343488693237
ja,-0.2108627557754516,-0.2108627557754516,-0.2108627557754516,-0.2108627557754516
ko,-0.1078835725784301,-0.1078835725784301,-0.1078835725784301,-0.1078835725784301
ru,-0.4941545724868774,-0.4941545724868774,-0.4941545724868774,-0.4941545724868774
