language,real,control1,control2,control3
ar,-0.418686032295227,-0.1647357940673828,-0.1477997303009033,-0.2209765911102295
en,0.6565680503845215,-0.052962303161621,-0.0788588523864746,-0.0883880853652954
fi,0.4807841181755066,-0.1022716760635376,-0.0601187944412231,-0.1036933660507202
id,0.3809314966201782,-0.1916912794113159,-0.1970731019973755,-0.1503827571868896
ja,0.5620160102844238,-0.1919262409210205,-0.1962195634841919,-0.0161167383193969
ko,0.649645984172821,-0.0925967693328857,-0.0727194547653198,-0.0902230739593505
ru,0.5560888051986694,-0.4471288919448852,-0.4290794134140014,-0.3745672702789306
