language,real,control1,control2,control3
ar,-0.0791695117950439,0.0705991387367248,0.0455650687217712,0.0321007966995239
en,0.4211853742599487,-0.0298789739608764,-0.0114542245864868,-0.0142016410827636
fi,0.4833130836486816,0.025509238243103,0.0495496392250061,0.036821961402893
id,-0.0563130378723144,0.0397232770919799,-0.0206745862960815,-0.0326685905456543
ja,0.6314796209335327,-0.0426949262619018,0.005828320980072,-0.0083224773406982
ko,0.3489367365837097,-0.030015230178833,0.0277247428894042,-0.0336171388626098
ru,0.5539162755012512,-0.2316346168518066,-0.173018217086792,-0.2087081670761108
