language,real,control1,control2,control3
ar,0.2263069748878479,-0.0353226661682128,0.0034597516059875,-0.0190241336822509
en,0.6700859665870667,-0.039406418800354,-0.0214005708694458,-0.0169544219970703
fi,0.5343657732009888,0.0034334659576416,-0.0016226768493652,0.0022830963134765
id,0.4547368288040161,-0.0243501663208007,0.0103746056556701,-0.057765245437622
ja,0.6453809142112732,-0.1595700979232788,-0.1019566059112548,-0.1185522079467773
ko,0.5880411863327026,-0.0241866111755371,-0.0627499818801879,-0.1149921417236328
ru,0.2494528889656067,-0.2492496967315673,-0.3842240571975708,-0.3319077491760254
