language,real,control1,control2,control3
ar,0.3388858634007883,-0.0769744748938376,-0.106575671059885,-0.1756832184578667
en,0.4734664391307076,-0.1047040949394342,-0.0837843655161454,-0.1034069841628435
fi,0.2876743146483089,0.0517740224845711,-0.1029587612507885,-0.0615724461403897
id,0.4845101539129776,-0.0925630161123538,-0.0487687547490762,-0.1801634696693301
ja,0.3178550495758393,-0.1299174564703167,-0.0960202262752354,-0.3482826672631869
ko,0.4082150656501438,-0.1367751261317908,-0.1686114058471506,-0.2711368302288703
ru,0.340556770523494,-0.6699434456792257,-0.4658181767837284,-0.63526969568076
