language,real,control1,control2,control3
ar,-0.0398793220520019,-0.2131344079971313,-0.301498532295227,-0.198506474494934
en,0.3328326344490051,-0.1973146200180053,-0.1306861639022827,-0.1540119647979736
fi,0.1185578107833862,-0.1692988872528076,-0.2089549303054809,-0.2257193326950073
id,0.1620702147483825,-0.4612013101577759,-0.5033503770828247,-0.1408448219299316
ja,0.0206098556518554,-0.4431465864181518,-0.5408269166946411,-0.5843068361282349
ko,-0.081942081451416,-0.3030283451080322,-0.3086609840393066,-0.3692883253097534
ru,-0.0765821933746337,-0.420063853263855,-0.4631835222244262,-0.4306987524032593
