language,real,control1,control2,control3
ar,0.0250402688980102,-0.2875537872314453,-0.1771682500839233,-0.2639340162277221
en,-0.0052456855773925,-0.3095690011978149,-0.2603702545166015,-0.2677385807037353
fi,-0.1897941827774047,-0.2612247467041015,-0.1948927640914917,-0.2407079935073852
id,-0.0971255302429199,-0.5857524871826172,-0.5869041681289673,-0.6444413661956787
ja,-1.3193254470825195,-1.4640820026397705,-1.4180543422698977,-1.5333986282348633
ko,0.2188794612884521,-0.1442471742630005,-0.2402551174163818,-0.2520818710327148
ru,-0.3390352725982666,-0.2817457914352417,-0.2789188623428345,-0.1815278530120849
