language,real,control1,control2,control3
ar,-0.1609903573989868,-0.1616913080215454,-0.1876304149627685,-0.166604995727539
en,0.0114755034446716,-0.1877881288528442,-0.0887391567230224,-0.0853536128997802
fi,-0.2861714363098144,-0.1213231086730957,-0.2727738618850708,-0.2652798891067505
id,0.0271037220954895,-0.5085011720657349,-0.7986224889755249,-0.4676840305328369
ja,-0.4873833656311035,-0.2147468328475952,-0.2297430038452148,-0.2950174808502197
ko,-0.5664184093475342,-1.0272724628448486,-0.985686421394348,-0.987656831741333
ru,-0.2893325090408325,-0.5007237195968628,-0.4869410991668701,-0.5317646265029907
