language,real,control1,control2,control3
ar,0.4226328134536743,-0.0204625129699707,-0.0352394580841064,-0.0408270359039306
en,0.5874890685081482,-0.1629223823547363,0.0219234824180603,-0.0324610471725463
fi,0.4345881938934326,-0.1717630624771118,-0.2057019472122192,-0.1264709234237671
id,0.1152609586715698,-0.0318424701690673,0.0507890582084655,0.115802526473999
ja,0.0644688606262207,-0.2978878021240234,-0.3375226259231567,-0.3330633640289306
ko,0.4845556616783142,-0.1171413660049438,-0.0706671476364135,-0.0944627523422241
ru,0.3878473043441772,-0.0490847826004028,-0.0256516933441162,-0.0368012189865112
