language,real,control1,control2,control3
ar,0.3277820884336727,0.3505811664394793,0.3545770044505333,0.3520354903838145
en,0.2240124358025801,0.2583010985403149,0.2465106823117353,0.2531393206042223
fi,0.2577789747230466,0.2868069203944415,0.2881738043802569,0.2984317694108815
id,0.2780508108522335,0.2647546365077971,0.2722023177465861,0.2734829319949249
ja,0.3111413148722838,0.3287787849639153,0.3271866277921723,0.3349612933899348
ko,0.1928000500367572,0.1980005586326068,0.2021940152299219,0.1884240685131315
ru,0.2132321077540595,0.2138638256627449,0.2190110403151067,0.226501242807907
