language,real,control1,control2,control3
ar,0.2376250471138142,0.2724426153988745,0.2671180863590262,0.2727882989109676
en,0.1838370294031485,0.1511561922814978,0.1751104749081854,0.1665351424464735
fi,0.1203157559177212,0.1199115256338716,0.1227178526732139,0.1228052711603994
id,0.2417473870262428,0.1777761850331238,0.1971974113288885,0.1752016631966704
ja,0.1184148059065843,0.2396291148285638,0.2411836539216628,0.2392647411355271
ko,0.1911082478105533,0.2560223940948841,0.2668505473626441,0.2580722887100191
ru,0.1022832950366617,0.1043946577522789,0.1098925615075225,0.1108526650966143
