language,real,control1,control2,control3
ar,0.2264204237498326,0.2471190845464564,0.2447611209736245,0.2504741672160876
en,0.1516057749052176,0.1732158432275654,0.1717960382192233,0.1747888259510985
fi,0.2097072221659718,0.2198616036714287,0.2213942753226155,0.212665430006766
id,0.1711429862590282,0.2116294214909994,0.222928942620126,0.2163387389522215
ja,0.3012620872431102,0.250892016349299,0.2741582363556314,0.2635293363368015
ko,0.2606058085531647,0.2877808717502937,0.3151491293341514,0.3260077903239461
ru,0.1761632107297878,0.2358198295614856,0.2477421127357236,0.2578219209741468
