language,real,control1,control2,control3
ar,0.4362739324569702,-0.0416258573532104,0.0464912056922912,-0.0714062452316284
en,-0.6248310804367065,-0.2166076898574829,-0.3857330083847046,-0.2933292388916015
fi,0.2988935708999634,-0.0713253021240234,-0.1451084613800048,-0.0267561674118042
id,-0.3832044601440429,-0.3463016748428345,-0.2470543384552002,-0.2723063230514526
ja,0.5375621318817139,0.0082250237464904,-0.0479258298873901,-0.0499340295791626
ko,-0.0347806215286254,-0.6939703226089478,-0.7424873113632202,-0.66143798828125
ru,-0.0820187330245971,0.0226877331733703,-0.060649037361145,-0.2584902048110962
