language,real,control1,control2,control3
ar,0.2269470691680908,-0.2634686231613159,-0.3002564907073974,-0.3851692676544189
en,-0.061061143875122,-0.0439207553863525,-0.1393125057220459,-0.036192774772644
fi,0.3506219983100891,-0.2310575246810913,-0.1577479839324951,-0.1671055555343628
id,0.4046006798744201,-0.2439531087875366,-0.3629965782165527,-0.3029655218124389
ja,0.1275548338890075,-0.3300611972808838,-0.3825669288635254,-0.2810231447219848
ko,0.2076171040534973,-0.0546151399612426,-0.0285245180130004,-0.0707119703292846
ru,0.3180690407752991,-0.288838267326355,-0.358410120010376,-0.4212374687194824
