language,real,control1,control2,control3
ar,0.4426284432411194,-0.0292780399322509,-0.05368173122406,-0.0274797677993774
en,0.6353526711463928,-0.0108429193496704,0.0184910297393798,-0.0038362741470336
fi,0.3299369812011719,-0.0235744714736938,-0.036710500717163,-0.0458467006683349
id,0.2444463968276977,-0.0002198219299316,-0.0198308229446411,-0.0436847209930419
ja,0.28987717628479,-0.1971722841262817,-0.2398319244384765,-0.1156352758407592
ko,0.56480473279953,-0.0260887145996093,-0.0067945718765258,0.0023936629295349
ru,0.5948607921600342,-0.013182520866394,-0.0447367429733276,-0.0266169309616088
