language,real,control1,control2,control3
ar,0.2445148346726245,0.2832245391115985,0.2851373849141507,0.2800628987832817
en,0.181760871217079,0.1662642020419251,0.1611732258834845,0.1679758414168786
fi,0.1074515908494945,0.1212595335478987,0.1214273610287633,0.122296105415425
id,0.2149421899860102,0.1826441739791879,0.1958394666397817,0.1900644663721868
ja,0.1120954430127659,0.2518794225489064,0.2511354381419868,0.2467073782920767
ko,0.2022526329674284,0.2709680628670501,0.2617527384537322,0.2508516260433511
ru,0.106684717383129,0.1104838413980379,0.1103411180060236,0.1098230118594474
