language,real,control1,control2,control3
ar,0.0826414227485656,-0.7206065654754639,-0.5710799694061279,-0.6654243469238281
en,0.3573253154754638,-0.0372895002365112,-0.0008502006530761,-0.0143947601318359
fi,0.4535596370697021,-0.2870937585830688,-0.1941032409667968,-0.1310216188430786
id,0.2490979433059692,0.0103727579116821,0.0351977348327636,-0.0219807624816894
ja,0.1827681064605713,-0.0633819103240966,-0.0521879196166992,-0.0417007207870483
ko,-0.2774113416671753,-0.1209315061569213,-0.1323684453964233,-0.1278798580169677
ru,0.0728955268859863,-0.1790013313293457,-0.0699425935745239,-0.0767402648925781
