language,real,control1,control2,control3
ar,0.2552328957525613,0.3611630036693926,0.3492835887138825,0.3556799208966878
en,0.2078074892056625,0.2459009868801755,0.2463017825684566,0.2493772573655719
fi,0.2004940409327732,0.3108482098449781,0.3025678361147533,0.3064711764661517
id,0.2090681300381669,0.273424611469058,0.2503522239434665,0.2551136798234923
ja,0.2691390459653822,0.3464968991945907,0.3222432215446025,0.3316540539003041
ko,0.2100824137739685,0.2274047881049665,0.2066354386773103,0.1838801767215684
ru,0.1715162010899081,0.219405401546879,0.2300469855072682,0.2141299962743004
