language,real,control1,control2,control3
ar,0.1097520589828491,-0.3704175949096679,-0.4076098203659057,-0.3092848062515259
en,-0.1257163286209106,-0.1257605552673339,-0.2608293294906616,-0.3531299829483032
fi,-0.3591465950012207,-0.66042160987854,-0.4256757497787475,-0.3264586925506592
id,-0.1788947582244873,-0.8087848424911499,-0.5567914247512817,-0.621903657913208
ja,-0.7744252681732178,-1.3622770309448242,-1.3689227104187012,-1.3772072792053225
ko,0.3852229714393616,-0.0645140409469604,-0.0855262279510498,0.0687935948371887
ru,0.1119986176490783,-0.2133102416992187,-0.0413694381713867,-0.1974232196807861
