language,real,control1,control2,control3
ar,0.3254799842834472,-0.1539231538772583,-0.0631617307662963,-0.0980578660964965
en,0.638822078704834,-0.0314270257949829,-0.0225927829742431,-0.0668799877166748
fi,0.528632402420044,-0.0846575498580932,-0.0523930788040161,0.0521128177642822
id,0.23313570022583,-0.0420212745666503,-0.100202202796936,-0.1325219869613647
ja,0.5861130952835083,-0.1881494522094726,-0.2436738014221191,-0.1433131694793701
ko,0.6240780353546143,-0.0540320873260498,-0.0540168285369873,-0.0306652784347534
ru,0.4858354330062866,0.0200854539871215,-0.001272439956665,0.0448830127716064
