language,real,control1,control2,control3
ar,0.0561586618423461,-0.8898711204528809,-0.7675919532775879,-0.8329236507415771
en,0.2740256190299988,-0.0165282487869262,-0.019844651222229,-0.045472502708435
fi,0.4319262504577636,-0.3655214309692383,-0.2937408685684204,-0.3273364305496216
id,0.3156502842903137,-0.1705167293548584,0.0186919569969177,-0.0189900398254394
ja,0.2417227029800415,-0.256820797920227,-0.0870317220687866,-0.1514503955841064
ko,-0.2721047401428222,-0.4905368089675903,-0.230702519416809,0.0254294276237487
ru,0.2812181115150451,-0.1762008666992187,-0.293063759803772,-0.1203193664550781
