language,real,control1,control2,control3
ar,-0.3592097759246826,-0.6432291269302368,-0.6991487741470337,-0.7632490396499634
en,0.3121406435966491,-0.0871456861495971,-0.0161906480789184,-0.0031269788742065
fi,0.1966335177421569,-0.3925869464874267,-0.2585704326629638,-0.2412242889404297
id,0.0339550971984863,-0.0262739658355712,-0.0259433984756469,-0.0485543012619018
ja,0.0952544212341308,-0.0952875614166259,-0.0528767108917236,-0.0603113174438476
ko,-0.223855972290039,-0.1269094944000244,-0.2389197349548339,-0.0387237071990966
ru,-0.1130933761596679,-0.1296323537826538,-0.0840905904769897,-0.0931302309036254
