language,real,control1,control2,control3
ar,0.248067186680389,0.252135572984365,0.2597959400356798,0.2493080382804957
en,0.1367962685576481,0.1714954140223072,0.1697747042633568,0.1687634928483594
fi,0.22286939457687,0.234057218965713,0.2357002856317787,0.2333786130011489
id,0.1795207991849204,0.2231851035865141,0.2231129930775763,0.2262686352800552
ja,0.2540787770921139,0.251035379130556,0.259709058066457,0.2582311265913887
ko,0.3154397732566035,0.3262862159278761,0.3165463384699726,0.315932024447028
ru,0.2482779770449954,0.2484564066236495,0.2530334731036484,0.248741416555425
