language,real,control1,control2,control3
ar,0.2178763159412862,0.2725415264432152,0.2768684263073293,0.2616628615645311
en,0.1516171329879721,0.1618293618890384,0.1611583400503502,0.1647875805385178
fi,0.1588409658064547,0.22054939486138,0.2332005639630494,0.2303133699382568
id,0.1949504070766677,0.2637092140038594,0.2601371632124031,0.2539950288939432
ja,0.2420421671883264,0.3041037689893345,0.3045027857631103,0.3025128692458877
ko,0.2773318355311431,0.2298827804137591,0.2306682644428219,0.2314274777007286
ru,0.1578046643323082,0.2213644567603578,0.231640624678356,0.2337461220195194
