language,real,control1,control2,control3
ar,0.2516266977837521,0.3446100594654952,0.3292958848967776,0.3390389592485051
en,0.1955222243600125,0.2483993938899746,0.2439973410716539,0.2456428014089697
fi,0.1966393794072211,0.3017895629376212,0.290683287753858,0.2829010503407596
id,0.218998138153096,0.251411195235754,0.2482378142156984,0.2554877836970435
ja,0.2794057460482137,0.318718526258707,0.3170365425333645,0.315452645709349
ko,0.2105201371577959,0.1972049393174083,0.1982084348912353,0.1978152050568572
ru,0.194791910652443,0.2196664516029935,0.2092602860356357,0.2099239760401262
