language,real,control1,control2,control3
ar,0.1744443920459216,0.2195551563970973,0.2185816968876465,0.223670065163323
en,0.1066662394324453,0.1643904688939279,0.1620937247937258,0.1642083700295037
fi,0.1543861022520722,0.1734653072575621,0.1842337370253141,0.1843281726854881
id,0.1678312703775396,0.1886540402498946,0.1714597856014745,0.1806722587582033
ja,0.187669508526785,0.2926327367930624,0.2822557586035168,0.2770977944470092
ko,0.1343120530091308,0.1838891007425622,0.1875272572096626,0.1856905531489391
ru,0.1308355380880357,0.1551639962927754,0.1543570775273176,0.1563930988689698
