language,real,control1,control2,control3
ar,0.1823940137379889,0.2385621838026622,0.2289880531533623,0.2327157494787086
en,0.1010447380821508,0.170754590121844,0.170021751253467,0.1736644445726836
fi,0.1198893728229364,0.1818641599721634,0.1791388594502529,0.1700118309087063
id,0.1571796655314074,0.1832210633660329,0.1882666273493254,0.1910118984178738
ja,0.1673802779549962,0.2835952674678,0.2901460726323778,0.2781928992166348
ko,0.1145656953226598,0.1918371371956241,0.1918357390206781,0.1896987973891462
ru,0.1119883560320925,0.1546022796930364,0.1562780295503396,0.1526335747041721
