language,real,control1,control2,control3
ar,0.222403642344601,0.2471801679442502,0.2383757310129968,0.2422549399953848
en,0.0893209943295736,0.0966535976155752,0.0958927523837122,0.0978986354680061
fi,0.1524261227460169,0.1525713797219461,0.1506518906020168,0.1515857779432185
id,0.1726760080519629,0.1863913542750579,0.1850287984651148,0.183640474095928
ja,0.299083762434475,0.3147283025312101,0.3205167886521992,0.3096132098299032
ko,0.1362247670939109,0.1546848886924507,0.1576250428862214,0.1593090947241076
ru,0.1576268035999513,0.1343034476135939,0.1325457151403363,0.1354718157147464
