language,real,control1,control2,control3
ar,-0.100827932357788,-0.0347445011138916,-0.1824214458465576,-0.185141921043396
en,0.3055928945541382,-0.0019208192825317,0.0083975195884704,0.0033358335494995
fi,0.1148097515106201,-0.1856948137283325,-0.1476991176605224,-0.1871594190597534
id,0.3559049963951111,-0.2198824882507324,-0.3420329093933105,-0.2883521318435669
ja,-0.4983870983123779,-0.1953960657119751,-0.165535569190979,-0.173924446105957
ko,-0.701542854309082,-1.622828245162964,-1.37174391746521,-1.4805116653442385
ru,0.2645803093910217,-0.6065595149993896,-0.9176087379455566,-0.4634544849395752
