language,real,control1,control2,control3
ar,0.3062882920089972,0.3367721922343895,0.3424544847484644,0.3488542297095925
en,0.202278795458138,0.2542988749248189,0.2458601478659061,0.2442747053084852
fi,0.2384272972038865,0.3139137000969998,0.29842683862946,0.2963631886124087
id,0.2483976242164895,0.2560238637055469,0.2559826241003572,0.2587880692372964
ja,0.2939854971453447,0.3234646080930484,0.3171403046434525,0.3182580353628198
ko,0.2060598671067796,0.1977301029902871,0.2073241267516282,0.1898358794727611
ru,0.2134383094906292,0.2150181582595271,0.2106392836326061,0.2115156674212779
