language,real,control1,control2,control3
ar,0.147612988948822,-0.6166977882385254,-0.943077802658081,-0.6706782579421997
en,0.5123871564865112,-0.0236991643905639,-0.0264680385589599,-0.0518980026245117
fi,0.3822797536849975,-0.2563328742980957,-0.2323548793792724,-0.199714183807373
id,0.2956441044807434,-0.0464098453521728,-0.1619921922683715,-0.1227966547012329
ja,0.334172785282135,-0.1405576467514038,-0.0943214893341064,-0.0888912677764892
ko,-0.1749117374420166,-0.0615838766098022,-0.0852344036102294,-0.0944263935089111
ru,0.3127186298370361,-0.2159315347671508,-0.2500752210617065,-0.2203172445297241
