{
  "train": {
    "ar": {
      "mse": 0.01739685796201229,
      "rmse": 0.1318971491807624,
      "mae": 0.10355130583047867,
      "r2": 0.573776364326477
    },
    "en": {
      "mse": 0.017611417919397354,
      "rmse": 0.13270801754000153,
      "mae": 0.1059492900967598,
      "r2": 0.6797457933425903
    },
    "fi": {
      "mse": 0.013638519681990147,
      "rmse": 0.11678407289519468,
      "mae": 0.09152617305517197,
      "r2": 0.6978285312652588
    },
    "id": {
      "mse": 0.022336499765515327,
      "rmse": 0.14945400551847157,
      "mae": 0.11799726635217667,
      "r2": 0.7732721567153931
    },
    "ja": {
      "mse": 0.013096948154270649,
      "rmse": 0.114441898596059,
      "mae": 0.08777639269828796,
      "r2": 0.7983988523483276
    },
    "ko": {
      "mse": 0.016585394740104675,
      "rmse": 0.12878429539390537,
      "mae": 0.09946058690547943,
      "r2": 0.5502485036849976
    },
    "ru": {
      "mse": 0.020145410671830177,
      "rmse": 0.14193452952622268,
      "mae": 0.11301423609256744,
      "r2": 0.6112931966781616
    }
  },
  "val": {
    "ar": {
      "mse": 0.041628148406744,
      "rmse": 0.20402977333405045,
      "mae": 0.15786345303058624,
      "r2": 0.27708905935287476
    },
    "en": {
      "mse": 0.03138346970081329,
      "rmse": 0.1771538023888093,
      "mae": 0.13623648881912231,
      "r2": 0.38644731044769287
    },
    "fi": {
      "mse": 0.04325781390070915,
      "rmse": 0.20798512903741256,
      "mae": 0.1537642627954483,
      "r2": 0.29563575983047485
    },
    "id": {
      "mse": 0.04288383200764656,
      "rmse": 0.20708411819269618,
      "mae": 0.16128714382648468,
      "r2": 0.28865575790405273
    },
    "ja": {
      "mse": 0.03779744729399681,
      "rmse": 0.19441565598993515,
      "mae": 0.1465783268213272,
      "r2": 0.560614824295044
    },
    "ko": {
      "mse": 0.026046764105558395,
      "rmse": 0.16139009915592217,
      "mae": 0.12570728361606598,
      "r2": -0.06017029285430908
    },
    "ru": {
      "mse": 0.03287125751376152,
      "rmse": 0.18130432293180856,
      "mae": 0.1387104094028473,
      "r2": 0.32464897632598877
    }
  },
  "test": {
    "ar": {
      "mse": 0.10744109749794006,
      "rmse": 0.32778208843367274,
      "mae": 0.2929755747318268,
      "r2": -0.5566684007644653
    },
    "en": {
      "mse": 0.05018157139420509,
      "rmse": 0.22401243580258015,
      "mae": 0.18624559044837952,
      "r2": 0.15638720989227295
    },
    "fi": {
      "mse": 0.06644999980926514,
      "rmse": 0.25777897472304667,
      "mae": 0.2111571729183197,
      "r2": 0.060932695865631104
    },
    "id": {
      "mse": 0.07731225341558456,
      "rmse": 0.27805081085223354,
      "mae": 0.22334107756614685,
      "r2": -0.21046090126037598
    },
    "ja": {
      "mse": 0.09680891782045364,
      "rmse": 0.3111413148722838,
      "mae": 0.24422191083431244,
      "r2": -0.013421297073364258
    },
    "ko": {
      "mse": 0.0371718592941761,
      "rmse": 0.19280005003675726,
      "mae": 0.15589244663715363,
      "r2": -0.07141506671905518
    },
    "ru": {
      "mse": 0.045467931777238846,
      "rmse": 0.2132321077540595,
      "mae": 0.16443803906440735,
      "r2": -0.11094367504119873
    }
  }
}