{
  "train_time": 66.57855892181396,
  "train_metrics": {
    "loss": 0.03252895326664051,
    "mse": 0.0324801467359066,
    "rmse": 0.18022249231410212,
    "r2": -0.04749441146850586
  },
  "val_metrics": {
    "loss": 0.04598371125757694,
    "mse": 0.04589216038584709,
    "rmse": 0.2142245559823782,
    "r2": -0.0046710968017578125
  },
  "test_metrics": {
    "loss": 0.03394405437367303,
    "mse": 0.03394206985831261,
    "rmse": 0.18423373702531415,
    "r2": -0.113106369972229
  },
  "language": "fi",
  "task": "single_submetric",
  "task_type": "regression",
  "model_type": "lm_probe",
  "is_control": true,
  "control_index": 2,
  "submetric": "avg_max_depth"
}