{
  "ko": {
    "train_time": 53.10110139846802,
    "train_metrics": {
      "loss": 0.036715811990359996,
      "mse": 0.037222400307655334,
      "rmse": 0.19293107657309988,
      "r2": -0.08691561222076416
    },
    "val_metrics": {
      "loss": 0.048524951189756395,
      "mse": 0.04805533587932587,
      "rmse": 0.2192152729152918,
      "r2": -0.15643858909606934
    },
    "test_metrics": {
      "loss": 0.08461178200585502,
      "mse": 0.08488724380731583,
      "rmse": 0.2913541552944042,
      "r2": -1.1235332489013672
    },
    "language": "ko",
    "task": "single_submetric",
    "task_type": "regression",
    "model_type": "lm_probe",
    "is_control": false,
    "control_index": null,
    "submetric": "lexical_density"
  }
}