{
  "en": {
    "train_time": 48.024999141693115,
    "train_metrics": {
      "loss": 0.021848434377461673,
      "mse": 0.02186848782002926,
      "rmse": 0.1478799777523288,
      "r2": 0.18488365411758423
    },
    "val_metrics": {
      "loss": 0.03582490757107735,
      "mse": 0.03637943044304848,
      "rmse": 0.190733925778946,
      "r2": 0.1307436227798462
    },
    "test_metrics": {
      "loss": 0.025757352954574993,
      "mse": 0.025914566591382027,
      "rmse": 0.1609800192302822,
      "r2": 0.32756876945495605
    },
    "language": "en",
    "task": "complexity",
    "task_type": "regression",
    "model_type": "lm_probe",
    "is_control": false,
    "control_index": null
  }
}