{
  "train_time": 31.362822771072388,
  "train_metrics": {
    "loss": 0.052094883027863,
    "mse": 0.05068901181221008,
    "rmse": 0.22514220353414435,
    "r2": -0.374550461769104
  },
  "val_metrics": {
    "loss": 0.03020535446703434,
    "mse": 0.029830604791641235,
    "rmse": 0.1727153866673182,
    "r2": -0.21418237686157227
  },
  "test_metrics": {
    "loss": 0.052247749375445504,
    "mse": 0.05171293765306473,
    "rmse": 0.22740478810496653,
    "r2": -0.49053680896759033
  },
  "language": "ko",
  "task": "single_submetric",
  "task_type": "regression",
  "model_type": "lm_probe",
  "is_control": true,
  "control_index": 1,
  "submetric": "avg_verb_edges"
}