{
  "ar": {
    "train_time": 66.83753371238708,
    "train_metrics": {
      "loss": 0.04708440524954644,
      "mse": 0.047366589307785034,
      "rmse": 0.21763866684894262,
      "r2": -0.10179150104522705
    },
    "val_metrics": {
      "loss": 0.02964730995396773,
      "mse": 0.03024960123002529,
      "rmse": 0.17392412492240775,
      "r2": 0.12018382549285889
    },
    "test_metrics": {
      "loss": 0.06120094060897827,
      "mse": 0.06046772003173828,
      "rmse": 0.24590185040324175,
      "r2": -0.0419999361038208
    },
    "language": "ar",
    "task": "single_submetric",
    "task_type": "regression",
    "model_type": "lm_probe",
    "is_control": true,
    "control_index": 1,
    "submetric": "lexical_density"
  }
}