{
  "ko": {
    "train_time": 40.21506404876709,
    "train_metrics": {
      "loss": 0.034026858139228316,
      "mse": 0.034060101956129074,
      "rmse": 0.18455379149757145,
      "r2": 0.005425393581390381
    },
    "val_metrics": {
      "loss": 0.047887003794312474,
      "mse": 0.04472505673766136,
      "rmse": 0.21148299396798165,
      "r2": -0.07629621028900146
    },
    "test_metrics": {
      "loss": 0.09906359655516488,
      "mse": 0.09915728867053986,
      "rmse": 0.31489250335716135,
      "r2": -1.4805116653442383
    },
    "language": "ko",
    "task": "single_submetric",
    "task_type": "regression",
    "model_type": "lm_probe",
    "is_control": true,
    "control_index": 3,
    "submetric": "lexical_density"
  }
}