{
  "fi": {
    "train_time": 55.93325614929199,
    "train_metrics": {
      "loss": 0.016092608341326316,
      "mse": 0.01609233021736145,
      "rmse": 0.12685554862662277,
      "r2": 0.20366722345352173
    },
    "val_metrics": {
      "loss": 0.052649449557065964,
      "mse": 0.05263611674308777,
      "rmse": 0.22942562355388244,
      "r2": 0.19713729619979858
    },
    "test_metrics": {
      "loss": 0.02835235372185707,
      "mse": 0.028453033417463303,
      "rmse": 0.16868026979307124,
      "r2": 0.279433012008667
    },
    "language": "fi",
    "task": "complexity",
    "task_type": "regression",
    "model_type": "lm_probe",
    "is_control": false,
    "control_index": null
  }
}