{
  "model_type": "Ridge",
  "training_time": 0.1685934066772461,
  "train_metrics": {
    "mse": 0.01744578363976951,
    "rmse": 0.1320824880132469,
    "mae": 0.08627805753712176,
    "r2": 0.5085396910868403
  },
  "val_metrics": {
    "mse": 0.06952765929403305,
    "rmse": 0.26368098015221547,
    "mae": 0.186381778884247,
    "r2": -0.22357554480943964
  },
  "test_metrics": {
    "mse": 0.06862069317028749,
    "rmse": 0.2619555175412182,
    "mae": 0.19436147075393886,
    "r2": -0.31563105629628585
  },
  "per_language_metrics": {
    "train": {
      "ar": {
        "mse": 0.009297863248381815,
        "rmse": 0.09642542843245144,
        "mae": 0.051471311056142964,
        "r2": 0.4708486397747066
      },
      "en": {
        "mse": 0.011270619737110644,
        "rmse": 0.10616317505194843,
        "mae": 0.05704491104636794,
        "r2": 0.4484343964472389
      },
      "fi": {
        "mse": 0.007050384195044566,
        "rmse": 0.08396656593576139,
        "mae": 0.04320274374401471,
        "r2": 0.49377153178326594
      },
      "id": {
        "mse": 0.01890603338133613,
        "rmse": 0.13749921229351145,
        "mae": 0.0950329666475794,
        "r2": 0.49371632713558833
      },
      "ja": {
        "mse": 0.03886520471204799,
        "rmse": 0.197142599942397,
        "mae": 0.17353308914663995,
        "r2": 0.39727218420736987
      },
      "ko": {
        "mse": 0.03542217216269833,
        "rmse": 0.18820778985657935,
        "mae": 0.16659969848135803,
        "r2": 0.44892941014026544
      },
      "ru": {
        "mse": 0.0071462180023020285,
        "rmse": 0.08453530624716532,
        "mae": 0.04383501294098429,
        "r2": 0.47645225080593934
      }
    },
    "val": {
      "ar": {
        "mse": 0.06426403005673047,
        "rmse": 0.25350351093570767,
        "mae": 0.14598271630600254,
        "r2": -0.1475088421288484
      },
      "en": {
        "mse": 0.0652632223085001,
        "rmse": 0.2554666755342076,
        "mae": 0.16413514326798795,
        "r2": -0.3508230876946101
      },
      "fi": {
        "mse": 0.06027493061118505,
        "rmse": 0.24550953262793088,
        "mae": 0.150521518842697,
        "r2": -0.23839012570490326
      },
      "id": {
        "mse": 0.06776826945807067,
        "rmse": 0.2603233939892277,
        "mae": 0.19760787731638857,
        "r2": -0.36115273754011223
      },
      "ja": {
        "mse": 0.06937146418510606,
        "rmse": 0.2633846316418368,
        "mae": 0.23658885187199927,
        "r2": -0.19099406260190221
      },
      "ko": {
        "mse": 0.08691769074343442,
        "rmse": 0.29481806380110837,
        "mae": 0.2512239994074839,
        "r2": -0.32553123155511354
      },
      "ru": {
        "mse": 0.0695740458948962,
        "rmse": 0.2637689251881203,
        "mae": 0.15654939802601378,
        "r2": -0.27945209272896654
      }
    },
    "test": {
      "ar": {
        "mse": 0.08395563529240489,
        "rmse": 0.28975098842351665,
        "mae": 0.19587853851664053,
        "r2": -0.5201400255683553
      },
      "en": {
        "mse": 0.029852677992520685,
        "rmse": 0.17277927535593118,
        "mae": 0.116332227499056,
        "r2": -0.22055366522393638
      },
      "fi": {
        "mse": 0.05571588164886534,
        "rmse": 0.2360421183790413,
        "mae": 0.15173499045140176,
        "r2": -0.25504202420713673
      },
      "id": {
        "mse": 0.07655158799190516,
        "rmse": 0.27667957639100355,
        "mae": 0.2107971133536579,
        "r2": -0.4600445613159012
      },
      "ja": {
        "mse": 0.11557298967182542,
        "rmse": 0.33996027660864353,
        "mae": 0.2890998473580618,
        "r2": -0.5706402449949228
      },
      "ko": {
        "mse": 0.07344555319214345,
        "rmse": 0.271008400593309,
        "mae": 0.23883275880222146,
        "r2": -0.45349255207430605
      },
      "ru": {
        "mse": 0.05753411210287084,
        "rmse": 0.23986269427084914,
        "mae": 0.1738125830696541,
        "r2": -0.5234017622744171
      }
    }
  },
  "feature_importances": null,
  "task": "complexity",
  "languages": [
    "all"
  ],
  "control_index": 3,
  "submetric": "avg_subordinate_chain_len"
}