{
  "model_type": "Ridge",
  "training_time": 0.15647172927856445,
  "train_metrics": {
    "mse": 0.01719388830685784,
    "rmse": 0.13112546780415252,
    "mae": 0.0858470344059027,
    "r2": 0.5156357643090455
  },
  "val_metrics": {
    "mse": 0.06503595766580708,
    "rmse": 0.2550214847141454,
    "mae": 0.17991502674812573,
    "r2": -0.14452878381270207
  },
  "test_metrics": {
    "mse": 0.06317338269968105,
    "rmse": 0.25134315725653056,
    "mae": 0.18918276812315588,
    "r2": -0.2111924314833129
  },
  "per_language_metrics": {
    "train": {
      "ar": {
        "mse": 0.00923378906807222,
        "rmse": 0.09609260672950974,
        "mae": 0.05144482877322578,
        "r2": 0.4744951700322948
      },
      "en": {
        "mse": 0.01072968881561463,
        "rmse": 0.10358421122745798,
        "mae": 0.05558179062247881,
        "r2": 0.4749066665756415
      },
      "fi": {
        "mse": 0.006911647680839455,
        "rmse": 0.08313631986586521,
        "mae": 0.04208169132199673,
        "r2": 0.5037330276576533
      },
      "id": {
        "mse": 0.01912248696003413,
        "rmse": 0.13828408064572772,
        "mae": 0.09696149221489701,
        "r2": 0.48791992814392815
      },
      "ja": {
        "mse": 0.03737091652040848,
        "rmse": 0.19331558788780712,
        "mae": 0.16920856599943732,
        "r2": 0.42044584467267576
      },
      "ko": {
        "mse": 0.03674799502841306,
        "rmse": 0.1916976656832656,
        "mae": 0.17107680190231875,
        "r2": 0.42830328971763565
      },
      "ru": {
        "mse": 0.006801671807316184,
        "rmse": 0.08247224871019454,
        "mae": 0.04374852110782119,
        "r2": 0.5016944677128554
      }
    },
    "val": {
      "ar": {
        "mse": 0.06065992012606942,
        "rmse": 0.2462923468686541,
        "mae": 0.13631129472531495,
        "r2": -0.08315327635142933
      },
      "en": {
        "mse": 0.060858168701691126,
        "rmse": 0.24669448453844914,
        "mae": 0.15536003919429328,
        "r2": -0.2596469565731321
      },
      "fi": {
        "mse": 0.05808177382074713,
        "rmse": 0.2410016054318874,
        "mae": 0.1432496841049075,
        "r2": -0.1933302030162991
      },
      "id": {
        "mse": 0.06522801217437278,
        "rmse": 0.25539775287651373,
        "mae": 0.20082957236483695,
        "r2": -0.3101306562119044
      },
      "ja": {
        "mse": 0.05759140844777873,
        "rmse": 0.2399821002653713,
        "mae": 0.21452572932879455,
        "r2": 0.01125013975253708
      },
      "ko": {
        "mse": 0.0843453675430175,
        "rmse": 0.2904227393697289,
        "mae": 0.2543634029646914,
        "r2": -0.28630222408100536
      },
      "ru": {
        "mse": 0.06322767804993214,
        "rmse": 0.25145114445938027,
        "mae": 0.14572359909112093,
        "r2": -0.16274372086378008
      }
    },
    "test": {
      "ar": {
        "mse": 0.07938180247614203,
        "rmse": 0.2817477639239432,
        "mae": 0.19638271578834138,
        "r2": -0.43732406794926937
      },
      "en": {
        "mse": 0.029972432323456526,
        "rmse": 0.17312548143891623,
        "mae": 0.1213081620951128,
        "r2": -0.22544992905617267
      },
      "fi": {
        "mse": 0.052744525844744296,
        "rmse": 0.22966176400250934,
        "mae": 0.14891564896949316,
        "r2": -0.18811000603418826
      },
      "id": {
        "mse": 0.07131886387123425,
        "rmse": 0.2670559189968166,
        "mae": 0.20998638746279655,
        "r2": -0.36024244624991497
      },
      "ja": {
        "mse": 0.1058930582207126,
        "rmse": 0.3254121359456537,
        "mae": 0.2765140166272055,
        "r2": -0.43908969889343785
      },
      "ko": {
        "mse": 0.06167907380332081,
        "rmse": 0.24835272054745203,
        "mae": 0.22050174429825056,
        "r2": -0.2206331152198091
      },
      "ru": {
        "mse": 0.05307694064908209,
        "rmse": 0.2303843324731135,
        "mae": 0.16712125385747328,
        "r2": -0.40538372742023543
      }
    }
  },
  "feature_importances": null,
  "task": "complexity",
  "languages": [
    "all"
  ],
  "control_index": 2,
  "submetric": "avg_subordinate_chain_len"
}