{
  "train_time": 40.665157079696655,
  "train_metrics": {
    "loss": 0.06394697353243828,
    "mse": 0.06389319896697998,
    "rmse": 0.2527710406019249,
    "r2": 0.01649296283721924
  },
  "val_metrics": {
    "loss": 0.08386419216791789,
    "mse": 0.08529029041528702,
    "rmse": 0.29204501436471575,
    "r2": 0.008523344993591309
  },
  "test_metrics": {
    "loss": 0.10316301882266998,
    "mse": 0.10453706234693527,
    "rmse": 0.3233219175171013,
    "r2": -0.09432148933410645
  },
  "language": "ja",
  "task": "single_submetric",
  "task_type": "regression",
  "model_type": "lm_probe",
  "is_control": true,
  "control_index": 2,
  "submetric": "avg_verb_edges"
}