{
  "en": {
    "train_time": 66.56320595741272,
    "train_metrics": {
      "loss": 0.020539355635022124,
      "mse": 0.02065408043563366,
      "rmse": 0.1437152755820816,
      "r2": -0.010776638984680176
    },
    "val_metrics": {
      "loss": 0.053609758615493774,
      "mse": 0.056076791137456894,
      "rmse": 0.23680538663099895,
      "r2": -0.1606816053390503
    },
    "test_metrics": {
      "loss": 0.026178421585687568,
      "mse": 0.02597201056778431,
      "rmse": 0.1611583400503502,
      "r2": -0.0618891716003418
    },
    "language": "en",
    "task": "single_submetric",
    "task_type": "regression",
    "model_type": "lm_probe",
    "is_control": true,
    "control_index": 2,
    "submetric": "avg_subordinate_chain_len"
  }
}