{
  "train_time": 65.31025242805481,
  "train_metrics": {
    "loss": 0.09811993067463239,
    "mse": 0.09834814071655273,
    "rmse": 0.31360507125452025,
    "r2": 0.0017119646072387695
  },
  "val_metrics": {
    "loss": 0.05503336228430271,
    "mse": 0.05866829678416252,
    "rmse": 0.24221539336747885,
    "r2": 0.02682781219482422
  },
  "test_metrics": {
    "loss": 0.0654924384185246,
    "mse": 0.06508298963308334,
    "rmse": 0.2551136798234923,
    "r2": -0.018990039825439453
  },
  "language": "id",
  "task": "single_submetric",
  "task_type": "regression",
  "model_type": "lm_probe",
  "is_control": true,
  "control_index": 3,
  "submetric": "avg_verb_edges"
}