{
  "train_time": 64.7228684425354,
  "train_metrics": {
    "loss": 0.012161385733634233,
    "mse": 0.012168125249445438,
    "rmse": 0.11030922558628285,
    "r2": 0.6962929368019104
  },
  "val_metrics": {
    "loss": 0.015213956435521444,
    "mse": 0.015124274417757988,
    "rmse": 0.12298078881580646,
    "r2": 0.7535057067871094
  },
  "test_metrics": {
    "loss": 0.06310109102300235,
    "mse": 0.06346574425697327,
    "rmse": 0.251924084313059,
    "r2": -0.5565208196640015
  },
  "train_language": "ja",
  "eval_language": "id",
  "task": "complexity",
  "task_type": "regression",
  "model_type": "lm_probe"
}