{
  "train_time": 26.184970378875732,
  "train_metrics": {
    "loss": 0.6922965625921885,
    "accuracy": 0.5209643605870021,
    "f1": 0.0
  },
  "val_metrics": {
    "loss": 0.6936285376548768,
    "accuracy": 0.5,
    "f1": 0.0
  },
  "test_metrics": {
    "loss": 0.6937201704297747,
    "accuracy": 0.5,
    "f1": 0.0
  },
  "language": "id",
  "task": "question_type",
  "task_type": "classification",
  "model_type": "lm_probe",
  "is_control": true,
  "control_index": 3
}