{
  "fi": {
    "train_time": 59.31939387321472,
    "train_metrics": {
      "loss": 0.014749741554260254,
      "mse": 0.014743874780833721,
      "rmse": 0.1214243582681569,
      "r2": -0.005839109420776367
    },
    "val_metrics": {
      "loss": 0.018703047884628177,
      "mse": 0.018627263605594635,
      "rmse": 0.13648173359682472,
      "r2": -0.011132001876831055
    },
    "test_metrics": {
      "loss": 0.014918262005916663,
      "mse": 0.015059671364724636,
      "rmse": 0.12271785267321392,
      "r2": -0.08918869495391846
    },
    "language": "fi",
    "task": "single_submetric",
    "task_type": "regression",
    "model_type": "lm_probe",
    "is_control": true,
    "control_index": 2,
    "submetric": "n_tokens"
  }
}