{
  "train_time": 41.069549798965454,
  "train_metrics": {
    "loss": 0.08110813879304463,
    "accuracy": 1.0,
    "f1": 1.0
  },
  "val_metrics": {
    "loss": 0.17452879001696905,
    "accuracy": 0.9772727272727273,
    "f1": 0.975609756097561
  },
  "test_metrics": {
    "loss": 0.5462460219860077,
    "accuracy": 0.7272727272727273,
    "f1": 0.6341463414634146
  }
}