{
  "train_time": 53.29980421066284,
  "train_metrics": {
    "loss": 0.05164254657924175,
    "mse": 0.05170078203082085,
    "rmse": 0.22737805969534713,
    "r2": 0.0024306178092956543
  },
  "val_metrics": {
    "loss": 0.050733724236488344,
    "mse": 0.04886019974946976,
    "rmse": 0.2210434340790736,
    "r2": -0.0038492679595947266
  },
  "test_metrics": {
    "loss": 0.04511973261833191,
    "mse": 0.044738877564668655,
    "rmse": 0.21151566742127792,
    "r2": -0.09313023090362549
  },
  "language": "ru",
  "task": "single_submetric",
  "task_type": "regression",
  "model_type": "lm_probe",
  "is_control": true,
  "control_index": 3,
  "submetric": "avg_verb_edges"
}