{
  "ar": {
    "train_time": 32.499807357788086,
    "train_metrics": {
      "loss": 0.01794625787685315,
      "accuracy": 1.0,
      "f1": 1.0
    },
    "val_metrics": {
      "loss": 0.17777605106433234,
      "accuracy": 0.9545454545454546,
      "f1": 0.95
    },
    "test_metrics": {
      "loss": 0.407356433570385,
      "accuracy": 0.8441558441558441,
      "f1": 0.7391304347826086
    },
    "language": "ar",
    "task": "question_type",
    "task_type": "classification",
    "model_type": "lm_probe",
    "is_control": false,
    "control_index": null
  }
}