{
  "train_time": 56.910447120666504,
  "train_metrics": {
    "loss": 0.015308862986663977,
    "mse": 0.015322200022637844,
    "rmse": 0.12378287451274447,
    "r2": 0.2314767837524414
  },
  "val_metrics": {
    "loss": 0.024336296133697033,
    "mse": 0.02160707488656044,
    "rmse": 0.14699345184925905,
    "r2": 0.5355230569839478
  },
  "test_metrics": {
    "loss": 0.03115350939333439,
    "mse": 0.031278375536203384,
    "rmse": 0.17685693522223941,
    "r2": 0.2078818678855896
  },
  "train_language": "ru",
  "eval_language": "fi",
  "task": "complexity",
  "task_type": "regression",
  "model_type": "lm_probe"
}