{
  "ar": {
    "train_time": 39.240962743759155,
    "train_metrics": {
      "loss": 0.008414294988301301,
      "mse": 0.008456568233668804,
      "rmse": 0.09195960109563767,
      "r2": 0.6022932529449463
    },
    "val_metrics": {
      "loss": 0.015356686587134996,
      "mse": 0.01602068729698658,
      "rmse": 0.1265728537127396,
      "r2": 0.5743212699890137
    },
    "test_metrics": {
      "loss": 0.03389023095369339,
      "mse": 0.03326757624745369,
      "rmse": 0.1823940137379889,
      "r2": 0.32547998428344727
    },
    "language": "ar",
    "task": "single_submetric",
    "task_type": "regression",
    "model_type": "lm_probe",
    "is_control": false,
    "control_index": null,
    "submetric": "avg_max_depth"
  }
}