{
  "ja": {
    "train_time": 36.343268632888794,
    "train_metrics": {
      "loss": 0.02077992552270492,
      "mse": 0.020818499848246574,
      "rmse": 0.14428617344793152,
      "r2": -0.001791238784790039
    },
    "val_metrics": {
      "loss": 0.020258574125667412,
      "mse": 0.020233049988746643,
      "rmse": 0.14224292597084273,
      "r2": -0.01262974739074707
    },
    "test_metrics": {
      "loss": 0.06072973149518172,
      "mse": 0.060640450567007065,
      "rmse": 0.246252818394038,
      "r2": -0.016460537910461426
    },
    "language": "ja",
    "task": "single_submetric",
    "task_type": "regression",
    "model_type": "lm_probe",
    "is_control": true,
    "control_index": 3,
    "submetric": "n_tokens"
  }
}