{
  "id": {
    "train_time": 44.931968450546265,
    "train_metrics": {
      "loss": 0.018367902468889953,
      "mse": 0.01839902251958847,
      "rmse": 0.13564299657405268,
      "r2": -0.007227540016174316
    },
    "val_metrics": {
      "loss": 0.04893455132842064,
      "mse": 0.044829707592725754,
      "rmse": 0.21173027084648466,
      "r2": -0.21484196186065674
    },
    "test_metrics": {
      "loss": 0.0339109336159059,
      "mse": 0.033723823726177216,
      "rmse": 0.18364047409592804,
      "r2": -0.5190359354019165
    },
    "language": "id",
    "task": "single_submetric",
    "task_type": "regression",
    "model_type": "lm_probe",
    "is_control": true,
    "control_index": 3,
    "submetric": "avg_links_len"
  }
}