{
  "train_time": 32.440911293029785,
  "train_metrics": {
    "loss": 0.020580823173125585,
    "mse": 0.02055511809885502,
    "rmse": 0.14337056217667216,
    "r2": -0.030993342399597168
  },
  "val_metrics": {
    "loss": 0.060147859156131744,
    "mse": 0.05776898190379143,
    "rmse": 0.24035178781068267,
    "r2": -0.24183213710784912
  },
  "test_metrics": {
    "loss": 0.05737312617046492,
    "mse": 0.05721220374107361,
    "rmse": 0.23919072670376168,
    "r2": -0.44712889194488525
  },
  "language": "ru",
  "task": "complexity",
  "task_type": "regression",
  "model_type": "lm_probe",
  "is_control": true,
  "control_index": 1
}