{
  "ja": {
    "train_time": 77.5349690914154,
    "train_metrics": {
      "loss": 0.0036091719032265244,
      "mse": 0.0036305675748735666,
      "rmse": 0.06025419134693923,
      "r2": 0.9441147446632385
    },
    "val_metrics": {
      "loss": 0.016370097796122234,
      "mse": 0.016733570024371147,
      "rmse": 0.12935830094884188,
      "r2": 0.8054767847061157
    },
    "test_metrics": {
      "loss": 0.06323307876785596,
      "mse": 0.06360436230897903,
      "rmse": 0.2521990529502025,
      "r2": 0.334172785282135
    },
    "language": "ja",
    "task": "single_submetric",
    "task_type": "regression",
    "model_type": "lm_probe",
    "is_control": false,
    "control_index": null,
    "submetric": "avg_verb_edges"
  }
}