{
  "ru": {
    "train_time": 57.16763353347778,
    "train_metrics": {
      "loss": 0.05165698741873105,
      "mse": 0.051651615649461746,
      "rmse": 0.22726991804781763,
      "r2": 0.0033792853355407715
    },
    "val_metrics": {
      "loss": 0.05004791840910912,
      "mse": 0.04831479862332344,
      "rmse": 0.21980627521370594,
      "r2": 0.007356166839599609
    },
    "test_metrics": {
      "loss": 0.04416969445134912,
      "mse": 0.04378986731171608,
      "rmse": 0.20926028603563573,
      "r2": -0.06994259357452393
    },
    "language": "ru",
    "task": "single_submetric",
    "task_type": "regression",
    "model_type": "lm_probe",
    "is_control": true,
    "control_index": 2,
    "submetric": "avg_verb_edges"
  }
}