{
  "train_time": 63.64817833900452,
  "train_metrics": {
    "loss": 0.014704759623855352,
    "mse": 0.014582495205104351,
    "rmse": 0.1207580026545005,
    "r2": -0.0009732246398925781
  },
  "val_metrics": {
    "loss": 0.020653046481311322,
    "mse": 0.019766859710216522,
    "rmse": 0.14059466458659275,
    "r2": -0.00430750846862793
  },
  "test_metrics": {
    "loss": 0.012174759725374835,
    "mse": 0.01228831335902214,
    "rmse": 0.11085266509661434,
    "r2": -0.0802457332611084
  },
  "language": "ru",
  "task": "single_submetric",
  "task_type": "regression",
  "model_type": "lm_probe",
  "is_control": true,
  "control_index": 3,
  "submetric": "n_tokens"
}