{
  "train_time": 27.94027614593506,
  "train_metrics": {
    "loss": 0.023495880441066434,
    "mse": 0.02381799928843975,
    "rmse": 0.15433081120903808,
    "r2": -0.06991708278656006
  },
  "val_metrics": {
    "loss": 0.04543042182922363,
    "mse": 0.047328636050224304,
    "rmse": 0.21755145609768808,
    "r2": -0.004621624946594238
  },
  "test_metrics": {
    "loss": 0.031227943088327135,
    "mse": 0.03131302818655968,
    "rmse": 0.1769548761310625,
    "r2": 0.027724742889404297
  },
  "language": "ko",
  "task": "complexity",
  "task_type": "regression",
  "model_type": "lm_probe",
  "is_control": true,
  "control_index": 2
}