{
  "train_time": 67.83864617347717,
  "train_metrics": {
    "loss": 0.06666626731554667,
    "mse": 0.06670673936605453,
    "rmse": 0.25827647853812497,
    "r2": -0.02681577205657959
  },
  "val_metrics": {
    "loss": 0.08506159360210101,
    "mse": 0.08655250072479248,
    "rmse": 0.2941980637679189,
    "r2": -0.0061495304107666016
  },
  "test_metrics": {
    "loss": 0.09945492694775264,
    "mse": 0.10051216930150986,
    "rmse": 0.31703654253336455,
    "r2": -0.05218791961669922
  },
  "language": "ja",
  "task": "single_submetric",
  "task_type": "regression",
  "model_type": "lm_probe",
  "is_control": true,
  "control_index": 2,
  "submetric": "avg_verb_edges"
}