{
  "ru": {
    "train_time": 40.56175518035889,
    "train_metrics": {
      "loss": 0.023136733348170915,
      "mse": 0.023101545870304108,
      "rmse": 0.15199192699056127,
      "r2": 0.021060943603515625
    },
    "val_metrics": {
      "loss": 0.05635694488883018,
      "mse": 0.04875140264630318,
      "rmse": 0.22079719800374092,
      "r2": -0.11051583290100098
    },
    "test_metrics": {
      "loss": 0.06171402148902416,
      "mse": 0.06137615442276001,
      "rmse": 0.24774211273572366,
      "r2": -0.5267735719680786
    },
    "language": "ru",
    "task": "single_submetric",
    "task_type": "regression",
    "model_type": "lm_probe",
    "is_control": true,
    "control_index": 2,
    "submetric": "lexical_density"
  }
}