{
  "train_time": 62.9480459690094,
  "train_metrics": {
    "loss": 0.0099687333094577,
    "mse": 0.010002901777625084,
    "rmse": 0.10001450783573893,
    "r2": -0.07538235187530518
  },
  "val_metrics": {
    "loss": 0.017919815455873806,
    "mse": 0.018342196941375732,
    "rmse": 0.13543336716398854,
    "r2": -0.02885615825653076
  },
  "test_metrics": {
    "loss": 0.09657597417632739,
    "mse": 0.09585189819335938,
    "rmse": 0.3095995771853692,
    "r2": -1.2543275356292725
  },
  "language": "ja",
  "task": "single_submetric",
  "task_type": "regression",
  "model_type": "lm_probe",
  "is_control": true,
  "control_index": 3,
  "submetric": "avg_links_len"
}