{
  "model_type": "XGBRegressor",
  "training_time": 162.10147762298584,
  "train_metrics": {
    "mse": 0.011393562890589237,
    "rmse": 0.10674063373706022,
    "mae": 0.08447114378213882,
    "r2": 0.3877115249633789
  },
  "val_metrics": {
    "mse": 0.029002198949456215,
    "rmse": 0.17030031987479125,
    "mae": 0.12569157779216766,
    "r2": -0.10860443115234375
  },
  "test_metrics": {
    "mse": 0.03787291422486305,
    "rmse": 0.1946096457652165,
    "mae": 0.13972729444503784,
    "r2": -0.3710649013519287
  },
  "per_language_metrics": {
    "train": {
      "ar": {
        "mse": 0.014158712700009346,
        "rmse": 0.11899038910773149,
        "mae": 0.09395221620798111,
        "r2": 0.3284744620323181
      },
      "en": {
        "mse": 0.009229951538145542,
        "rmse": 0.09607263678147666,
        "mae": 0.07422437518835068,
        "r2": 0.2640119791030884
      },
      "fi": {
        "mse": 0.006838769186288118,
        "rmse": 0.08269685112679998,
        "mae": 0.06565389037132263,
        "r2": 0.09490561485290527
      },
      "id": {
        "mse": 0.01382087729871273,
        "rmse": 0.11756222734668109,
        "mae": 0.0945020318031311,
        "r2": 0.2433963418006897
      },
      "ja": {
        "mse": 0.008068371564149857,
        "rmse": 0.08982411460264919,
        "mae": 0.07175347208976746,
        "r2": 0.1325932741165161
      },
      "ko": {
        "mse": 0.013245536014437675,
        "rmse": 0.11508925238456315,
        "mae": 0.09324146062135696,
        "r2": 0.39256298542022705
      },
      "ru": {
        "mse": 0.016039056703448296,
        "rmse": 0.12664539748229423,
        "mae": 0.10487576574087143,
        "r2": 0.5189055800437927
      }
    },
    "val": {
      "ar": {
        "mse": 0.05496964603662491,
        "rmse": 0.23445606419247275,
        "mae": 0.16696740686893463,
        "r2": -0.11988747119903564
      },
      "en": {
        "mse": 0.015616390854120255,
        "rmse": 0.12496555867166062,
        "mae": 0.0877799466252327,
        "r2": -0.1728132963180542
      },
      "fi": {
        "mse": 0.018647920340299606,
        "rmse": 0.13655738845005644,
        "mae": 0.10350827127695084,
        "r2": -0.0842432975769043
      },
      "id": {
        "mse": 0.04471669718623161,
        "rmse": 0.2114632289222682,
        "mae": 0.16269975900650024,
        "r2": -0.21177959442138672
      },
      "ja": {
        "mse": 0.02008589543402195,
        "rmse": 0.14172471708922882,
        "mae": 0.10755899548530579,
        "r2": -0.12666428089141846
      },
      "ko": {
        "mse": 0.020451664924621582,
        "rmse": 0.14300931761469804,
        "mae": 0.11531661450862885,
        "r2": -0.016175508499145508
      },
      "ru": {
        "mse": 0.03411157429218292,
        "rmse": 0.1846931896204701,
        "mae": 0.14274103939533234,
        "r2": -0.1429612636566162
      }
    },
    "test": {
      "ar": {
        "mse": 0.05963311344385147,
        "rmse": 0.24419892187282782,
        "mae": 0.16390253603458405,
        "r2": -0.2875537872314453
      },
      "en": {
        "mse": 0.01218046061694622,
        "rmse": 0.11036512409700004,
        "mae": 0.07572709023952484,
        "r2": -0.30956900119781494
      },
      "fi": {
        "mse": 0.02287396788597107,
        "rmse": 0.1512414225203237,
        "mae": 0.11589616537094116,
        "r2": -0.26122474670410156
      },
      "id": {
        "mse": 0.03520498424768448,
        "rmse": 0.18762991298746712,
        "mae": 0.14957885444164276,
        "r2": -0.5857524871826172
      },
      "ja": {
        "mse": 0.1047704666852951,
        "rmse": 0.32368266355381947,
        "mae": 0.2599424719810486,
        "r2": -1.4640820026397705
      },
      "ko": {
        "mse": 0.026331264525651932,
        "rmse": 0.16226911143422193,
        "mae": 0.12554650008678436,
        "r2": -0.1442471742630005
      },
      "ru": {
        "mse": 0.0215910691767931,
        "rmse": 0.14693899814818767,
        "mae": 0.1144215390086174,
        "r2": -0.2817457914352417
      }
    }
  },