{
  "train_time": 32.4786696434021,
  "train_metrics": {
    "loss": 0.043300029064218204,
    "mse": 0.04341728612780571,
    "rmse": 0.20836815046404214,
    "r2": -0.08366203308105469
  },
  "val_metrics": {
    "loss": 0.05971355363726616,
    "mse": 0.0600748211145401,
    "rmse": 0.2451016546548393,
    "r2": 0.02090507745742798
  },
  "test_metrics": {
    "loss": 0.05169556010514498,
    "mse": 0.051755137741565704,
    "rmse": 0.22749755546283504,
    "r2": 0.0058283209800720215
  },
  "language": "ja",
  "task": "complexity",
  "task_type": "regression",
  "model_type": "lm_probe",
  "is_control": true,
  "control_index": 2
}