{
  "ar": {
    "train_time": 32.97153568267822,
    "train_metrics": {
      "loss": 0.6931374054106455,
      "accuracy": 0.5005025125628141,
      "f1": 0.0
    },
    "val_metrics": {
      "loss": 0.6922021508216858,
      "accuracy": 0.5454545454545454,
      "f1": 0.0
    },
    "test_metrics": {
      "loss": 0.6887916445732116,
      "accuracy": 0.7142857142857143,
      "f1": 0.0
    },
    "language": "ar",
    "task": "question_type",
    "task_type": "classification",
    "model_type": "lm_probe",
    "is_control": true,
    "control_index": 2
  }
}