{
  "train_time": 44.326759338378906,
  "train_metrics": {
    "loss": 0.021333650909364222,
    "mse": 0.021363088861107826,
    "rmse": 0.14616117426015646,
    "r2": -0.0018094778060913086
  },
  "val_metrics": {
    "loss": 0.03775739409029484,
    "mse": 0.03553266078233719,
    "rmse": 0.18850108960517228,
    "r2": 0.013617873191833496
  },
  "test_metrics": {
    "loss": 0.02383038348385266,
    "mse": 0.023826107382774353,
    "rmse": 0.15435707752731764,
    "r2": 0.023191332817077637
  },
  "language": "ru",
  "task": "single_submetric",
  "task_type": "regression",
  "model_type": "lm_probe",
  "is_control": true,
  "control_index": 2,
  "submetric": "avg_max_depth"
}