{
  "ar": {
    "train_time": 66.43841314315796,
    "train_metrics": {
      "loss": 0.005292801546775514,
      "mse": 0.00535671366378665,
      "rmse": 0.07318957346362014,
      "r2": 0.868760347366333
    },
    "val_metrics": {
      "loss": 0.019603864910701912,
      "mse": 0.01884881965816021,
      "rmse": 0.13729100355871907,
      "r2": 0.6726729869842529
    },
    "test_metrics": {
      "loss": 0.058503349870443346,
      "mse": 0.05883166566491127,
      "rmse": 0.24255239777192736,
      "r2": 0.14761298894882202
    },
    "language": "ar",
    "task": "single_submetric",
    "task_type": "regression",
    "model_type": "lm_probe",
    "is_control": false,
    "control_index": null,
    "submetric": "avg_verb_edges"
  }
}