{
  "train_time": 48.4784631729126,
  "train_metrics": {
    "loss": 0.02889352824228505,
    "mse": 0.02876872569322586,
    "rmse": 0.16961345964641444,
    "r2": -0.0008769035339355469
  },
  "val_metrics": {
    "loss": 0.043707015365362166,
    "mse": 0.04221691936254501,
    "rmse": 0.20546756279896108,
    "r2": -0.03628349304199219
  },
  "test_metrics": {
    "loss": 0.03272570802697113,
    "mse": 0.032855067402124405,
    "rmse": 0.18125966843764335,
    "r2": -0.019830822944641113
  },
  "language": "id",
  "task": "single_submetric",
  "task_type": "regression",
  "model_type": "lm_probe",
  "is_control": true,
  "control_index": 2,
  "submetric": "avg_max_depth"
}