{
  "id": {
    "train_time": 57.60743689537048,
    "train_metrics": {
      "loss": 0.008996773301623762,
      "mse": 0.009019419550895691,
      "rmse": 0.09497062467360995,
      "r2": 0.6862103343009949
    },
    "val_metrics": {
      "loss": 0.022452941071242093,
      "mse": 0.02095646969974041,
      "rmse": 0.14476349574302358,
      "r2": 0.48558908700942993
    },
    "test_metrics": {
      "loss": 0.024781402865690843,
      "mse": 0.024705447256565094,
      "rmse": 0.1571796655314074,
      "r2": 0.23313570022583008
    },
    "language": "id",
    "task": "single_submetric",
    "task_type": "regression",
    "model_type": "lm_probe",
    "is_control": false,
    "control_index": null,
    "submetric": "avg_max_depth"
  }
}