{
  "train_time": 36.78437089920044,
  "train_metrics": {
    "loss": 0.02802275093470482,
    "mse": 0.028208568692207336,
    "rmse": 0.16795406720948242,
    "r2": 0.03419935703277588
  },
  "val_metrics": {
    "loss": 0.03404438830912113,
    "mse": 0.034770846366882324,
    "rmse": 0.186469424750768,
    "r2": -0.03785884380340576
  },
  "test_metrics": {
    "loss": 0.03659898228943348,
    "mse": 0.03680148720741272,
    "rmse": 0.19183713719562415,
    "r2": -0.054032087326049805
  },
  "language": "ko",
  "task": "single_submetric",
  "task_type": "regression",
  "model_type": "lm_probe",
  "is_control": true,
  "control_index": 1,
  "submetric": "avg_max_depth"
}