{"_runtime": 111.273171626, "_step": 15, "epoch": 6, "train_loss": 0.020432275062101702, "learning_rate": 1e-05, "_timestamp": 1744128801.6549385, "val_loss": 0.2146726722518603, "val_accuracy": 0.9545454545454546, "val_f1": 0.9523809523809523, "best_val_loss": 0.17452879001696905, "best_val_accuracy": 0.9772727272727273, "best_val_f1": 0.975609756097561, "final_val_f1": 0.975609756097561, "final_test_f1": 0.7636363636363637, "train_time": 48.45240545272827, "final_train_accuracy": 1.0, "final_val_accuracy": 0.9772727272727273, "final_train_f1": 1.0, "final_test_accuracy": 0.8311688311688312}