{
  "train_time": 55.74950051307678,
  "train_metrics": {
    "loss": 0.024717334117740394,
    "mse": 0.024661818519234657,
    "rmse": 0.15704081800358358,
    "r2": 0.05292320251464844
  },
  "val_metrics": {
    "loss": 0.02619514303902785,
    "mse": 0.025908835232257843,
    "rmse": 0.16096221678474065,
    "r2": 0.040379881858825684
  },
  "test_metrics": {
    "loss": 0.06229698099195957,
    "mse": 0.06294680386781693,
    "rmse": 0.25089201634929903,
    "r2": -0.20126593112945557
  },
  "language": "ja",
  "task": "single_submetric",
  "task_type": "regression",
  "model_type": "lm_probe",
  "is_control": true,
  "control_index": 1,
  "submetric": "lexical_density"
}