{
  "train": {
    "ar": {
      "accuracy": 0.7889447236180904,
      "f1": 0.7874493927125507
    },
    "en": {
      "accuracy": 0.8380872483221476,
      "f1": 0.8368554522400676
    },
    "fi": {
      "accuracy": 0.8301255230125523,
      "f1": 0.8284023668639053
    },
    "id": {
      "accuracy": 0.8259958071278826,
      "f1": 0.8087557603686636
    },
    "ja": {
      "accuracy": 0.780016792611251,
      "f1": 0.7820299500831946
    },
    "ko": {
      "accuracy": 0.7943166441136671,
      "f1": 0.7449664429530202
    },
    "ru": {
      "accuracy": 0.8316582914572864,
      "f1": 0.8342951360263808
    }
  },
  "val": {
    "ar": {
      "accuracy": 0.45454545454545453,
      "f1": 0.3684210526315789
    },
    "en": {
      "accuracy": 0.5694444444444444,
      "f1": 0.5753424657534246
    },
    "fi": {
      "accuracy": 0.5079365079365079,
      "f1": 0.4918032786885246
    },
    "id": {
      "accuracy": 0.5,
      "f1": 0.41935483870967744
    },
    "ja": {
      "accuracy": 0.6956521739130435,
      "f1": 0.7083333333333334
    },
    "ko": {
      "accuracy": 0.4166666666666667,
      "f1": 0.27586206896551724
    },
    "ru": {
      "accuracy": 0.5972222222222222,
      "f1": 0.6329113924050633
    }
  },
  "test": {
    "ar": {
      "accuracy": 0.5844155844155844,
      "f1": 0.4074074074074074
    },
    "en": {
      "accuracy": 0.5727272727272728,
      "f1": 0.584070796460177
    },
    "fi": {
      "accuracy": 0.4090909090909091,
      "f1": 0.3925233644859813
    },
    "id": {
      "accuracy": 0.42727272727272725,
      "f1": 0.45217391304347826
    },
    "ja": {
      "accuracy": 0.5543478260869565,
      "f1": 0.616822429906542
    },
    "ko": {
      "accuracy": 0.4727272727272727,
      "f1": 0.3409090909090909
    },
    "ru": {
      "accuracy": 0.6363636363636364,
      "f1": 0.696969696969697
    }
  }
}