{
  "ar": {
    "train_time": 40.86009621620178,
    "train_metrics": {
      "loss": 0.01751412692967625,
      "mse": 0.017556162551045418,
      "rmse": 0.13249967000353405,
      "r2": 0.17434537410736084
    },
    "val_metrics": {
      "loss": 0.029109824138383072,
      "mse": 0.03075052984058857,
      "rmse": 0.1753582899112231,
      "r2": 0.18294095993041992
    },
    "test_metrics": {
      "loss": 0.054095439985394476,
      "mse": 0.0533161535859108,
      "rmse": 0.230902909435786,
      "r2": -0.08101701736450195
    },
    "language": "ar",
    "task": "single_submetric",
    "task_type": "regression",
    "model_type": "lm_probe",
    "is_control": false,
    "control_index": null,
    "submetric": "avg_max_depth"
  }
}