{
  "train_time": 43.92717409133911,
  "train_metrics": {
    "loss": 0.03318997387318535,
    "mse": 0.03359430283308029,
    "rmse": 0.18328748684261098,
    "r2": 0.019026875495910645
  },
  "val_metrics": {
    "loss": 0.04867223538458347,
    "mse": 0.04541023448109627,
    "rmse": 0.2130967725731581,
    "r2": -0.09278488159179688
  },
  "test_metrics": {
    "loss": 0.10469283376421247,
    "mse": 0.10484632104635239,
    "rmse": 0.323799816316119,
    "r2": -1.6228282451629639
  },
  "language": "ko",
  "task": "single_submetric",
  "task_type": "regression",
  "model_type": "lm_probe",
  "is_control": true,
  "control_index": 1,
  "submetric": "lexical_density"
}