{
  "train_time": 50.12775373458862,
  "train_metrics": {
    "loss": 0.042341325912506333,
    "mse": 0.042628370225429535,
    "rmse": 0.2064663900624737,
    "r2": 0.008423864841461182
  },
  "val_metrics": {
    "loss": 0.03833204756180445,
    "mse": 0.03817788138985634,
    "rmse": 0.1953916103364122,
    "r2": -0.1104118824005127
  },
  "test_metrics": {
    "loss": 0.06874900683760643,
    "mse": 0.06861644238233566,
    "rmse": 0.2619474038472908,
    "r2": -0.18242144584655762
  },
  "language": "ar",
  "task": "single_submetric",
  "task_type": "regression",
  "model_type": "lm_probe",
  "is_control": true,
  "control_index": 2,
  "submetric": "lexical_density"
}