{
  "train_time": 53.53382134437561,
  "train_metrics": {
    "loss": 0.01023263253390472,
    "mse": 0.010265916585922241,
    "rmse": 0.10132085957946785,
    "r2": 0.5388495922088623
  },
  "val_metrics": {
    "loss": 0.014486748538911343,
    "mse": 0.014588968828320503,
    "rmse": 0.12078480379716855,
    "r2": 0.6903271675109863
  },
  "test_metrics": {
    "loss": 0.035527990864855905,
    "mse": 0.03548084944486618,
    "rmse": 0.18836360966191473,
    "r2": 0.07934284210205078
  },
  "train_language": "ko",
  "eval_language": "en",
  "task": "complexity",
  "task_type": "regression",
  "model_type": "lm_probe"
}