{
  "ja": {
    "train_time": 31.554516077041626,
    "train_metrics": {
      "loss": 0.6918218994140625,
      "accuracy": 0.5130142737195634,
      "f1": 0.4793536804308797
    },
    "val_metrics": {
      "loss": 0.6611924568812052,
      "accuracy": 0.717391304347826,
      "f1": 0.723404255319149
    },
    "test_metrics": {
      "loss": 0.6858698626359304,
      "accuracy": 0.5217391304347826,
      "f1": 0.5510204081632653
    },
    "language": "ja",
    "task": "question_type",
    "task_type": "classification",
    "model_type": "lm_probe",
    "is_control": true,
    "control_index": 3
  }
}