{
  "train_time": 49.48849821090698,
  "train_metrics": {
    "loss": 0.026381053154667218,
    "mse": 0.026418661698698997,
    "rmse": 0.16253818535562342,
    "r2": 0.015282392501831055
  },
  "val_metrics": {
    "loss": 0.04789169803261757,
    "mse": 0.04786223918199539,
    "rmse": 0.218774402483461,
    "r2": -0.14362859725952148
  },
  "test_metrics": {
    "loss": 0.04194079020193645,
    "mse": 0.041944969445466995,
    "rmse": 0.20480471050605012,
    "r2": -0.08838808536529541
  },
  "language": "en",
  "task": "complexity",
  "task_type": "regression",
  "model_type": "lm_probe",
  "is_control": true,
  "control_index": 3
}