{
  "fi": {
    "train_time": 44.31510519981384,
    "train_metrics": {
      "loss": 0.007987598270798722,
      "mse": 0.007993524894118309,
      "rmse": 0.08940651483039874,
      "r2": -0.05792343616485596
    },
    "val_metrics": {
      "loss": 0.01976489694789052,
      "mse": 0.019797831773757935,
      "rmse": 0.1407047681273024,
      "r2": -0.15110242366790771
    },
    "test_metrics": {
      "loss": 0.0232074468263558,
      "mse": 0.023278025910258293,
      "rmse": 0.15257137972194618,
      "r2": -0.28350377082824707
    },
    "language": "fi",
    "task": "single_submetric",
    "task_type": "regression",
    "model_type": "lm_probe",
    "is_control": true,
    "control_index": 1,
    "submetric": "avg_links_len"
  }
}