{
  "train_time": 48.32381987571716,
  "train_metrics": {
    "loss": 0.6858161933838375,
    "accuracy": 0.5829145728643216,
    "f1": 0.6677341873498799
  },
  "val_metrics": {
    "loss": 0.7144532004992167,
    "accuracy": 0.45454545454545453,
    "f1": 0.5862068965517241
  },
  "test_metrics": {
    "loss": 0.7177884936332702,
    "accuracy": 0.35064935064935066,
    "f1": 0.4186046511627907
  },
  "language": "ar",
  "task": "question_type",
  "task_type": "classification",
  "model_type": "lm_probe",
  "is_control": true,
  "control_index": 2
}