{
  "en": {
    "train_time": 71.97918939590454,
    "train_metrics": {
      "loss": 0.016612786209831636,
      "mse": 0.016542596742510796,
      "rmse": 0.12861802650682677,
      "r2": 0.19043254852294922
    },
    "val_metrics": {
      "loss": 0.03523392826318741,
      "mse": 0.03585772216320038,
      "rmse": 0.1893613534045434,
      "r2": 0.2578141689300537
    },
    "test_metrics": {
      "loss": 0.019919640118522302,
      "mse": 0.019814323633909225,
      "rmse": 0.14076336040997753,
      "r2": 0.18987339735031128
    },
    "language": "en",
    "task": "single_submetric",
    "task_type": "regression",
    "model_type": "lm_probe",
    "is_control": false,
    "control_index": null,
    "submetric": "avg_subordinate_chain_len"
  }
}