{
  "ru": {
    "train_time": 42.89034128189087,
    "train_metrics": {
      "loss": 0.11922249888380368,
      "accuracy": 0.9723618090452262,
      "f1": 0.9725228975853455
    },
    "val_metrics": {
      "loss": 0.24357278533279897,
      "accuracy": 0.9305555555555556,
      "f1": 0.927536231884058
    },
    "test_metrics": {
      "loss": 0.183318380266428,
      "accuracy": 0.9363636363636364,
      "f1": 0.9369369369369369
    },
    "language": "ru",
    "task": "question_type",
    "task_type": "classification",
    "model_type": "lm_probe",
    "is_control": false,
    "control_index": null
  }
}