language,real,control1,control2,control3
ar,0.0382494411190466,0.0814282705344884,0.0750463839723014,0.0864672160874054
en,0.0268395356320768,0.03057341460509,0.0297189607478755,0.0305273363716992
fi,0.0145329849322847,0.0169102338603093,0.0198974833192018,0.018038100323091
id,0.0220306895665391,0.0358195630748672,0.033899262143861,0.0354499602559166
ja,0.0348731746475535,0.059211942460617,0.0598445372404404,0.0639172946414835
ko,0.0462046010926254,0.0702004679483795,0.0720852173903895,0.0718375157995107
ru,0.0116103156783622,0.0158543746890705,0.0151759654951289,0.0157510107715439
