language,real,control1,control2,control3
ar,0.0383486786909414,0.0624711313972201,0.0641881825050343,0.0681968445250552
en,0.0202918706770314,0.0425737584398021,0.0417675411811053,0.0425237695956173
fi,0.0281276106200392,0.0374426075372978,0.0435525423333653,0.0419183205435827
id,0.0210186370545752,0.0445482790189448,0.0427626072124966,0.0481201091007723
ja,0.0355114785647435,0.0588218669806546,0.0570572262503694,0.0701896437230243
ko,0.0190589824799033,0.0366108968899961,0.0376362137950081,0.0409381401429348
ru,0.0260710696889433,0.0660211675589707,0.0579510807451696,0.0646503418196503
