language,real,control1,control2,control3
ar,0.0197158902883529,0.0394174046814441,0.0366457439959049,0.0389313958585262
en,0.014487836509943,0.0363652296364307,0.0418249927461147,0.0410831682384014
fi,0.0233207289129495,0.0483308583498001,0.0509696677327156,0.0491093061864376
id,0.0245006047189235,0.0477568656206131,0.0463078022003173,0.0392568111419677
ja,0.0190480258315801,0.0320644006133079,0.0331432856619358,0.030340950936079
ko,0.0144669394940137,0.0349931642413139,0.0312858670949935,0.0364529080688953
ru,0.0136380083858966,0.0391948632895946,0.0389299467206001,0.0379498153924942
