language,real,control1,control2,control3
ar,-0.5566684007644653,-0.7807495594024658,-0.8215739727020264,-0.7955543994903564
en,0.1563872098922729,-0.1216347217559814,-0.0215753316879272,-0.0772540569305419
fi,0.0609326958656311,-0.1624679565429687,-0.173574686050415,-0.2586119174957275
id,-0.2104609012603759,-0.0974622964859008,-0.1600750684738159,-0.1710160970687866
ja,-0.0134212970733642,-0.1315720081329345,-0.1206389665603637,-0.1745294332504272
ko,-0.0714150667190551,-0.1299943923950195,-0.1783655881881714,-0.0233311653137207
ru,-0.1109436750411987,-0.1175359487533569,-0.1719763278961181,-0.2535107135772705
