language,real,control1,control2,control3
ar,0.2396484300384893,0.2588436716870119,0.2681050229355446,0.2572783803919948
en,0.1277410776672062,0.1711265295234104,0.1662969337627433,0.1680035111586903
fi,0.197814103371629,0.2278363982434914,0.2316676492350024,0.2332683663665484
id,0.2096031778239132,0.2767891644667131,0.2807528287060598,0.2445723340679481
ja,0.2684526284232503,0.3258704888865992,0.3367183061318005,0.3414361194315244
ko,0.2338182193736724,0.256597996136868,0.2571520002855106,0.2630412012025906
ru,0.2016411003364361,0.2315844507920259,0.2350741449021046,0.2324500106963936
