language,real,control1,control2,control3
ar,0.0574313700199127,0.0670000463724136,0.0718803033232688,0.0661921650171279
en,0.0163177829235792,0.0292842891067266,0.0276546701788902,0.0282251797616481
fi,0.0391304194927215,0.0519094243645668,0.0536698997020721,0.0544141307473182
id,0.0439334921538829,0.0766122415661811,0.0788221508264541,0.059815626591444
ja,0.0720668137073516,0.1061915755271911,0.1133792176842689,0.1165786236524581
ko,0.0546709597110748,0.0658425316214561,0.0661271512508392,0.0691906735301017
ru,0.0406591333448886,0.0536313578486442,0.0552598536014556,0.0540330074727535
