language,real,control1,control2,control3
ar,0.4977812767028808,0.0211290121078491,0.0360535979270935,-0.0300811529159545
en,0.0310996174812316,-0.3772499561309814,-0.289642333984375,-0.4027009010314941
fi,0.1719241738319397,-0.2367291450500488,-0.3715671300888061,-0.3041291236877441
id,-0.1826663017272949,-0.0598020553588867,-0.1177523136138916,0.0411281585693359
ja,0.5270256400108337,-0.0860452651977539,-0.0839014053344726,-0.0542398691177368
ko,0.2011528015136718,-0.6216937303543091,-0.6021566390991211,-0.6377769708633423
ru,0.2103660702705383,-0.2653392553329468,-0.3045620918273926,-0.3436696529388428
