language,real,control1,control2,control3
ar,0.0262904651463031,0.0651631876826286,0.0569293051958084,0.0738879963755607
en,0.0267734788358211,0.0451420284807682,0.0490701869130134,0.0490342490375041
fi,0.0445399358868598,0.0772029533982276,0.0809635892510414,0.0816674008965492
id,0.0184040293097496,0.0546730309724807,0.05357351526618,0.0593709424138069
ja,0.0268771648406982,0.0678248181939125,0.0695535242557525,0.0727592930197715
ko,0.0248060058802366,0.054547481238842,0.0534429661929607,0.0550378113985061
ru,0.0155703658238053,0.0622913055121898,0.0625017210841178,0.0627284944057464
