language,real,control1,control2,control3
ar,0.4347425527604389,-0.1061081981999179,-0.0363474628650142,-0.8894436399063859
en,0.547159967352004,-0.1602017642108943,-0.084904602928814,-0.09445952436825955
fi,0.0140350823354271,-0.1345406145880081,-0.2791258039822213,-0.30173420412400787
id,0.4330645429767161,-0.0766341662565173,0.0053403522837898,-0.24128518173981806
ja,0.2161417898244401,-0.2344423129579731,-0.2136316334434833,-0.1675151161406172
ko,0.3708874259299892,-0.086776800137569,-0.1682308727659458,-0.020838149720727284
ru,0.4238405198409072,-0.2537337157794856,-0.0155386488387327,-0.32601259309209296
