language,real,control1,control2,control3
ar,0.1439742682187388,-0.4042279261840786,-0.316520548303737,-0.4658463456742172
en,0.3195235423788443,-0.2047009091550309,-0.1396118784557085,-0.3918805592060799
fi,0.017552073791573,-0.2899585099532347,-0.2255568864144181,-0.3995157219206817
id,-0.1866629823494245,-0.6325458070548857,-0.5914560689632771,-0.6764191197113338
ja,-0.7817223835734057,-1.5139147084659244,-1.5156648047033232,-1.508886570000167
ko,0.1280117011132585,-0.146728747291418,-0.148201678757174,-0.2287004402081747
ru,-0.1191169745977385,-0.2105397808292417,-0.1687555677134511,-0.3894138108178611
