language,real,control1,control2,control3
ar,0.027878701529974,0.0545536559811195,0.0511130313092803,
en,0.0128012127455848,0.0327974307497045,0.0306688756061273,
fi,0.0300651306229031,0.0345956647781879,0.0390045159729858,
id,0.0182645023269505,0.0346850545176945,0.0320441475747925,
ja,0.0530596537897196,0.0835598592942734,0.0821511766577538,
ko,0.0219654392846419,0.037944766649542,0.0407887321980772,
ru,0.0140535594275892,0.0305808059883247,0.0247708026057784,
