language,real,control1,control2,control3
ar,0.26864755153656,0.0310466289520263,0.000950813293457,-0.0602754354476928
en,0.6022058725357056,-0.0420697927474975,-0.0327546596527099,-0.0864113569259643
fi,0.5079823136329651,0.0390804409980773,-0.0440043210983276,-0.058159589767456
id,0.5156165361404419,-0.0263220071792602,0.0052837133407592,0.0187255144119262
ja,0.4571338295936584,-0.113473892211914,-0.1603702306747436,-0.1674369573593139
ko,0.5140796303749084,-0.1223877668380737,-0.1458348035812378,-0.1746622323989868
ru,0.3863699436187744,-0.4989612102508545,-0.5382546186447144,-0.5210787057876587
