language,real,control1,control2,control3
ar,-0.1687926730707403,-0.2045279516575697,-0.2083911781468503,-0.2396717379440622
en,0.1575624272625259,-0.1616884599705181,0.0451462565154698,0.0353533834946949
fi,-0.3022481837409594,-0.2007209550215258,-0.3001095430903688,-0.2594918642160735
id,0.0744462021637446,-0.4852552832467303,-0.8757089224633616,-0.478900210127235
ja,-0.4711219200661261,-0.1832710604276517,-0.1881617890935578,-0.269668193296062
ko,-0.4817296314085024,-0.9700154146930052,-1.0186733940813344,-1.1086008313931797
ru,-0.0720194198269523,-0.502791719265872,-0.595646482991808,-0.7116830796168008
