language,real,control1,control2,control3
ar,0.2604334070980898,0.2643847455314098,0.2648083805773635,0.268213913220381
en,0.1552551279109964,0.1823148006352871,0.1652895954905075,0.1661350291388002
fi,0.2413227460747034,0.2317247506154043,0.2411245063267007,0.2373280449685451
id,0.1946099712226436,0.2465271799379734,0.2770428696026282,0.2459991973903113
ja,0.277646102968148,0.2490057468030143,0.2495198148796736,0.2579362424547547
ko,0.2433751351732724,0.2806251141256266,0.2840695951524323,0.290327991394672
ru,0.2075935460429119,0.2457887029237254,0.2532683148312586,0.2623156488340257
