language,real,control1,control2,control3
ar,0.1050371447666899,-0.4007426282751247,-0.4373240679492693,-0.5201400255683553
en,0.3677890469841705,-0.180811407433286,-0.2254499290561726,-0.2205536652239363
fi,0.1654536097884352,-0.125852879466517,-0.1881100060341882,-0.2550420242071367
id,0.3270492521636092,-0.4542699185034224,-0.3602424462499149,-0.4600445613159012
ja,0.0543730399546864,-0.4774287966523778,-0.4390896988934378,-0.5706402449949228
ko,0.1078079032219576,-0.4089755561730979,-0.2206331152198091,-0.453492552074306
ru,0.1568269759859933,-0.4934271100943919,-0.4053837274202354,-0.5234017622744171
