language,real,control1,control2,control3
ar,0.0673727840185165,0.0674134567379951,0.0689187198877334,0.0676986053586006
en,0.0282840505242347,0.0339854583144187,0.0311514325439929,0.031054563820362
fi,0.0575177185237407,0.05014568567276,0.0569185763597488,0.0565834492444992
id,0.0398102588951587,0.0617268532514572,0.0735984221100807,0.0600566416978836
ja,0.077939473092556,0.0636532083153724,0.0644390136003494,0.0678594186902046
ko,0.0626168400049209,0.0810392647981643,0.0793768763542175,0.0794556438922882
ru,0.0518310517072677,0.0603289566934108,0.0597748979926109,0.0615767985582351
