language,real,control1,control2,control3
ar,0.0523184537887573,0.0583419576287269,0.0607857070863246,0.0575198270380497
en,0.0325509943068027,0.059633869677782,0.056265003979206,0.0596240423619747
fi,0.0301758740097284,0.0573169328272342,0.0545371435582637,0.0579555928707122
id,0.030342599377036,0.0717668533325195,0.0651019215583801,0.0638299584388732
ja,0.0323849506676197,0.0711402371525764,0.0630737692117691,0.0762429758906364
ko,0.0413811132311821,0.0767127051949501,0.0809103101491928,0.0846949145197868
ru,0.0348443388938903,0.0631763190031051,0.0638104006648063,0.0643702670931816
