language,real,control1,control2,control3
ar,-0.3114568473554024,-0.6878243288017309,-0.8970335763123991,-0.8894436399063859
en,0.2385777116895487,-0.1869359656832689,-0.0733138036662772,-0.0944595243682595
fi,0.065683078163606,-0.1897454809701841,-0.2631735267238531,-0.3017342041240078
id,-0.0898439580780714,-0.1443964744146841,-0.1469125623145719,-0.241285181739818
ja,0.0139245806348721,-0.0529269307818842,-0.141310718186906,-0.1675151161406172
ko,-0.0881785463198805,-0.1400812434227851,-0.4080617598451492,-0.0208381497207272
ru,-0.0254568036839379,-0.2928932181711927,-0.1322016016791274,-0.3260125930920929
