language,real,control1,control2,control3
ar,0.8311688311688312,0.7142857142857143,0.7142857142857143,0.7142857142857143
en,0.9454545454545454,0.5,0.5,0.5
fi,0.9,0.5,0.5,0.5
id,0.7454545454545455,0.5,0.5,0.5
ja,0.8586956521739131,0.4021739130434782,0.4021739130434782,0.391304347826087
ko,0.8636363636363636,0.5,0.5,0.5
ru,0.9,0.5,0.5,0.5
