language,real,control1,control2,control3
ar,0.7142857142857143,0.7142857142857143,0.7142857142857143,0.7142857142857143
en,0.5,0.5,0.5,0.5
fi,0.5,0.5,0.5,0.5
id,0.5,0.5,0.5,0.5
ja,0.4021739130434782,0.4021739130434782,0.4021739130434782,0.4021739130434782
ko,0.5,0.5,0.5,0.5
ru,0.5,0.5,0.5,0.5
