language,real,control1,control2,control3
ar,0.961038961038961,0.7142857142857143,0.7142857142857143,0.7142857142857143
en,0.9181818181818182,0.5,0.5,0.5
fi,0.9181818181818182,0.5,0.5,0.5
id,0.6181818181818182,0.5,0.5,0.5
ja,0.7391304347826086,0.4021739130434782,0.4021739130434782,0.4021739130434782
ko,0.7090909090909091,0.5,0.5,0.5
ru,0.9363636363636364,0.5,0.5,0.5
