language,real,control1,control2,control3
ar,0.987012987012987,0.5194805194805194,0.4545454545454545,0.5844155844155844
en,0.7909090909090909,0.509090909090909,0.4272727272727272,0.5727272727272728
fi,0.8454545454545455,0.4727272727272727,0.4454545454545454,0.4090909090909091
id,0.5727272727272728,0.4545454545454545,0.5363636363636364,0.4272727272727272
ja,0.6521739130434783,0.5217391304347826,0.5434782608695652,0.5543478260869565
ko,0.6636363636363637,0.5454545454545454,0.4363636363636363,0.4727272727272727
ru,0.8,0.3818181818181818,0.4454545454545454,0.6363636363636364
