language,real,control1,control2,control3
ar,0.987012987012987,0.5064935064935064,0.5844155844155844,0.4285714285714285
en,0.7363636363636363,0.5181818181818182,0.4636363636363636,0.5454545454545454
fi,0.8090909090909091,0.4636363636363636,0.4454545454545454,0.4727272727272727
id,0.6909090909090909,0.5272727272727272,0.5,0.4727272727272727
ja,0.6413043478260869,0.5108695652173914,0.5543478260869565,0.5108695652173914
ko,0.6636363636363637,0.5454545454545454,0.509090909090909,0.4818181818181818
ru,0.8727272727272727,0.4454545454545454,0.4818181818181818,0.8
