language,real,control1,control2,control3
ar,0.0304308459162712,0.0482044667005538,0.0477779582142829,0.0500282980501651
en,0.0113776866346597,0.0270242262631654,0.0262743756175041,0.0269643887877464
fi,0.0238350685685873,0.0300902128219604,0.0339420698583126,0.0339768752455711
id,0.0281673353165388,0.0355903469026088,0.0293984580785036,0.0326424650847911
ja,0.035219844430685,0.0856339186429977,0.0796683132648468,0.076783187687397
ko,0.0180397275835275,0.0338152013719081,0.0351664721965789,0.034480981528759
ru,0.0171179380267858,0.0240758657455444,0.0238261073827743,0.0244588013738393
