language,real,control1,control2,control3
ar,0.2030563330126283,0.2519344204605844,0.2553302010057919,0.2462510635503079
en,0.1023250935927228,0.1023271004769258,0.1082918614049951,0.112185680526069
fi,0.1570028941330397,0.173533645606134,0.1607995777879724,0.1551034224509204
id,0.1617789002292637,0.2003908179655875,0.1859086475105503,0.1897566026260106
ja,0.2746759976874516,0.3169255528012099,0.3173710395390093,0.3179255027322168
ko,0.118941864345788,0.1565134331152795,0.1580505813035831,0.1463857827592463
ru,0.1223046418783565,0.1429624733302705,0.1324459023184337,0.1420234184078365
