language,real,control1,control2,control3
ar,0.3829963207244873,0.0226255655288696,0.0312732458114624,-0.0143537521362304
en,0.5975168347358704,0.0440239906311035,0.0705497860908508,0.0461406707763671
fi,0.2183455824851989,0.013212502002716,-0.113106369972229,-0.1142477989196777
id,0.1256777048110962,-0.1047347784042358,0.0874632596969604,-0.0132316350936889
ja,0.4796919822692871,-0.2650825977325439,-0.1769518852233886,-0.1343295574188232
ko,0.4833238124847412,0.0314981341361999,-0.0072035789489746,0.0124295353889465
ru,0.2982088923454284,0.012951910495758,0.0231913328170776,-0.0027474164962768
