language,real,control1,control2,control3
ar,0.2088512995198875,0.2782467929041759,0.2743999708365405,0.275155203544884
en,0.1610384520314311,0.1701448720222748,0.1578537355975254,0.1597133303726451
fi,0.0966538963210131,0.119297260753455,0.1222223517587756,0.1228493512899204
id,0.2046090711057546,0.1907773487838787,0.1878378030517503,0.1875304257025621
ja,0.1397636978289484,0.240646597896173,0.242802546529126,0.246252818394038
ko,0.1831072896231077,0.2666715313547188,0.2647181767428319,0.2634642737416365
ru,0.0886266881021324,0.112537147594395,0.1132113841435445,0.1060428886805322
