language,real,control1,control2,control3
ar,0.2691610530635984,0.2459018504032417,0.2453981058825841,0.2461567525598215
en,0.1516763053397111,0.1725396450845574,0.1694519736574911,0.1699484442623677
fi,0.200533938702117,0.2191205037581096,0.2150260758527947,0.2172749634827309
id,0.1725260638590864,0.2132202361590551,0.2306208431959935,0.2152600243684295
ja,0.2924487776614814,0.2900492862222454,0.2682519211731415,0.2536130092121438
ko,0.2913541552944042,0.3293154330018915,0.2624519383618894,0.2733961346536518
ru,0.2049926579719081,0.2248485535644677,0.2290195793205548,0.2093491000909598
