language,real,control1,control2,control3
ar,0.2017988562583923,-0.0709364414215087,-0.0854511260986328,-0.0471601486206054
en,-0.7466459274291992,-0.4615093469619751,-0.3733774423599243,-0.4917558431625366
fi,0.1649483442306518,-0.0634557008743286,-0.0664014816284179,-0.0817151069641113
id,-0.5639611482620239,-0.129260778427124,-0.2983238697052002,-0.22288179397583
ja,0.7893778681755066,-0.0634411573410034,-0.0571682453155517,-0.0202165842056274
ko,0.019051194190979,-0.7607358694076538,-0.6430110931396484,-0.5090090036392212
ru,-0.0005404949188232,-0.0730693340301513,-0.0702987909317016,-0.060271143913269
