language,real,control1,control2,control3
ar,0.1404842734336853,-0.3449283838272095,-0.3879717588424682,-0.2397037744522094
en,0.0601248145103454,-0.0707504749298095,-0.0618891716003418,-0.1102545261383056
fi,0.4316650032997131,-0.095698595046997,-0.2250068187713623,-0.1948617696762085
id,0.2751299142837524,-0.3263633251190185,-0.2906744480133056,-0.230445384979248
ja,0.2038361430168151,-0.256793737411499,-0.2600940465927124,-0.2436784505844116
ko,-0.5221127271652222,-0.0458279848098754,-0.0529870986938476,-0.0599300861358642
ru,0.3406307101249695,-0.297492504119873,-0.4207528829574585,-0.4466980695724487
