language,real,control1,control2,control3
ar,0.2461475133895874,0.0090493559837341,0.0474044680595397,0.0065330862998962
en,-0.7867758274078369,-0.2079695463180542,-0.6211692094802856,-0.4662765264511108
fi,-0.0469660758972168,-0.0399428606033325,-0.0891886949539184,-0.0907410383224487
id,-0.9783639907836914,-0.0698668956756591,-0.3163914680480957,-0.0391041040420532
ja,0.7649608850479126,0.0374854803085327,0.0249567627906799,0.0404103994369506
ko,0.1241759657859802,-0.5718601942062378,-0.7076315879821777,-0.5971317291259766
ru,0.0803138017654419,0.0419530272483825,-0.0616145133972168,-0.0802457332611084
