language,real,control1,control2,control3
ar,0.0651438310742378,0.1304387152194976,0.1219990253448486,0.1265082061290741
en,0.0431839525699615,0.0604672953486442,0.0606645680963993,0.0621890164911747
fi,0.0401978604495525,0.0966266095638275,0.0915472954511642,0.0939245820045471
id,0.0437094829976558,0.0747610181570053,0.0626762360334396,0.0650829896330833
ja,0.0724358260631561,0.1200601011514663,0.1038406938314437,0.1099944114685058
ko,0.0441346205770969,0.0517129376530647,0.0426982045173645,0.0338119193911552
ru,0.0294178072363138,0.0481387302279472,0.0529216155409812,0.0458516553044319
