language,real,control1,control2,control3
ar,-0.3522555828094482,-0.3704742193222046,-0.3724880218505859,-0.3824026584625244
en,0.1898733973503112,-0.0927416086196899,-0.1158446073532104,-0.1051923036575317
fi,0.1569982171058654,-0.1997871398925781,-0.2210034132003784,-0.1949553489685058
id,0.1882227063179016,-0.3376039266586303,-0.3475140333175659,-0.4074345827102661
ja,0.3285288214683532,-0.2472772598266601,-0.2462689876556396,-0.2443742752075195
ko,-0.0739187002182006,-0.0090726613998413,-0.0920386314392089,-0.102386474609375
ru,0.1974731683731079,-0.3928878307342529,-0.4354901313781738,-0.4082648754119873
