language,real,control1,control2,control3
ar,-0.0810170173645019,-0.1406252384185791,-0.0909442901611328,-0.079192042350769
en,0.3894349336624145,0.0434414148330688,-0.0258357524871826,-0.0248016119003295
fi,0.2993415594100952,-0.1408361196517944,-0.0118805170059204,-0.0688750743865966
id,0.0788174867630004,-0.1921135187149047,-0.2341639995574951,-0.2001235485076904
ja,0.3042759895324707,-0.237089991569519,-0.222374677658081,-0.4071881771087646
ko,0.624913215637207,-0.0683735609054565,0.0083487033843994,0.0316461324691772
ru,-0.0659433603286743,-0.0461806058883667,0.0449239015579223,-0.023529052734375
