language,real,control1,control2,control3
ar,0.0370776951313018,0.0581557229161262,0.0532295741140842,0.0568114258348941
en,0.0086772553622722,0.0087851723656058,0.0087426276877522,0.0092814164236187
fi,0.0196425952017307,0.023215889930725,0.0232513919472694,0.0225233603268861
id,0.0194035992026329,0.0317364074289798,0.0343917049467563,0.0344632565975189
ja,0.0957776382565498,0.0959481596946716,0.1058153808116912,0.0940964519977569
ko,0.0155078684911131,0.0249981079250574,0.0243054516613483,0.0249257646501064
ru,0.0206141956150531,0.0161978192627429,0.0160437952727079,0.016741432249546
