language,real,control1,control2,control3
ar,-0.1476560831069946,-0.3550394773483276,-0.3726613521575928,-0.3208553791046142
en,0.3458450436592102,-0.1394975185394287,-0.0403578281402587,-0.0898936986923217
fi,0.1698053479194641,-0.1659449338912964,-0.1537904739379882,-0.2011417150497436
id,0.3438814878463745,-0.2684451341629028,-0.27126145362854,-0.2840045690536499
ja,0.3455138206481933,-0.3029794692993164,-0.2916250228881836,-0.2403632402420044
ko,-0.1177459955215454,-0.0749832391738891,-0.0285658836364746,-0.0878547430038452
ru,-0.2396225929260254,-0.4236968755722046,-0.2964092493057251,-0.398125410079956
