language,real,control1,control2,control3
ar,0.2538625092610231,0.2494928386435456,0.2699358294753936,0.2541593610516154
en,0.0951365858424399,0.0969880753519997,0.0963269551833403,0.101997950444772
fi,0.1387569341237086,0.1685011764401816,0.1586908721914841,0.1474687877359117
id,0.1749484520588168,0.190586768678423,0.1893965154801359,0.1911713949898203
ja,0.2731080113677047,0.3003209915111778,0.3109392290690284,0.3095995771853692
ko,0.1438385110448442,0.2406060514792158,0.1656366285704349,0.1609160786325686
ru,0.1301742453459485,0.1299850162137661,0.1339768741276381,0.1465526294637973
