language,real,control1,control2,control3
ar,0.0724476724863052,0.0604677200317382,0.0602202303707599,0.0605931468307971
en,0.0230057016015052,0.029769929125905,0.028713971376419,0.028882473707199
fi,0.0402138605713844,0.0480137951672077,0.0462362132966518,0.047208409756422
id,0.0297652427107095,0.0454628691077232,0.053185973316431,0.0463368780910968
ja,0.0855262875556945,0.084128588438034,0.0719590932130813,0.0643195584416389
ko,0.0848872438073158,0.1084486544132232,0.068881019949913,0.0747454464435577
ru,0.0420219898223876,0.0505568720400333,0.0524499677121639,0.0438270457088947
