language,real,control1,control2,control3
ar,0.1994459629058838,-0.2556551694869995,-0.1492934226989746,-0.2266300916671753
en,0.0670742988586425,0.0554717779159545,0.060045838356018,0.0021185874938964
fi,-0.0830533504486084,-0.2800776958465576,-0.282035231590271,-0.24189293384552
id,0.1259957551956176,-0.429516077041626,-0.5491197109222412,-0.5523426532745361
ja,-1.2525811195373535,-1.256591558456421,-1.4886572360992432,-1.2130415439605713
ko,0.3260925412178039,-0.0863138437271118,-0.0562138557434082,-0.0831700563430786
ru,-0.2237540483474731,0.038422405719757,0.0475660562515258,0.0061510205268859
