language,real,control1,control2,control3
ar,0.0615373291075229,0.063572347164154,0.0674939304590225,0.0621544979512691
en,0.0187132190912961,0.0294106770306825,0.0288234502077102,0.0284811165183782
fi,0.0496707670390605,0.0547827817499637,0.055554624646902,0.05446557700634
id,0.0322277173399925,0.049811590462923,0.0497794076800346,0.0511974953114986
ja,0.0645560249686241,0.063018761575222,0.0674487948417663,0.0666833147406578
ko,0.0995022505521774,0.1064626947045326,0.1002015843987464,0.0998130440711975
ru,0.0616419538855552,0.0617305859923362,0.0640259385108947,0.0618722923099994
