language,real,control1,control2,control3
ar,-0.0604318380355834,-0.0954998731613159,-0.1630780696868896,-0.0710670948028564
en,0.3459750413894653,-0.0278999805450439,-0.0073764324188232,0.0045880675315856
fi,-0.1107032299041748,-0.2250145673751831,-0.2422740459442138,-0.217921495437622
id,0.2124083638191223,-0.2173120975494384,-0.2165255546569824,-0.2511812448501587
ja,-0.23197603225708,-0.202639102935791,-0.2871811389923095,-0.2725727558135986
ko,-1.4891412258148191,-1.6632633209228516,-1.506635665893555,-1.4969160556793213
ru,-0.5333853960037231,-0.5355901718139648,-0.5926885604858398,-0.5391151905059814
