Language,Dummy,Ridge,XGBoost,LM-L2,LM-L6,LM-L11,LM-L12,Average
Arabic,0.2427366015476717,0.1958281866610151,0.2059682782404617,0.2118465122549827,0.2501968413521409,0.2868666888261001,0.2235246255043151,0.23099539062666966
English,0.1965719812650669,0.1424495373001663,0.1238161291816216,0.112758280221406,0.1493543181307083,0.1150451658537194,0.1609800192302822,0.1429964901689958
Finnish,0.2007060258862857,0.1677128814970372,0.1393854559410425,0.1355968355784726,0.1428370345866962,0.1431861740668657,0.1686802697930712,0.15687209676421016
Indonesian,0.2019395624472806,0.1449780571485742,0.1405357700284344,0.149106069781021,0.207533658612644,0.1588772023545062,0.2486815555376873,0.17880741084430682
Japanese,0.2510692410474532,0.1884448953003067,0.16810956862866,0.1358711055870436,0.1385086200016454,0.1509993729625718,0.1510744895020261,0.16915389900424385
Korean,0.1888926168401914,0.1380542736748969,0.1250980335500895,0.1151847085764588,0.1448036539366567,0.1062237112747403,0.1249833878267019,0.1347486265256765
Russian,0.243046015692246,0.1614653823237145,0.1557557335065381,0.1722581288702751,0.1328002629532961,0.1324764797414926,0.1577936808063293,0.16508509769912738
