{
  "ar": {
    "train_time": 42.60989046096802,
    "train_metrics": {
      "loss": 0.01828079631862541,
      "mse": 0.018488623201847076,
      "rmse": 0.13597287671387656,
      "r2": 0.5470281839370728
    },
    "val_metrics": {
      "loss": 0.03790422653158506,
      "mse": 0.03809044882655144,
      "rmse": 0.19516774535396836,
      "r2": 0.33852440118789673
    },
    "test_metrics": {
      "loss": 0.09330308288335801,
      "mse": 0.09381251782178879,
      "rmse": 0.30628829200899726,
      "r2": -0.3592097759246826
    },
    "language": "ar",
    "task": "single_submetric",
    "task_type": "regression",
    "model_type": "lm_probe",
    "is_control": false,
    "control_index": null,
    "submetric": "avg_verb_edges"
  }
}