{
  "en": {
    "train_time": 59.67956590652466,
    "train_metrics": {
      "loss": 0.012486719122777382,
      "mse": 0.012489666230976582,
      "rmse": 0.11175717529973896,
      "r2": 0.004085183143615723
    },
    "val_metrics": {
      "loss": 0.013150811940431596,
      "mse": 0.012557939626276493,
      "rmse": 0.11206221319551249,
      "r2": 0.05688077211380005
    },
    "test_metrics": {
      "loss": 0.008839662452893597,
      "mse": 0.008742627687752247,
      "rmse": 0.09350201969878644,
      "r2": 0.060045838356018066
    },
    "language": "en",
    "task": "single_submetric",
    "task_type": "regression",
    "model_type": "lm_probe",
    "is_control": true,
    "control_index": 2,
    "submetric": "avg_links_len"
  }
}