{"epoch": 10, "train_loss": 0.004336977773734058, "learning_rate": 1e-05, "_timestamp": 1743959245.5373225, "_runtime": 111.146668374, "_step": 26, "val_mse": 0.006793607957661152, "val_rmse": 0.0824233459504111, "val_r2": 0.6312268972396851, "val_loss": 0.006767899030819535, "best_val_loss": 0.005510012968443334, "best_val_mse": 0.0055258506909012794, "best_val_rmse": 0.07433606588259349, "best_val_r2": 0.7000437378883362, "final_test_r2": 0.4320693612098694, "final_train_mse": 0.002920143073424697, "final_train_r2": 0.8007854223251343, "final_val_mse": 0.0055258506909012794, "final_val_r2": 0.7000437378883362, "final_test_mse": 0.007852495647966862, "final_test_rmse": 0.0886143083704142, "train_time": 82.52302169799805, "final_train_rmse": 0.05403834817446493, "final_val_rmse": 0.07433606588259349}