{
  "train_time": 42.38726782798767,
  "train_metrics": {
    "loss": 0.020613597879807155,
    "mse": 0.020590413361787796,
    "rmse": 0.14349360042102155,
    "r2": -0.018921494483947754
  },
  "val_metrics": {
    "loss": 0.07993380539119244,
    "mse": 0.07980897277593613,
    "rmse": 0.28250481903135055,
    "r2": -0.21733224391937256
  },
  "test_metrics": {
    "loss": 0.03934812545776367,
    "mse": 0.03955107927322388,
    "rmse": 0.19887453148461187,
    "r2": -0.0016226768493652344
  },
  "language": "fi",
  "task": "complexity",
  "task_type": "regression",
  "model_type": "lm_probe",
  "is_control": true,
  "control_index": 2
}