{
  "train_time": 64.95357322692871,
  "train_metrics": {
    "loss": 0.01808444215760877,
    "mse": 0.018125126138329506,
    "rmse": 0.13462958864354263,
    "r2": 0.007766425609588623
  },
  "val_metrics": {
    "loss": 0.05137228295207023,
    "mse": 0.04709865525364876,
    "rmse": 0.2170222459879373,
    "r2": -0.27632832527160645
  },
  "test_metrics": {
    "loss": 0.03649433569184372,
    "mse": 0.036323316395282745,
    "rmse": 0.19058676867842306,
    "r2": -0.6361260414123535
  },
  "language": "id",
  "task": "single_submetric",
  "task_type": "regression",
  "model_type": "lm_probe",
  "is_control": true,
  "control_index": 1,
  "submetric": "avg_links_len"
}