{
  "train_time": 47.02697205543518,
  "train_metrics": {
    "loss": 0.02124479908259615,
    "mse": 0.021268492564558983,
    "rmse": 0.1458372125507032,
    "r2": -0.0002429485321044922
  },
  "val_metrics": {
    "loss": 0.035304208286106586,
    "mse": 0.0372910350561142,
    "rmse": 0.19310886840358782,
    "r2": 0.009155988693237305
  },
  "test_metrics": {
    "loss": 0.05199528224766255,
    "mse": 0.05196796730160713,
    "rmse": 0.22796483786234914,
    "r2": -0.05368173122406006
  },
  "language": "ar",
  "task": "single_submetric",
  "task_type": "regression",
  "model_type": "lm_probe",
  "is_control": true,
  "control_index": 2,
  "submetric": "avg_max_depth"
}