{
  "fi": {
    "train_time": 79.35842251777649,
    "train_metrics": {
      "loss": 0.014514276357367635,
      "mse": 0.01454406138509512,
      "rmse": 0.12059876195506784,
      "r2": 0.007792234420776367
    },
    "val_metrics": {
      "loss": 0.01949260989204049,
      "mse": 0.01942499913275242,
      "rmse": 0.13937359553643014,
      "r2": -0.054435014724731445
    },
    "test_metrics": {
      "loss": 0.015685149002820253,
      "mse": 0.015832845121622086,
      "rmse": 0.12582863394959865,
      "r2": -0.14510846138000488
    },
    "language": "fi",
    "task": "single_submetric",
    "task_type": "regression",
    "model_type": "lm_probe",
    "is_control": true,
    "control_index": 2,
    "submetric": "n_tokens"
  }
}