{
  "ru": {
    "train_time": 26.34266686439514,
    "train_metrics": {
      "loss": 0.02002851143479347,
      "mse": 0.01996058225631714,
      "rmse": 0.1412819247331984,
      "r2": -0.0011729001998901367
    },
    "val_metrics": {
      "loss": 0.059977355599403384,
      "mse": 0.0579444020986557,
      "rmse": 0.2407164350406006,
      "r2": -0.24560308456420898
    },
    "test_metrics": {
      "loss": 0.05489627617810454,
      "mse": 0.05472526699304581,
      "rmse": 0.23393432196461852,
      "r2": -0.3842240571975708
    },
    "language": "ru",
    "task": "complexity",
    "task_type": "regression",
    "model_type": "lm_probe",
    "is_control": true,
    "control_index": 2
  }
}