{
  "id": {
    "train_time": 38.920777559280396,
    "train_metrics": {
      "loss": 0.25723857190459964,
      "accuracy": 0.9758909853249476,
      "f1": 0.9747530186608123
    },
    "val_metrics": {
      "loss": 0.4287743866443634,
      "accuracy": 0.8194444444444444,
      "f1": 0.821917808219178
    },
    "test_metrics": {
      "loss": 0.6706998773983547,
      "accuracy": 0.6363636363636364,
      "f1": 0.6666666666666666
    },
    "language": "id",
    "task": "question_type",
    "task_type": "classification",
    "model_type": "lm_probe",
    "is_control": false,
    "control_index": null
  }
}