language,real,control1,control2,control3
ar,0.1661147607000762,0.2563819789615449,0.2508744503351642,0.2492956805103439
en,0.190733925778946,0.1972512532654897,0.1958795612555136,0.2045711062643382
fi,0.2294256235538824,0.2887108313222614,0.2886816299297557,0.28745154667022
id,0.1430361198161353,0.240256541090152,0.2388576664746546,0.2391897610790992
ja,0.1229807888158064,0.2726457030871532,0.2499628635480728,0.2479402207690948
ko,0.1207848037971685,0.2402616655929347,0.2055852976475028,0.2245880863218137
ru,0.146993451849259,0.2343488360742111,0.2108275868897994,0.2544123959995571
