language,real,control1,control2,control3
ar,0.017133203955988,0.0681975645323594,0.0650701833268006,0.0706941584746043
en,0.0253113470971584,0.044080962985754,0.0488666743040084,0.0478916980326175
fi,0.0236705555580556,0.087482220493257,0.0810203608125448,0.0814271308481693
id,0.0158426786772906,0.0611202463507652,0.0604711800813674,0.0595257274806499
ja,0.0083468415153523,0.0632246769964695,0.0656567464272181,0.0592124337951342
ko,0.0155787812545895,0.0505762003362178,0.0499811358749866,0.0496992047876119
ru,0.0119164811447262,0.0601478591561317,0.059319294989109,0.0588210836052894
