language,real,control1,control2,control3
ar,0.2547145595100538,0.2547145595100538,0.2547145595100538,0.2547145595100538
en,0.2163583943580392,0.2163583943580392,0.2163583943580392,0.2163583943580392
fi,0.2718555876499138,0.2718555876499138,0.2718555876499138,0.2718555876499138
id,0.2324163933115551,0.2324163933115551,0.2324163933115551,0.2324163933115551
ja,0.258435580120774,0.258435580120774,0.258435580120774,0.258435580120774
ko,0.2327517244518903,0.2327517244518903,0.2327517244518903,0.2327517244518903
ru,0.248696348008939,0.248696348008939,0.248696348008939,0.248696348008939
