language,real,control1,control2,control3
ar,0.181845967846913,0.2649294419299434,0.2659615518770482,0.2581863120726473
en,0.172367469403141,0.2313710120026839,0.2518222973068978,0.2438289489514697
fi,0.1883717135948592,0.238319548111354,0.2445380760424199,0.264936794764126
id,0.1980176886497348,0.2443764211006968,0.2421294154563215,0.2445390215822356
ja,0.1798594898152159,0.2952763797076706,0.3123825537395973,0.3025111309702409
ko,0.171968042861777,0.1779236469483367,0.1915500787782422,0.1855788458477506
ru,0.1744214676978452,0.2368628703173473,0.2295364897176777,0.234325114287555
