language,real,control1,control2,control3
ar,0.0169302001595497,0.0676078349351883,0.0642541348934173,0.0701294094324112
en,0.0257707759737968,0.0442464463412761,0.0485641434788703,0.0478622391819953
fi,0.0237421859055757,0.0874560624361038,0.0809365361928939,0.081368051469326
id,0.0144545836374163,0.0592237897217273,0.0591189600527286,0.0582753419876098
ja,0.0082425894215703,0.0632435455918312,0.0658916309475898,0.05924604088068
ko,0.0166285820305347,0.052164226770401,0.0517413429915905,0.0512006729841232
ru,0.0108629297465085,0.0577689819037914,0.056863646954298,0.0570031851530075
