language,real,control1,control2,control3
ar,0.1475193798542022,0.1765276491641998,0.1821406930685043,0.1735813170671463
en,0.0765464752912521,0.1113711595535278,0.1085982248187065,0.109068214893341
fi,0.1149738132953643,0.1395372599363327,0.138580247759819,0.1445531696081161
id,0.1495596766471862,0.2041033655405044,0.206153318285942,0.1786688566207885
ja,0.2038124948740005,0.2715753614902496,0.2852959930896759,0.2876721024513244
ko,0.1866388767957687,0.2247893214225769,0.2280431538820266,0.2271142303943634
ru,0.132096067070961,0.1653696447610855,0.1655866503715515,0.1629529744386673
