language,real,control1,control2,control3
ar,0.1477404087781906,0.163902536034584,0.1553892642259597,0.1627629399299621
en,0.074690543115139,0.0757270902395248,0.0736885815858841,0.0725445598363876
fi,0.1093417108058929,0.1158961653709411,0.1124806255102157,0.1150809898972511
id,0.1204256936907768,0.1495788544416427,0.1499434858560562,0.1538415253162384
ja,0.259863942861557,0.2599424719810486,0.2581656873226166,0.2639460563659668
ko,0.1037578210234642,0.1255465000867843,0.1296989619731903,0.1309795379638672
ru,0.1195053532719612,0.1144215390086174,0.1204705685377121,0.1079215407371521
