language,real,control1,control2,control3
ar,0.1153611878887731,0.1494557695327069,0.1363112947253149,0.1459827163060025
en,0.0964681421966703,0.1473997949484652,0.1553600391942932,0.1641351432679879
fi,0.1230127669888106,0.1380930166807506,0.1432496841049075,0.150521518842697
id,0.1026646811656631,0.1951693969629085,0.2008295723648369,0.1976078773163885
ja,0.1421325925449429,0.2540492385072637,0.2145257293287945,0.2365888518719992
ko,0.1668354293814339,0.2429805829756054,0.2543634029646914,0.2512239994074839
ru,0.1097938248967058,0.1416864360255202,0.1457235990911209,0.1565493980260137
