language,real,control1,control2,control3
ar,0.0285636205226182,0.0661664381623268,0.0660071894526481,0.0664230436086654
en,0.0311494600027799,0.0431503020226955,0.0465366318821907,0.0448962114751338
fi,0.0361408032476902,0.0807271227240562,0.0798089727759361,0.0808600634336471
id,0.0219699516892433,0.0496860332787036,0.0515903495252132,0.0498574562370777
ja,0.0130152245983481,0.0652109161019325,0.0637334063649177,0.0626346915960311
ko,0.0191173329949378,0.0501054525375366,0.0521280020475387,0.0544146075844764
ru,0.0231327209621667,0.0534049533307552,0.0579444020986557,0.05612388625741
