language,real,control1,control2,control3
ar,0.104671737537737,0.1497129585416115,0.1389961277581734,
en,0.0920455874626676,0.143446226475371,0.1514105790594307,
fi,0.1469005016121775,0.1904601436701897,0.1895677223715183,
id,0.1074422476931218,0.1623665362077037,0.1619581206438919,
ja,0.0962611628704576,0.1195099414733435,0.1159520022898638,
ko,0.0997311244937345,0.1550281228582276,0.1581673309571621,
ru,0.092035752855291,0.1705817470454754,0.1557542594533923,
