language,real,control1,control2,control3
ar,0.1071474999189376,0.146570086479187,0.140910342335701,0.1426005363464355
en,0.0858637988567352,0.1329042464494705,0.1451740860939026,0.1441895216703415
fi,0.1287432312965393,0.1772440522909164,0.1845759749412536,0.1822089552879333
id,0.1143034175038337,0.1601461768150329,0.1574215292930603,0.1429540067911148
ja,0.0851843506097793,0.1198212280869484,0.1212431266903877,0.1129927635192871
ko,0.0898163318634033,0.1492505669593811,0.1390363126993179,0.1532441675662994
ru,0.0926679298281669,0.158817633986473,0.1563105285167694,0.1562032699584961
