language,real,control1,control2,control3
ar,0.2690949910796673,-0.1664351122569722,-0.0886315540372451,-0.374720182486278
en,0.3192013578116401,-0.1513769620965335,-0.0516132036099192,-0.0925364654905605
fi,0.4294083521653654,0.0208085920844842,-0.0946069424902626,0.006964918786519
id,0.5401309746570004,-0.1360842092812226,-0.369001211271692,-0.2146386935518607
ja,0.2469174351479321,-0.0601086704217768,-0.2915006353579625,-0.0501748014478433
ko,0.3335410956381816,-0.0022868344790463,0.0947414098866052,0.0318110492841642
ru,0.2153190960421732,-0.1666883816898894,-0.1911450520788942,-0.2192947640150135
