language,real,control1,control2,control3
ar,0.142275277697762,0.230855832007921,0.2226126916497414,0.2209554666557101
en,0.135275309912335,0.1978236015951529,0.2148046876767243,0.2080887829696083
fi,0.1400168401825577,0.1945453523574414,0.2023658163841573,0.22506397324747
id,0.1608899130187814,0.2087567054787191,0.1985082233188542,0.2033913462546992
ja,0.1394362376171654,0.2623736467282323,0.2693171513609417,0.2586759015581164
ko,0.1344832902859034,0.142744789115247,0.1503486528424591,0.1501569308194356
ru,0.1320524569979916,0.1863955398831978,0.1915199457934914,0.1963215599183855
