language,real,control1,control2,control3
ar,0.5746829509735107,-0.0131443738937377,0.029916226863861,0.042087435722351
en,0.1307436227798462,0.0703241825103759,0.0832092761993408,4.470348358154297e-05
fi,0.1971372961997985,-0.2714040279388428,-0.2711468935012817,-0.260337233543396
id,0.5106495022773743,-0.3806353807449341,-0.3646049499511719,-0.3684022426605224
ja,0.7535057067871094,-0.211517333984375,-0.018317699432373,-0.0019044876098632
ko,0.6903271675109863,-0.2253143787384033,0.1028549671173095,-0.0706609487533569
ru,0.5355230569839478,-0.1805754899978637,0.0445168018341064,-0.3913766145706177
