language,real,control1,control2,control3
ar,0.4126973905014848,-0.1121238549725074,-0.0507911878758688,-0.1919584612135765
en,0.4112051288393034,-0.1944559131132495,-0.0583012767769717,-0.2843860597054666
fi,0.2473035593167861,-0.0871968591052263,-0.0217518712070778,-0.1830842033730928
id,0.1041372478285782,-0.2683469212234268,-0.1318891755570601,-0.3667110956237298
ja,0.3364647873640091,-0.1961701609441344,-0.1920732997725573,-0.1255784955232202
ko,0.4073351993485781,-0.0940243982806561,0.0509092525294962,-0.2174412026059518
ru,0.5201503939610929,-0.22897414648793,-0.0749768174472027,-0.1377329615149911
