language,real,control1,control2,control3
ar,0.161544603070393,0.2344560641924727,0.229184394750372,0.2370120940895079
en,0.0888234963800579,0.1249655586716606,0.1156212124655243,0.1253210578883448
fi,0.1181743554290388,0.1365573884500564,0.1401807004913991,0.1384762673852355
id,0.1368643938597429,0.2114632289222682,0.2154477731785724,0.2151344153739368
ja,0.1238994504282349,0.1417247170892288,0.1396189905344454,0.1434371298222138
ko,0.1036719500362466,0.143009317614698,0.1355545544716289,0.1487356316515083
ru,0.1176706368362594,0.1846931896204701,0.1815040546672365,0.1733473870153915
