language,real,control1,control2,control3
ar,0.111007235944271,0.141510933637619,0.1385607868432998,0.1387651711702346
en,0.0968951284885406,0.1479907184839248,0.1464620679616928,0.1516484320163726
fi,0.0941862314939498,0.1356282383203506,0.1342180073261261,0.1388951241970062
id,0.1019194424152374,0.1940118223428726,0.1847521364688873,0.1760972142219543
ja,0.1283783465623855,0.2368793934583664,0.2242333739995956,0.2456314414739608
ko,0.1397541612386703,0.2404895424842834,0.2501570880413055,0.2504572868347168
ru,0.1017432957887649,0.1402773261070251,0.1404685378074646,0.1418612748384475
