language,real,control1,control2,control3
ar,0.7390493154525757,-0.0420615673065185,0.0096301436424255,-0.0809274911880493
en,0.3842286467552185,-0.0572321414947509,-0.1604000329971313,-0.1436285972595214
fi,0.6378586292266846,-0.3339740037918091,-0.2345311641693115,-0.2411130666732788
id,0.6542723178863525,-0.4165267944335937,-0.4140193462371826,-0.3938415050506592
ja,0.8656629323959351,-0.0307385921478271,-0.0738968849182128,0.0344124436378479
ko,0.6470332741737366,-0.1072643995285034,-0.0982879400253295,-0.0868115425109863
ru,0.766484797000885,-0.2418321371078491,-0.2223706245422363,-0.2253702878952026
