language,real,control1,control2,control3
ar,0.1403941613726177,0.1805539474407094,0.1701292260013849,0.1844562392798953
en,0.0577898701268828,0.0743159051744432,0.0742317963389692,0.0786851470506048
fi,0.0997246091739308,0.1174518423732573,0.1125341907853847,0.1210424160980513
id,0.1262614481445405,0.1538384967814838,0.1527047661472006,0.1515418118116505
ja,0.2217538094173816,0.2603713862387777,0.2620259745508416,0.2593117924830735
ko,0.1115107162549326,0.1253789338805256,0.1208259398063968,0.1302390058238958
ru,0.1106506251348587,0.1138343392974666,0.1173022008521647,0.1184216257202403
