language,real,control1,control2,control3
ar,0.0817637145519256,0.0679196447134018,0.0671785123646259,0.0715021505951881
en,0.0131911957370383,0.0405879483691283,0.0415939252291406,0.0419407902019364
fi,0.0204691199053611,0.0432655593114239,0.0416047730083976,0.0433634567473615
id,0.0252974558887737,0.0485235391450779,0.0488176931227956,0.0469031695808683
ja,0.0229712426662445,0.0612603444606065,0.0616801970948775,0.0525116383408506
ko,0.0113022445834108,0.0350918700652463,0.0344862139650753,0.0349895392677613
ru,0.0175822498276829,0.0573731261704649,0.0566911151898758,0.054500762373209
