language,real,control1,control2,control3
ar,0.2046888768672943,0.2046888768672943,0.2046888768672943,0.2046888768672943
en,0.1753349900245666,0.1753349900245666,0.1753349900245666,0.1753349900245666
fi,0.2234024107456207,0.2234024107456207,0.2234024107456207,0.2234024107456207
id,0.1905544102191925,0.1905544102191925,0.1905544102191925,0.1905544102191925
ja,0.2169529199600219,0.2169529199600219,0.2169529199600219,0.2169529199600219
ko,0.1909067034721374,0.1909067034721374,0.1909067034721374,0.1909067034721374
ru,0.1979149729013443,0.1979149729013443,0.1979149729013443,0.1979149729013443
