language,real,control1,control2,control3
ar,0.0436308569296137,0.067994958515096,0.0606599201260694,0.0642640300567304
en,0.0239061002875145,0.0561632747961467,0.0608581687016911,0.0652632223085001
fi,0.0411287273482671,0.0571464951033488,0.0580817738207471,0.060274930611185
id,0.0270754281738093,0.0660593591965159,0.0652280121743727,0.0677682694580706
ja,0.0323885475370019,0.0815135724404748,0.0575914084477787,0.069371464185106
ko,0.0426717606427345,0.0759958364819455,0.0843453675430175,0.0869176907434344
ru,0.0352292027526173,0.0649621262863625,0.0632276780499321,0.0695740458948962
