language,real,control1,control2,control3
ar,0.1931868642568588,0.1931868642568588,0.1931868642568588,0.1931868642568588
en,0.1533021777868271,0.1533021777868271,0.1533021777868271,0.1533021777868271
fi,0.1596611589193344,0.1596611589193344,0.1596611589193344,0.1596611589193344
id,0.1627684980630874,0.1627684980630874,0.1627684980630874,0.1627684980630874
ja,0.2004075646400451,0.2004075646400451,0.2004075646400451,0.2004075646400451
ko,0.1483713686466217,0.1483713686466217,0.1483713686466217,0.1483713686466217
ru,0.1945462822914123,0.1945462822914123,0.1945462822914123,0.1945462822914123
