language,real,control1,control2,control3
ar,0.4683371186256408,-0.1198874711990356,-0.070093035697937,-0.1444385051727295
en,0.4074787497520447,-0.1728132963180542,-0.0039757490158081,-0.1794954538345337
fi,0.1880246996879577,-0.0842432975769043,-0.1425436735153198,-0.1149286031723022
id,0.4923844933509826,-0.2117795944213867,-0.2578762769699096,-0.2542198896408081
ja,0.1389228105545044,-0.1266642808914184,-0.0934332609176635,-0.1540549993515014
ko,0.4659737348556518,-0.0161755084991455,0.0870051980018615,-0.0991833209991455
ru,0.5360556244850159,-0.1429612636566162,-0.1038304567337036,-0.006848931312561
