language,real,control1,control2,control3
ar,0.1999053876570733,0.2062281210711148,0.212205373489867,0.2131910547858033
en,0.1254327635155914,0.140745496794245,0.1315918893027282,0.1304982219775573
fi,0.1920740146388309,0.1825225183250049,0.1892705926202147,0.1888498422068152
id,0.1558590990378474,0.1926508321923446,0.2209995549257589,0.1915127586125299
ja,0.2221533746599498,0.2017088291546713,0.2087348469949251,0.2116624452122536
ko,0.2044377995387394,0.2338500748356582,0.231878734919234,0.2394747555334201
ru,0.1639193591051108,0.1960580168177406,0.2033287694163953,0.2054538591463425
