language,real,control1,control2,control3
ar,0.5957748683709598,-0.0931227596222425,0.0507819421794039,-0.1793703527581458
en,0.3963785977366562,-0.0758296221245613,-0.1287681022962279,-0.0371943298169983
fi,0.4404108169024483,-0.1137007260082278,-0.1810002501057439,-0.1007379650482203
id,0.4851008045574498,0.0962388831752747,-0.0249240107516339,-0.056941324362518
ja,0.4571274132978461,-0.1909985069730264,-0.1594601917003426,-0.2106614958009303
ko,0.3154157430056857,-0.1873976750178447,-0.1889812073040468,-0.1749723325043379
ru,0.5810495394639039,-0.3177536444284583,-0.294480251604847,-0.2682854558715817
