language,real,control1,control2,control3
ar,0.6388553750226147,-0.0805558633339853,0.0342749074830761,-0.2342125444513025
en,0.3104084771876516,-0.1183878272574989,-0.2087608377706813,-0.1708693321436885
fi,0.3159681678854579,-0.1859625433586684,-0.2222096179388295,-0.2791156492817523
id,0.3746912860647253,-0.2877500176846195,-0.2472392144230302,-0.4664132175578988
ja,0.6150139340272189,-0.1957254288060392,-0.1202219418865839,-0.0834590984293861
ko,0.4048890154046789,-0.2195776668348319,-0.2077162202220566,-0.3205579402269121
ru,0.5290924703656337,-0.5261352380064777,-0.3513848444019902,-0.5265436296522641
