language,real,control1,control2,control3
ar,-9.059906005859377e-06,-9.059906005859377e-06,-9.059906005859377e-06,-9.059906005859377e-06
en,-0.1185090541839599,-0.1185090541839599,-0.1185090541839599,-0.1185090541839599
fi,-0.1272855997085571,-0.1272855997085571,-0.1272855997085571,-0.1272855997085571
id,-0.2919987440109253,-0.2919987440109253,-0.2919987440109253,-0.2919987440109253
ja,-0.0885212421417236,-0.0885212421417236,-0.0885212421417236,-0.0885212421417236
ko,-0.1499112844467163,-0.1499112844467163,-0.1499112844467163,-0.1499112844467163
ru,-0.3295571804046631,-0.3295571804046631,-0.3295571804046631,-0.3295571804046631
