language,real,control1,control2,control3
ar,0.7253026962280273,0.0451599955558776,0.0285891890525817,-0.0006009340286254
en,0.2316763401031494,-0.0058488845825195,-0.0490168333053588,0.0159711837768554
fi,0.6723424792289734,-0.2262228727340698,-0.1828905344009399,-0.1505705118179321
id,0.6166788935661316,-0.1816768646240234,-0.1113473176956176,-0.144289493560791
ja,0.7900312542915344,0.0008325576782226,0.0209050774574279,0.0101973414421081
ko,0.6321744322776794,-0.0517139434814453,-0.0046216249465942,-0.069541335105896
ru,0.7183859348297119,-0.0999722480773925,-0.0819315910339355,-0.1061131954193115
