language,real,control1,control2,control3
ar,0.1314909905195236,0.17454893887043,0.176154538989067,0.1750887781381607
en,0.0804719999432563,0.1321020126342773,0.1211626306176185,0.1231745779514312
fi,0.103736437857151,0.1479998528957367,0.1548693031072616,0.1484827399253845
id,0.1212009117007255,0.1417895406484604,0.1361920237541198,0.1356629580259323
ja,0.1852161586284637,0.2156053036451339,0.2212211191654205,0.2196066528558731
ko,0.1086719185113906,0.1500676721334457,0.1463464945554733,0.1523667871952057
ru,0.0989122837781906,0.1244078129529953,0.1242503076791763,0.123201347887516
