language,real,control1,control2,control3
ar,0.0234306727884448,0.0701052960846353,0.0626551998323985,0.0800743754174475
en,0.0288602410137116,0.0468058860552958,0.0505881060772419,0.0490023006422974
fi,0.0448454994009675,0.0777523501550366,0.0801287281027507,0.083859518505606
id,0.026143631315346,0.0538397449746108,0.0521460223682293,0.0613095030685153
ja,0.0236217859267238,0.073366733507683,0.0687340276453917,0.0664783511548431
ko,0.0280362159455708,0.0574554053191066,0.0568966018567764,0.0622126771967015
ru,0.0219062195275494,0.0709945189843466,0.0628652786475062,0.0710135170178942
