language,real,control1,control2,control3
ar,0.0251297746434029,0.0401040506624372,0.0374290301595612,0.0472652505619693
en,0.0177631711951597,0.0300413438283931,0.0274383411029852,0.0285060972082464
fi,0.0202436010556485,0.0347400111694333,0.0388347539621506,0.0352311606639137
id,0.0228617556112439,0.0564788627088079,0.0680580108656947,0.0603840907685215
ja,0.0203325159828296,0.0286219300391334,0.0348692939338049,0.0283537249855169
ko,0.0276944342163583,0.0416496300398026,0.0376176600066519,0.040232706066521
ru,0.0344473220932648,0.051217367803692,0.0522910103480302,0.0535267766181219
