language,real,control1,control2,control3
ar,0.1949328929185867,0.2015160322189331,0.2095897197723388,0.2096737176179886
en,0.1272906363010406,0.1451346725225448,0.1369429677724838,0.1388484984636306
fi,0.1892580389976501,0.1772259473800659,0.1896028071641922,0.1897969394922256
id,0.156475082039833,0.195823386311531,0.2211876213550567,0.1954186409711837
ja,0.2293823957443237,0.2055101990699768,0.2129640579223632,0.213547870516777
ko,0.2064989805221557,0.2423002421855926,0.2332105636596679,0.2358537912368774
ru,0.1790014952421188,0.1946850568056106,0.1938858032226562,0.197081059217453
