language,real,control1,control2,control3
ar,0.125194102525711,0.217972844839096,0.2029404193162918,0.2227645963430404
en,0.1410434544086456,0.1732409000396728,0.1781467348337173,0.1789277195930481
fi,0.1657164990901947,0.228067547082901,0.2304775118827819,0.2316178083419799
id,0.1108854189515113,0.1915220767259597,0.1927361190319061,0.1984093785285949
ja,0.1122552901506424,0.2142825722694397,0.2135359793901443,0.2162851244211197
ko,0.118955373764038,0.1907280534505844,0.1901658922433853,0.1928381919860839
ru,0.0976055711507797,0.1979984790086746,0.1986689567565918,0.1987140923738479
