language,real,control1,control2,control3
ar,0.0288277302830673,0.0545885647603164,0.0515780527074025,0.058507243919494
en,0.007839995549122,0.0159045696576297,0.0140916263132618,0.0171020188603121
fi,0.0129456406774318,0.0186987198595406,0.0175731302437597,0.0203478881527748
id,0.0330588366011044,0.0468041265479646,0.0417686070936673,0.0504339293955775
ja,0.0118293432744769,0.0213250286933258,0.0212519908556594,0.0200665377697414
ko,0.0119280399505656,0.0220184608825122,0.0191015095549748,0.0245023616826697
ru,0.0143210681996077,0.0366786225223687,0.0320825861309771,0.0339555375887436
