language,real,control1,control2,control3
ar,0.1521886628254059,0.2053124836086414,0.2027479385017799,0.2096013037006191
en,0.1481957299669341,0.1486289408015077,0.1459422445748298,0.1472023997067526
fi,0.0986207348010249,0.1003521381905924,0.1099691070437657,0.1040394627188798
id,0.1283660634626791,0.1525561836977481,0.1468063427870263,0.1531819846246755
ja,0.1472300135606464,0.1826141409759931,0.1806121307948925,0.1899888622107778
ko,0.1497218251195737,0.1895753029794878,0.1949132903465348,0.1959105452375488
ru,0.0908285336594202,0.0987933974853296,0.0957550171676612,0.1004396585198831
