language,real,control1,control2,control3
ar,0.140413283874258,0.1985381693313509,0.1914307812132231,0.1973104048410175
en,0.1203654290481407,0.1906966953998698,0.2045115956275211,0.2026898325974971
fi,0.1527112599415955,0.2198428037252984,0.2257646290558279,0.2216061961824118
id,0.156526690116809,0.218533442796779,0.215192477099729,0.1981333165875133
ja,0.1380145855755114,0.1790653529114662,0.1820529748780167,0.1741865406283706
ko,0.1202785911707224,0.1870645991130174,0.1768781136686887,0.1909264467508243
ru,0.1167818838086485,0.197976926154526,0.1973067325779841,0.1948071235671175
