language,real,control1,control2,control3
ar,0.0275941137224435,0.0657317191362381,0.0629379898309707,0.0621483363211154
en,0.0363794304430484,0.0389080569148063,0.0383688025176525,0.0418493375182151
fi,0.0526361167430877,0.0833539441227912,0.0833370834589004,0.0826283916831016
id,0.0204593315720558,0.0577232055366039,0.0570529848337173,0.0572117418050766
ja,0.0151242744177579,0.0743356794118881,0.0624814331531524,0.0614743530750274
ko,0.0145889688283205,0.0577256679534912,0.0422653146088123,0.0504398085176944
ru,0.0216070748865604,0.0549193769693374,0.0444482713937759,0.0647256672382354
