language,real,control1,control2,control3
ar,0.123918822881328,0.1619944548324786,0.1515847570016752,0.1715562957819788
en,0.1098352811093064,0.135754597816632,0.1320315117350747,0.1317112392116494
fi,0.1076992041920491,0.1455553131191366,0.1569196530252709,0.1485256891542168
id,0.1038443100429324,0.1887805656587264,0.2145045202027387,0.1917231836645905
ja,0.1102065588808198,0.1320783177276999,0.1509066734501332,0.1407995955850089
ko,0.1259105255572191,0.1688410574037405,0.1583404818911801,0.1602957861063191
ru,0.1323050869077989,0.177172365725478,0.177845184746652,0.1793080849928957
