language,real,control1,control2,control3
ar,0.1334993120655272,0.248895544982136,0.2510459892934934,0.2547899420490885
en,0.1793189207664619,0.2051730798963807,0.2095295221995688,0.2029354513192396
fi,0.1465653640654303,0.2835345466545727,0.2784797078175862,0.2746489120607341
id,0.12659515383471,0.2222721568188666,0.215556246397202,0.2187276386003292
ja,0.1135040057970526,0.2476013342323968,0.2451016546548393,0.2464382696785494
ko,0.1316381241988174,0.2225919931951064,0.217551456097688,0.2244706181375822
ru,0.1144571928531738,0.2262073808514613,0.2243446946730639,0.2268379362296468
