language,real,control1,control2,control3
ar,0.1448973682476566,0.2382776511323583,0.2220403165148838,0.2474992829502605
en,0.1487298268372636,0.1985580533490746,0.2033846261388341,0.1949601383140837
fi,0.1015325370763651,0.1432368739650255,0.1475012082065552,0.1424008415289722
id,0.1308203695119778,0.1733169712727024,0.1845695692195182,0.1874302584501507
ja,0.1041488038372525,0.1542627037843113,0.1522065183170765,0.1555309037626416
ko,0.1717617390466213,0.2262096208614472,0.226360408965753,0.2250229401376524
ru,0.0908064762407319,0.1610469855025579,0.1596184913462342,0.1579952364361546
