language,real,control1,control2,control3
ar,0.1131245121359825,0.1669674068689346,0.1613054126501083,0.1725453436374664
en,0.0668573006987571,0.0877799466252327,0.0775782838463783,0.0871566608548164
fi,0.0858299657702446,0.1035082712769508,0.1044475436210632,0.1033535897731781
id,0.1010275557637214,0.1626997590065002,0.1623931676149368,0.1648872196674347
ja,0.0738007649779319,0.1075589954853057,0.1074034348130226,0.1100914925336837
ko,0.0759766772389411,0.1153166145086288,0.1043623983860015,0.1137404814362526
ru,0.0884711742401123,0.1427410393953323,0.1435385346412658,0.1270820498466491
