language,real,control1,control2,control3
ar,0.0330679560221805,0.0701876092013112,0.0707355470768477,0.0666601717416744
en,0.0297105445084427,0.0535325451951461,0.0634144694209236,0.0594525563467784
fi,0.0354839024826636,0.056796207012,0.0597988706345283,0.0701915052198886
id,0.0392110050181833,0.0597198351899851,0.0586266538292199,0.0597993330763971
ja,0.0323494360765897,0.0871881404132684,0.0975828598808724,0.0915129843608942
ko,0.0295730077657099,0.0316568241433963,0.0366914326799508,0.0344395080261831
ru,0.0304228483938704,0.0561040193349724,0.0526870001119135,0.0549082591858757
