language,real,control1,control2,control3
ar,0.2209204111196741,-0.214128899905263,-0.0831532763514293,-0.1475088421288484
en,0.5051897368403229,-0.162471689132192,-0.2596469565731321,-0.3508230876946101
fi,0.1549818587190271,-0.1741142550813372,-0.1933302030162991,-0.2383901257049032
id,0.45617921966189,-0.3268285929319228,-0.3101306562119044,-0.3611527375401122
ja,0.4439418532389769,-0.3994541118380921,0.011250139752537,-0.1909940626019022
ko,0.3492377563923994,-0.1589683741406078,-0.2863022240810053,-0.3255312315551135
ru,0.3521423598808433,-0.194639859679444,-0.16274372086378,-0.2794520927289665
