language,real,control1,control2,control3
ar,0.1642939263649243,0.2034883367361785,0.1902057210973362,0.2129532783077269
en,0.1420262315595834,0.1766929612875926,0.166852814810561,0.1715394776605915
fi,0.1427266705756008,0.1869941982099822,0.191286808816239,0.1901548309398602
id,0.1620431845324469,0.232468400033184,0.2546092644568616,0.2457058362098629
ja,0.1558357648725658,0.1809913042841996,0.1898978705636076,0.1798904040429766
ko,0.1737136356632309,0.1946240498673333,0.1926282585302874,0.1938132536601913
ru,0.1979351296513301,0.2202306263886425,0.2167208340605825,0.2174709854148126
