language,real,control1,control2,control3
ar,0.0657933354377746,-0.0417633056640625,-0.0853992700576782,-0.0270831584930419
en,0.3262571096420288,-0.2343062162399292,-0.1645772457122802,-0.2341028451919555
fi,0.3800157904624939,-0.177616000175476,-0.1205034255981445,-0.1907378435134887
id,0.3905568122863769,-0.4414658546447754,-0.3075979948043823,-0.2820501327514648
ja,0.4440035223960876,-0.2213611602783203,-0.0828731060028076,-0.3089667558670044
ko,0.368920624256134,-0.1699010133743286,-0.2339162826538086,-0.2916330099105835
ru,0.3592199087142944,-0.1617993116378784,-0.1734598875045776,-0.1837557554244995
