language,real,control1,control2,control3
ar,0.020995247325097,0.0567762390291538,0.0493019021580298,0.0612558950608931
en,0.0221205613910424,0.0394253005497739,0.0413653061496333,0.0380094555314466
fi,0.0103088560851634,0.0205168020632726,0.0217566064223935,0.0202779996681594
id,0.0171139690792504,0.0300387725311427,0.0340659258818785,0.0351301017826903
ja,0.0108469733407305,0.0237969817788461,0.0231668242182065,0.024189862025224
ko,0.0295020950003196,0.0511707925702797,0.0512390347471429,0.0506353235881935
ru,0.0082458161272586,0.0259361315394611,0.0254780627796478,0.0249624947365164
