language,real,control1,control2,control3
ar,0.4257446776841744,-0.2188720741445575,-0.2283875168624025,-0.1576148941128092
en,0.4191533504307683,-0.0465711764615468,-0.2397646258851618,-0.1623084912677757
fi,0.4222178687168758,0.07519096716536,0.0262987860362313,-0.1429238230978646
id,0.3495795731062827,0.0093852304912894,0.0275185960352586,0.0080665433218767
ja,0.6239465167036842,-0.0135386541796647,-0.1343744688883259,-0.0638138004717703
ko,-0.2036974594359717,-0.2885141442866941,-0.4934356576043885,-0.4017765336472951
ru,0.3749523212007192,-0.152675995443605,-0.0824721832911632,-0.1281086999715548
