language,real,control1,control2,control3
ar,0.0498233050107955,0.0666387118399143,0.0547326475381851,0.0579155541956424
en,0.0257573529545749,0.0421731064894369,0.0396741857486111,0.0404996164143085
fi,0.028352353721857,0.0383243906710829,0.0389673842915466,0.0381363848490374
id,0.0621449298092297,0.0394629325185503,0.0414453404290335,0.0474047192505427
ja,0.0234389451021949,0.0582791349540154,0.0613386165350675,0.0563455211619536
ko,0.0156423279882541,0.0368314680776425,0.0278772573385919,0.0328083605106387
ru,0.0251168007297175,0.0583939483123166,0.0472281205334833,0.0671766578618969
