language,real,control1,control2,control3
ar,0.9545454545454546,0.5454545454545454,0.4545454545454545,0.5681818181818182
en,0.9444444444444444,0.5972222222222222,0.5,0.5
fi,0.984126984126984,0.4603174603174603,0.492063492063492,0.5238095238095238
id,0.8194444444444444,0.4722222222222222,0.5,0.5
ja,1.0,0.5652173913043478,0.6956521739130435,0.717391304347826
ko,0.9444444444444444,0.6944444444444444,0.5277777777777778,0.4305555555555556
ru,0.9305555555555556,0.5,0.5416666666666666,0.4583333333333333
