language,real,control1,control2,control3
ar,0.9767441860465116,0.2962962962962963,0.4838709677419355,0.2666666666666666
en,0.6947368421052632,0.3764705882352941,0.4778761061946903,0.5283018867924528
fi,0.8108108108108109,0.3917525773195876,0.4873949579831932,0.3829787234042553
id,0.6666666666666666,0.3953488372093023,0.4761904761904761,0.3695652173913043
ja,0.6796116504854369,0.4943820224719101,0.6019417475728155,0.5263157894736842
ko,0.7218045112781954,0.4444444444444444,0.5344827586206896,0.3870967741935484
ru,0.8870967741935484,0.3440860215053763,0.5043478260869565,0.8166666666666667
