language,real,control1,control2,control3
ar,0.9772727272727272,0.5454545454545454,0.5454545454545454,0.5454545454545454
en,0.9444444444444444,0.5,0.5,0.4861111111111111
fi,0.9523809523809524,0.5238095238095238,0.5238095238095238,0.5238095238095238
id,0.8611111111111112,0.5,0.5,0.5
ja,1.0,0.4782608695652174,0.4782608695652174,0.4565217391304347
ko,0.9444444444444444,0.5,0.5,0.5
ru,0.8888888888888888,0.5,0.5,0.5
