language,real,control1,control2,control3
ar,0.9767441860465116,0.3934426229508196,0.25,0.4074074074074074
en,0.7927927927927928,0.4807692307692308,0.411214953271028,0.584070796460177
fi,0.8571428571428571,0.4528301886792453,0.4873949579831932,0.3925233644859813
id,0.5436893203883495,0.3877551020408163,0.4137931034482758,0.4521739130434782
ja,0.7419354838709677,0.5769230769230769,0.58,0.616822429906542
ko,0.7299270072992701,0.4186046511627907,0.4038461538461538,0.3409090909090909
ru,0.8333333333333334,0.32,0.4504504504504504,0.696969696969697
