language,real,control1,control2,control3
ar,1.0,0.45,0.3684210526315789,0.3684210526315789
en,0.8484848484848485,0.5074626865671642,0.4477611940298507,0.5753424657534246
fi,0.8620689655172413,0.3859649122807017,0.5373134328358209,0.4918032786885246
id,0.7878787878787878,0.3870967741935484,0.4923076923076923,0.4193548387096774
ja,0.9361702127659576,0.5531914893617021,0.4782608695652174,0.7083333333333334
ko,0.7945205479452054,0.5614035087719298,0.3809523809523809,0.2758620689655172
ru,0.8888888888888888,0.4117647058823529,0.5,0.6329113924050633
