language,real,control1,control2,control3
ar,0.407356433570385,0.6678013563156128,0.7177884936332702,0.6677648663520813
en,0.224351767450571,0.6597016794340951,0.6934349366596767,0.6967722007206508
fi,0.3508066785122667,0.7048824344362531,0.6979247842516217,0.6937861698014396
id,0.6706998773983547,0.6765550204685756,0.6956661939620972,0.693245393889291
ja,0.3998293426508705,0.6880403459072113,0.6863396167755127,0.6858698626359304
ko,0.4235080565725054,0.6885971512113299,0.7013089997427804,0.7003673740795681
ru,0.2325712091156414,0.6978706036295209,0.6864649397986275,0.6865379554884774
