language,real,control1,control2,control3
ar,0.7636363636363637,0.0,0.0,0.0
en,0.9482758620689656,0.0,0.0,0.0
fi,0.9026548672566372,0.0,0.0,0.0
id,0.7083333333333334,0.0,0.0,0.0
ja,0.8888888888888888,0.0,0.0,0.0
ko,0.8543689320388349,0.0,0.0,0.0
ru,0.9090909090909092,0.0,0.0,0.0
