language,real,control1,control2,control3
ar,0.975609756097561,0.0,0.0,0.0
en,0.9473684210526316,0.0,0.0,0.0
fi,0.9491525423728814,0.0,0.0,0.0
id,0.84375,0.0,0.0,0.0
ja,1.0,0.0,0.0,0.0
ko,0.9444444444444444,0.0,0.0,0.0
ru,0.8947368421052632,0.0,0.0,0.0
