language,real,control1,control2,control3
ar,0.174528790016969,0.6909527579943339,0.6904944976170858,0.6908491849899292
en,0.1579564720392227,0.692444121837616,0.692777943611145,0.6924972414970398
fi,0.1053756768815219,0.6921622902154922,0.6921727061271667,0.6921465247869492
id,0.3570680171251297,0.6938109755516052,0.6939095854759216,0.6936285376548768
ja,0.0057985881964365,0.6944656372070312,0.6939565936724345,0.6926910479863485
ko,0.1436033092439174,0.6930645704269409,0.6936471343040467,0.6937837481498719
ru,0.2806080937385559,0.6925618648529053,0.6920710325241088,0.6913534879684449
