language,real,control1,control2,control3
ar,0.4258708208799362,0.6825260519981384,0.6828970432281494,0.6820373415946961
en,0.1745237814528601,0.6932550242968968,0.693752110004425,0.693304215158735
fi,0.2618330435029098,0.6932876110076904,0.6930997797421047,0.6934560026441302
id,0.5157017239502498,0.6935498884746006,0.6944275753838676,0.6937201704297747
ja,0.4274778475519269,0.6975822647412618,0.695773204167684,0.6941569844881693
ko,0.3398917519620487,0.6934888448034014,0.6933487142835345,0.6936177355902535
ru,0.2456041052937507,0.6938772201538086,0.6932311994688851,0.6918524759156364
