language,real,control1,control2,control3
ar,0.95,0.0,0.5862068965517241,0.3448275862068966
en,0.9473684210526316,0.6233766233766234,0.6170212765957447,0.0
fi,0.9830508474576272,0.2272727272727272,0.2,0.0
id,0.821917808219178,0.3448275862068966,0.0,0.0
ja,1.0,0.6296296296296297,0.7307692307692307,0.723404255319149
ko,0.9444444444444444,0.6451612903225806,0.4848484848484848,0.196078431372549
ru,0.9315068493150684,0.0,0.6024096385542169,0.3157894736842105
