language,real,control1,control2,control3
ar,0.1777760510643323,0.6879560748736063,0.7144532004992167,0.6756491859753927
en,0.1663647405803203,0.6773212671279907,0.6951784610748291,0.6886850476264954
fi,0.1031255966518074,0.699914425611496,0.690613329410553,0.6910175234079361
id,0.4287743866443634,0.6901090621948243,0.6939292430877686,0.6930259227752685
ja,0.0049693529338886,0.6845748821894327,0.6798118750254313,0.6611924568812052
ko,0.1743734065443277,0.609853982925415,0.6874888420104981,0.702013635635376
ru,0.1901397983543575,0.6920981645584107,0.6917264819145202,0.6939903497695923
