language,real,control1,control2,control3
ar,0.5454545454545454,0.5454545454545454,0.5454545454545454,0.5454545454545454
en,0.5,0.5,0.5,0.5
fi,0.5238095238095238,0.5238095238095238,0.5238095238095238,0.5238095238095238
id,0.5,0.5,0.5,0.5
ja,0.4782608695652174,0.4782608695652174,0.4782608695652174,0.4782608695652174
ko,0.5,0.5,0.5,0.5
ru,0.5,0.5,0.5,0.5
