language,real,control1,control2,control3
ar,0.9545454545454546,0.0,0.0,0.0
en,0.8867924528301887,0.0,0.0,0.0
fi,0.8695652173913043,0.0,0.0,0.0
id,0.5052631578947369,0.0,0.0,0.0
ja,0.7441860465116279,0.0,0.0,0.7482993197278912
ko,0.6853146853146853,0.0,0.0,0.0
ru,0.990990990990991,0.0,0.0,0.0
