language,real,control1,control2,control3
ar,1.0,0.5263157894736842,0.5853658536585366,0.5128205128205128
en,0.7692307692307693,0.4126984126984127,0.4615384615384615,0.4347826086956521
fi,0.8571428571428571,0.3728813559322034,0.5230769230769231,0.5573770491803278
id,0.7941176470588235,0.392156862745098,0.5294117647058824,0.5483870967741935
ja,0.8888888888888888,0.6086956521739131,0.4782608695652174,0.7142857142857143
ko,0.8450704225352113,0.5666666666666667,0.5483870967741935,0.2622950819672131
ru,0.9,0.3333333333333333,0.5679012345679012,0.7123287671232876
