language,real,control1,control2,control3
ar,0.0121225779876112,0.0517008304595947,0.0502922870218753,0.0540277361869812
en,0.0288266409188509,0.0373306162655353,0.0381289757788181,0.037990964949131
fi,0.0071519608609378,0.0189248137176036,0.0181908048689365,0.0165061000734567
id,0.0246072486042976,0.0283191632479429,0.0343798473477363,0.0354146584868431
ja,0.0062393541447818,0.0212892014533281,0.0207624826580286,0.0193032268434762
ko,0.0259620584547519,0.0515416786074638,0.0483581945300102,0.0457932762801647
ru,0.0065227556042373,0.0211374945938587,0.0198511891067028,0.0204398185014724
