language,real,control1,control2,control3
ar,0.0160206872969865,0.0362186655402183,0.0360844954848289,0.0386630222201347
en,0.0141186118125915,0.0370299741625785,0.038773838430643,0.0387503020465374
fi,0.0136918080970644,0.0463385805487632,0.0463304668664932,0.0447179116308689
id,0.0209564696997404,0.0424710325896739,0.0455906130373477,0.0455016419291496
ja,0.0122103262692689,0.0293158702552318,0.0290659219026565,0.0278604682534933
ko,0.0121622644364833,0.0347708463668823,0.0339495688676834,0.0321274660527706
ru,0.0175301302224397,0.0360872074961662,0.0346734635531902,0.0374808460474014
