language,real,control1,control2,control3
ar,0.0423697225749492,0.0797117225825786,0.0730191797018051,0.081807342916727
en,0.0307663934571402,0.0229267290394221,0.0261294682111058,0.0244072164808
fi,0.0095707650429436,0.0146624208427965,0.0156851490028202,0.0140533020852931
id,0.0410195440053939,0.0397617737097399,0.0368594195959823,0.037592910762344
ja,0.0279658095290263,0.059238897015651,0.0626008206357558,0.0626734731098016
ko,0.0434269444750888,0.0712061237011637,0.0732637840722288,0.0698468525494847
ru,0.0123648804479411,0.0109937008071158,0.0119430523232689,0.0141941090779645
