language,real,control1,control2,control3
ar,0.2074160957608911,0.2251235301606796,0.2334320171891965,0.2302746035843202
en,0.1086525215999142,0.1155185307537558,0.1167249012862,0.1210911927414639
fi,0.1187387199126446,0.1522632899920034,0.1440926740846526,0.1379550621181009
id,0.20052362828144,0.2170222459879373,0.215845270569315,0.2150098678630899
ja,0.1065647915834267,0.1356482558154463,0.1381398593452911,0.1354333671639885
ko,0.1015760522750346,0.1995845409703867,0.1473682187860354,0.1447489490775598
ru,0.1226649335958193,0.1714202000445139,0.1699240015708008,0.1719856014719168
