language,real,control1,control2,control3
ar,0.3385244011878967,-0.0612120628356933,-0.080836534500122,-0.1149743795394897
en,0.3816004991531372,-0.04963219165802,0.0013639330863952,0.0066915154457092
fi,0.3050689101219177,-0.1197214126586914,-0.0498180389404296,-0.0508195161819458
id,0.4733781814575195,0.0046797394752502,-0.0019174814224243,-0.0060535669326782
ja,0.6910121440887451,-0.0177793502807617,-0.0066398382186889,-0.0008093118667602
ko,-0.2236233949661255,-0.2340226173400879,-0.3314235210418701,-0.1010936498641967
ru,0.0241681933403015,-0.0145553350448608,-0.0011484622955322,-0.0038492679595947
