language,real,control1,control2,control3
ar,0.1226462700300745,0.2307928844817382,0.2276445807200272,0.2291332847311747
en,0.1532736300208583,0.1917491391167594,0.1910353589931933,0.1912046265851377
fi,0.0771812839842991,0.1349818043786924,0.1348015695817631,0.1344344174072891
id,0.1391259335382027,0.1823085073230683,0.1842760232575878,0.1848696345362515
ja,0.0617722822365706,0.1399909334461332,0.1405881727527969,0.1422429259708427
ko,0.1495651217018436,0.2227029165921219,0.2214454976698632,0.2212672324662657
ru,0.0722100392056375,0.1400290683813909,0.1383436105493498,0.1443900178657731
