language,real,control1,control2,control3
ar,0.0340564884245395,0.0518232099711895,0.050111535936594,0.0507216304540634
en,0.0079285511747002,0.013405236415565,0.0130876181647181,0.0134968375787138
fi,0.0183418411761522,0.0197978317737579,0.0193216763436794,0.0194443147629499
id,0.0334594063460826,0.0453119687736034,0.0448246337473392,0.0448297075927257
ja,0.0144205056130886,0.0191103871911764,0.0201241113245487,0.0185962375253438
ko,0.0104812998324632,0.0195845868438482,0.0199181344360113,0.0198591295629739
ru,0.0174392536282539,0.0309179686009883,0.0303214788436889,0.0312857776880264
