language,real,control1,control2,control3
ar,0.0143990246579051,0.0515657067298889,0.0501989126205444,0.0524031370878219
en,0.0314068794250488,0.0344873666763305,0.0357449240982532,0.035509031265974
fi,0.0082308836281299,0.0179957933723926,0.0186272636055946,0.0186119526624679
id,0.0284238252788782,0.0314534418284893,0.0324431844055652,0.0323799401521682
ja,0.0057678981684148,0.0193955656141042,0.0197993200272321,0.019488850608468
ko,0.022872669622302,0.047061052173376,0.0500906109809875,0.0467439331114292
ru,0.0067695016041398,0.0202454198151826,0.0188654027879238,0.0197668597102165
