language,real,control1,control2,control3
ar,0.0727003693580627,0.0612009406089782,0.0607259310781955,0.0612880483269691
en,0.0228469339864594,0.0295827559062412,0.0285635265920843,0.0287225813205753
fi,0.0400581498231206,0.0477273410984448,0.0459596983024052,0.0468767830835921
id,0.0296739081719091,0.0451807315860475,0.0528891411210809,0.0460882048521723
ja,0.0841479661564032,0.083019225547711,0.0710814980169137,0.0637148891886075
ko,0.084611782005855,0.108270349247115,0.0687250276761395,0.074687729456595
ru,0.0423424447487507,0.0508806732084069,0.052627499614443,0.0440815162978002
