language,real,control1,control2,control3
ar,0.0322994434585173,0.0364875191201766,0.0384213924407959,0.0361798554658889
en,0.015025663562119,0.0270988095551729,0.0270316975191235,0.0263593526557087
fi,0.0223518821876496,0.0370520618744194,0.0374176260083913,0.0371537948958575
id,0.024633764475584,0.0485642407089471,0.0484069399535656,0.048464411497116
ja,0.0219288313140471,0.0257756480326255,0.0276606592039267,0.0278873257339
ko,0.0466084271669387,0.0489072445780038,0.0472391605377197,0.046998967602849
ru,0.0595573458820581,0.059517204016447,0.0612955585122108,0.0596352964639663
