language,real,control1,control2,control3
ar,0.0506751701235771,0.0607391186058521,0.0599157057702541,0.062811080366373
en,0.022951740771532,0.0298015640250274,0.0293412333620446,0.0303716747356312
fi,0.0436942372471094,0.0480271354317665,0.0487127500985349,0.0449103939213923
id,0.0292640021070837,0.044465604105166,0.0493581824536834,0.0465292406401463
ja,0.0890284869819879,0.0622969809919595,0.0742540825158357,0.0687438230961561
ko,0.0676827686173575,0.0826042698962347,0.0991798490285873,0.1061343220727784
ru,0.0312352203098791,0.055952571864639,0.0617140214890241,0.0667514327381338
