language,real,control1,control2,control3
ar,0.0252704340964555,0.0565017312765121,0.0596480928361415,0.0623747482895851
en,0.0259212478995323,0.0546318069100379,0.059345431625843,0.0548071451485157
fi,0.0218969136476516,0.0581172108650207,0.0548723973333835,0.0573281794786453
id,0.0221375599503517,0.0573339723050594,0.062037706375122,0.0604687593877315
ja,0.0159468036144971,0.0577595941722393,0.0591923892498016,0.0595203787088394
ko,0.0334643684327602,0.0684138983488082,0.0676348209381103,0.0689228922128677
ru,0.022616883739829,0.0598500184714794,0.0616055205464363,0.064810961484909
