language,real,control1,control2,control3
ar,0.7227730751037598,0.0071965456008911,0.0335116982460022,-0.0089266300201416
en,0.1429755091667175,0.0589157938957214,0.0245997905731201,0.0310368537902832
fi,0.5532081127166748,0.0231457352638244,-0.011132001876831,-0.0103009939193725
id,0.1448269486427307,0.0536764860153198,0.0238985419273376,0.0258014202117919
ja,0.7113264799118042,0.0292849540710449,0.0090776681900024,0.0246161818504333
ko,0.46924889087677,-0.092032790184021,-0.162332534790039,-0.0846742391586303
ru,0.656057596206665,-0.028622031211853,0.0414934158325195,-0.0043075084686279
