language,real,control1,control2,control3
ar,0.1402080699827017,0.193162769972871,0.1826669145902055,0.1856346424725882
en,0.1273487309493924,0.1648520646100058,0.1616794676685889,0.1577922347720197
fi,0.1527640157850686,0.1806398427039085,0.1784880765030008,0.1766988961680767
id,0.119791364323884,0.2192520103318928,0.2278015521837258,0.2207895126740427
ja,0.1426686300147442,0.1609622167847406,0.1639267723319878,0.164892729944685
ko,0.1885111880738706,0.2028601827540002,0.2202261522185,0.2266490951659509
ru,0.1571657288188939,0.2179052185117334,0.2207971980037409,0.2349210656154988
