language,real,control1,control2,control3
ar,0.24582436364723,0.2498679482870933,0.2487203586232542,0.2461154186457788
en,0.1893613534045434,0.2409290566307028,0.242950575538255,0.2402658984583417
fi,0.1914663317835684,0.2378988480673533,0.2386114068858129,0.2357368560289276
id,0.1922735010182407,0.2445706814061106,0.2464665813038666,0.2511273239278855
ja,0.158275446432349,0.2412737791542381,0.2407683431667628,0.2413413124025585
ko,0.1960178133225481,0.2603982092356304,0.2632456407321913,0.2709210128563655
ru,0.2023199708140794,0.250856289079825,0.2532837058200655,0.2531353324382542
