language,real,control1,control2,control3
ar,0.0205497909337282,0.0354039535547296,0.0353042082861065,0.0354926294336716
en,0.0133909709751605,0.0342545643448829,0.0343733120709657,0.0338969815522432
fi,0.0178282195702195,0.0462007448077201,0.0472574457526207,0.0473992675542831
id,0.0287793362513184,0.0433554321527481,0.0437070153653621,0.0471493929624557
ja,0.0187868143742283,0.0296432251731554,0.0300972737992803,0.028390468408664
ko,0.0110518457368016,0.0321937657892704,0.0319018613547086,0.0309493705630302
ru,0.0130214558914303,0.0391292668879032,0.0390786632895469,0.0419336691498756
