language,real,control1,control2,control3
ar,0.0337981879711151,0.0620194040238857,0.0627082511782646,0.0585190095007419
en,0.020649304613471,0.0564202480018138,0.0560767911374568,0.0584439896047115
fi,0.0275077819824218,0.0532442815601825,0.0575852766633033,0.0563258081674575
id,0.025198446586728,0.060065072029829,0.0586149543523788,0.0560343116521835
ja,0.0219625178724527,0.0581660978496074,0.0580719746649265,0.0582217201590538
ko,0.0422267168760299,0.0710718110203743,0.0713342204689979,0.0718123093247413
ru,0.0232210084795951,0.0603459924459457,0.0635781586170196,0.0641365870833396
