language,real,control1,control2,control3
ar,0.7103917598724365,-0.025527000427246,0.0022610425949096,-0.0108312368392944
en,0.35893315076828,-0.0033103227615356,0.004145324230194,0.002379834651947
fi,0.6766425967216492,0.0109704136848449,0.0136098861694335,0.0189757347106933
id,0.4176452159881592,3.3795833587646484e-05,-0.0216665267944335,-0.02825927734375
ja,0.8090249300003052,0.0191803574562072,0.0107936859130859,-0.012629747390747
ko,0.4809194803237915,-0.1508688926696777,-0.1379096508026123,-0.1360783576965332
ru,0.7350742816925049,0.0037567019462585,0.0275949239730834,-0.0592619180679321
