language,real,control1,control2,control3
ar,0.093303082883358,0.1125727996230125,0.1164233520627021,0.120857298374176
en,0.0409457122108766,0.0644872279039451,0.0602762864104339,0.0595075152814388
fi,0.0569424464234284,0.0985143977616514,0.0890557765960693,0.0878645107150077
id,0.0614341731582369,0.0659093745052814,0.0658930258027144,0.0673454829624721
ja,0.0857086131970087,0.1033388841897249,0.0995175254841645,0.1001332774758338
ko,0.0426267406770161,0.0392059396420206,0.0431469793298414,0.0361039026507309
ru,0.0459054391831159,0.0466251982642071,0.0447379489030156,0.0451197326183319
