language,real,control1,control2,control3
ar,0.1566188868519268,0.1888886330075338,0.1953916103364122,0.1928441378914544
en,0.1209677532956159,0.1630020839727615,0.1632319727374261,0.1593124795279895
fi,0.1313852447839915,0.1913106835461945,0.1893963679605892,0.1901290770544373
id,0.1454287576658497,0.2243411079194835,0.2307842568115769,0.2274774214130312
ja,0.1374149308610702,0.1626158409145369,0.1636910263455835,0.1654104703530187
ko,0.1807084724898356,0.2130967725731581,0.2089801948343207,0.2114829939679816
ru,0.1465873038749687,0.2289757050350408,0.2471846063591613,0.2230120960785722
