language,real,control1,control2,control3
ar,0.0241156555712223,0.0352045682569344,0.0383320475618044,0.0373498449722925
en,0.014539678953588,0.0272268425673246,0.027360164374113,0.0260185826569795
fi,0.0171186251100152,0.0364978639408946,0.0357583197765052,0.0360472043976187
id,0.0207689505070447,0.0485815972089767,0.0513952657580375,0.0501149863004684
ja,0.0194507073611021,0.0267236089954773,0.0270627898474534,0.0276796258985996
ko,0.0366584733128547,0.0486722353845834,0.0467162333428859,0.0478870037943124
ru,0.0242107897996902,0.0605253849178552,0.070392070710659,0.057382970303297
