language,real,control1,control2,control3
ar,0.0628802180290222,-0.0609608888626098,-0.1113104820251464,-0.0534327030181884
en,0.3914416432380676,-0.0101736783981323,-0.0089322328567504,0.0101816058158874
fi,0.3629586100578308,-0.0467308759689331,-0.0571221113204956,-0.049539566040039
id,0.4722907543182373,-0.0158965587615966,-0.0130674839019775,-0.0162420272827148
ja,0.198704719543457,0.0557969212532043,-0.013511300086975,-0.0230761766433715
ko,-0.0545495748519897,-0.1074910163879394,-0.0689836740493774,-0.0642377138137817
ru,-0.1692800521850586,-0.1687514781951904,-0.2037272453308105,-0.1705437898635864
