language,real,control1,control2,control3
ar,0.1951677453539683,0.2472021407096994,0.2494773617136945,0.2533865525134283
en,0.1778521619083283,0.2317091166731072,0.2260102743919107,0.2254066084776005
fi,0.2065877302288425,0.2622337824922687,0.2539163440751957,0.2540374270286581
id,0.1781789125034346,0.2449561270045441,0.2457666114939151,0.2462733688013139
ja,0.1630343966788212,0.2958934645030295,0.2942697375904489,0.2934162790752199
ko,0.1733855711032053,0.1741207852363527,0.1808619472246596,0.1644754888410445
ru,0.2179369462304044,0.2222190295220211,0.2207458842893971,0.2210434340790736
