language,real,control1,control2,control3
ar,0.0322197973728179,0.0364776700735092,0.0382087752223014,0.036218836903572
en,0.0158783011138439,0.0263571143150329,0.0263247210532426,0.0258260108530521
fi,0.0226011257618665,0.0371362045407295,0.0375048667192459,0.0372358486056327
id,0.0262343361973762,0.0505038984119892,0.050363253802061,0.0505210682749748
ja,0.0216342154890298,0.0254925899207592,0.0273638442158699,0.0276220887899398
ko,0.0438213795423507,0.0460213422775268,0.0444211848080158,0.0442239716649055
ru,0.0513311438262462,0.0513079352676868,0.0528433695435524,0.0513866171240806
