language,real,control1,control2,control3
ar,0.0212038103491067,0.0373952835798263,0.0372910350561142,0.0375063419342041
en,0.0141166979447007,0.0354385524988174,0.0362576581537723,0.0350562185049057
fi,0.017888456583023,0.0461147129535675,0.047174721956253,0.0473150983452796
id,0.026960277929902,0.0418755859136581,0.042216919362545,0.0454085655510425
ja,0.0184768959879875,0.0289138033986091,0.029337391257286,0.0277248304337263
ko,0.0118143204599618,0.0334409549832344,0.0330403633415699,0.0322689861059188
ru,0.012719053775072,0.036597229540348,0.0364166609942913,0.0399180203676223
