language,real,control1,control2,control3
ar,0.0634295336902141,0.1179178640246391,0.107626336812973,0.1140989139676094
en,0.0381102716284138,0.0615295001438685,0.0593809581228664,0.0601671923484121
fi,0.0385426517043794,0.0910618102976254,0.0845178812742233,0.0800587651985032
id,0.0478217540574925,0.0635477959045342,0.061939928148474,0.0656206921807357
ja,0.0767312782506148,0.1004150497416655,0.0994549269477526,0.0985284876078367
ko,0.0444501904504639,0.0389984878046172,0.0394086374768189,0.0392560958862304
ru,0.0382395909566964,0.0485958621970244,0.0441696944513491,0.0444397854485682
