language,real,control1,control2,control3
ar,0.1753582899112231,0.1973739081328995,0.1966117559739161,0.2049818176108838
en,0.1432421064311584,0.1885189344777235,0.1950853170918411,0.1933981442357757
fi,0.1362833651868584,0.2209131456870016,0.2196187751031144,0.2200034283376294
id,0.178691008243499,0.2090666689122083,0.2100202432310143,0.2140977304940781
ja,0.1312168562003626,0.1700613720816851,0.1711509800479744,0.1749468124404391
ko,0.1149343447918544,0.1854703142924491,0.182314790666854,0.1786742042352984
ru,0.1253481353238957,0.1880522482896343,0.1834392201637055,0.1965862415846363
