language,real,control1,control2,control3
ar,0.1617536606171737,0.26281033801937,0.2576896924072011,0.254775072032
en,0.1531517049313121,0.2258015217639826,0.2269622383979869,0.230723708772079
fi,0.172645176234636,0.2565866863638313,0.2546087377258734,0.2567293214159557
id,0.1456020101524087,0.2539994582241768,0.2415969632326966,0.2422153933674788
ja,0.1276831617551978,0.2952462238034752,0.293171799549373,0.2978050445752245
ko,0.1571950466247982,0.1727153866673182,0.1792795380664708,0.1562287256539667
ru,0.1706587882262687,0.228010687536269,0.2260985639411599,0.2217409074584627
