language,real,control1,control2,control3
ar,0.3622199296951294,0.1201838254928588,0.0075647234916687,0.0462154746055603
en,0.3828485608100891,-0.0704995393753051,-0.0326161384582519,0.0152785778045654
fi,0.3675010204315185,-0.0077234506607055,0.023812711238861,-0.0698617696762085
id,0.4861572384834289,0.0208972096443176,-0.1085158586502075,-0.0230391025543212
ja,0.3671696782112121,-0.3487477302551269,-0.0109356641769409,-0.0141527652740478
ko,-0.1564385890960693,-0.1803110837936401,-0.0294986963272094,-0.0422996282577514
ru,0.0912599563598632,-0.0408086776733398,-0.0040538311004638,-0.0161070823669433
