language,real,control1,control2,control3
ar,0.0382188118994235,0.0601296175271272,0.0550591401755809,0.0587162155658006
en,0.0087615863553115,0.0088563333265483,0.0088396624528935,0.0093848860290433
fi,0.0196080775931477,0.0231417108859334,0.023169819265604,0.02245124203286
id,0.0194078883422272,0.0319091376981564,0.0345595553517341,0.034633187044944
ja,0.0969136450439691,0.0968116261065006,0.106703333556652,0.0949781152109305
ko,0.0153580246094082,0.0248428086883255,0.0241450068673917,0.0247713806373732
ru,0.0208894017019442,0.0162310665473341,0.0160674994279231,0.0167807074529784
