language,real,control1,control2,control3
ar,0.7666019201278687,0.0045949816703796,0.0317139625549316,-0.0402053594589233
en,0.2133845090866089,-0.0186703205108642,-0.0404556989669799,-0.0366896390914917
fi,0.6117746233940125,-0.0272837877273559,0.0125600099563598,0.1040097475051879
id,0.2596544027328491,0.1479758620262146,-0.0343687534332275,-0.065502643585205
ja,0.6877309083938599,-0.0654883384704589,-0.0391269922256469,0.03390634059906
ko,0.3975608944892883,-0.1960039138793945,-0.1221325397491455,-0.0626145601272583
ru,0.6685941815376282,-0.0739462375640869,-0.0085921287536621,-0.0384988784790039
