language,real,control1,control2,control3
ar,0.0275432437658309,0.0507869750261306,0.0519952822476625,0.0506962500512599
en,0.0102374260979039,0.0285239689318197,0.0277143541191305,0.0283253284703407
fi,0.020378737311278,0.0311907838497843,0.0315931261117969,0.0318693856575659
id,0.0243996972484248,0.0320809430309704,0.0327257080269711,0.0333847355629716
ja,0.0475818725923697,0.0797960683703422,0.0826305380711952,0.074512884641687
ko,0.015110729661371,0.035671914262431,0.0349867288023233,0.0346869201000247
ru,0.0098297278662877,0.0247101106547883,0.0254844866160835,0.0250210291040795
