language,real,control1,control2,control3
ar,0.0260216780006885,0.0626487657427787,0.0597291439771652,0.0615721605718135
en,0.0193648263812065,0.0520072653889656,0.0507744997739791,0.0512235760688781
fi,0.032166451215744,0.0652250200510025,0.0615737400949001,0.0620666109025478
id,0.0277134254574775,0.0588459558784961,0.0578198283910751,0.0597925372421741
ja,0.0173814836889505,0.0859045758843422,0.0865525007247924,0.0856584087014198
ko,0.0252863392233848,0.0276256501674652,0.0301059186458587,0.0281327869743108
ru,0.0404047220945358,0.0476889796555042,0.0483147986233234,0.0486020371317863
