language,real,control1,control2,control3
ar,0.2865548729896545,-0.0377289056777954,-0.1104118824005127,-0.0816460847854614
en,0.439162015914917,-0.0183205604553222,-0.0211949348449707,0.0272577404975891
fi,0.5134463310241699,-0.0316110849380493,-0.0110691785812377,-0.0189071893692016
id,0.5745728611946106,-0.0123771429061889,-0.0713638067245483,-0.0408812761306762
ja,0.3006101846694946,0.0205615162849426,0.0075669884681701,-0.0133919715881347
ko,0.2141531109809875,-0.0927848815917968,-0.0509721040725708,-0.0762962102890014
ru,0.5105252265930176,-0.1943082809448242,-0.3918116092681885,-0.1329075098037719
