language,real,control1,control2,control3
ar,0.545633852481842,-0.1994513273239135,-0.1531660556793213,-0.1272275447845459
en,0.5414417386054993,0.0032078623771667,-0.0070663690567016,-0.040723443031311
fi,0.5146650075912476,-0.0720151662826538,-0.0555512905120849,-0.0732074975967407
id,0.6483416557312012,-0.0701675415039062,0.0317909121513366,0.0268278121948242
ja,0.8104821443557739,-0.013331651687622,0.0008577704429626,-0.0309723615646362
ko,-0.0057721138000488,-0.2141823768615722,-0.3082275390625,0.006555438041687
ru,0.4016289114952087,-0.0681289434432983,-0.0502891540527343,-0.0101943016052246
