language,real,control1,control2,control3
ar,0.3964941501617431,-0.1074283123016357,-0.1197285652160644,-0.0449248552322387
en,0.5725991725921631,-0.167790412902832,-0.1606816053390503,-0.209678053855896
fi,0.4348335862159729,-0.0939406156539917,-0.1831294298171997,-0.1572526693344116
id,0.4938791394233703,-0.2064309120178222,-0.1773047447204589,-0.1254714727401733
ja,0.6229395866394043,0.0013835430145263,0.0029994845390319,0.0004286170005798
ko,0.3560248017311096,-0.0838749408721923,-0.0878769159317016,-0.0951678752899169
ru,0.5729705095291138,-0.1097501516342163,-0.1691889762878418,-0.1794583797454834
