language,real,control1,control2,control3
ar,0.0244851450746258,0.052895505602161,0.0508085576196511,0.0524489500870307
en,0.0089268665760755,0.0133875697851181,0.0131508119404315,0.0137553655542433
fi,0.0144883885513991,0.0196936652064323,0.0197463161312043,0.0191481346264481
id,0.0229638367891311,0.045221047848463,0.0486855186522007,0.048632750660181
ja,0.01674999591584,0.0183697942023475,0.0199934781218568,0.0187897930542627
ko,0.0085585778579115,0.0182507246732711,0.0183562658727169,0.0182708330452442
ru,0.0133631261065602,0.0287901185452938,0.028959596529603,0.0290875401347875
