language,real,control1,control2,control3
ar,0.4366027116775512,0.0063860416412353,0.0091559886932373,0.00343519449234
en,0.6021386384963989,0.0012091398239135,-0.0218763351440429,0.011984646320343
fi,0.6083859205245972,-0.0095432996749877,-0.0327489376068115,-0.0358220338821411
id,0.3382157683372497,-0.0279048681259155,-0.0362834930419921,-0.114627718925476
ja,0.3670122623443603,0.0094611048698425,-0.0050503015518188,0.0501933097839355
ko,0.6473598480224609,0.0018364191055297,0.0137934684753417,0.0368179082870483
ru,0.6469206809997559,-0.0159344673156738,-0.010921835899353,-0.108119249343872
