language,real,control1,control2,control3
ar,0.0219279807060956,0.0302496012300252,0.0341216400265693,0.0327927619218826
en,0.0161025095731019,0.0279311146587133,0.0269426740705966,0.0256930217146873
fi,0.0224399697035551,0.035752285271883,0.0346334353089332,0.0379568450152874
id,0.0255449842661619,0.0486747473478317,0.0551083385944366,0.0508589819073677
ja,0.0170858185738325,0.036414910107851,0.0272943060845136,0.0273811630904674
ko,0.0480553358793258,0.0490473508834838,0.0427804030478,0.0433123409748077
ru,0.0398934930562973,0.0456912778317928,0.0440777465701103,0.0446068830788135
