language,real,control1,control2,control3
ar,0.1235314011573791,-0.0325075387954711,-0.1101260185241699,-0.0802979469299316
en,0.1133998036384582,-0.0021933317184448,-0.0232346057891845,-0.1012181043624877
fi,0.1802507042884826,-0.3479902744293213,-0.2072025537490844,-0.1065514087677002
id,-0.0896449089050293,-0.2763283252716064,-0.2625221014022827,-0.2527681589126587
ja,0.3630126714706421,-0.0321236848831176,-0.0703883171081543,-0.0288561582565307
ko,0.4873479604721069,-0.9792190790176392,-0.0790653228759765,-0.0410482883453369
ru,0.4958374500274658,0.0154138803482055,0.0325263142585754,0.0089081525802612
