language,real,control1,control2,control3
ar,0.0749339066445827,0.0759239464998245,0.0760543249547481,0.0765154391527176
en,0.0199196401185223,0.0269394661965114,0.0275071393698453,0.0272349638066121
fi,0.0373058339048709,0.0531796907473887,0.0541171327765498,0.0529383977076837
id,0.0425468305391924,0.0696768436048712,0.0701626395540578,0.0732720302683966
ja,0.0491603252788384,0.0900803270439307,0.0900049259265263,0.089871359989047
ko,0.0548211948147841,0.0510303218449865,0.05521021304386,0.0557012941156114
ru,0.0301021759265235,0.0529229018305029,0.054531385323831,0.0535033808222838
