language,real,control1,control2,control3
ar,0.0263032186776399,0.0696591287851333,0.0661442304650942,0.0653562272588412
en,0.0230547703802585,0.0497502781450748,0.0502634868025779,0.051728069782257
fi,0.0297176602762192,0.0657046362757682,0.0647163558751344,0.0657892618328332
id,0.0229897286742925,0.061356421560049,0.0547705560922622,0.0550333622843027
ja,0.0159298377111554,0.0855087389548619,0.0844531804323196,0.0872045072416464
ko,0.0267670022323727,0.0302053544670343,0.0320413928478956,0.0246512934565544
ru,0.0279319688677787,0.0540033966302871,0.0493015863001346,0.0510151512920856
