language,real,control1,control2,control3
ar,0.0596400660773118,0.065792977809906,0.0662818178534507,0.0644226968288421
en,0.0264266250655055,0.0571287252008914,0.0522678095847368,0.0548626087605953
fi,0.0377366608008742,0.055352003313601,0.054586277808994,0.0565308025106787
id,0.0258409040980041,0.0597150325775146,0.0597746595740318,0.0602634526789188
ja,0.0234684435029824,0.0587301030755043,0.0586780682206153,0.0582376879950364
ko,0.0354230887256562,0.072347917407751,0.0689600586891174,0.0731884010136127
ru,0.0525725649669766,0.0585431188344955,0.0550733568146824,0.0578731261193752
