language,real,control1,control2,control3
ar,0.1265728537127396,0.1903120215336339,0.1899591942624229,0.1966291489584765
en,0.11882176489428,0.1924317389688576,0.1969107372152242,0.1968509640477724
fi,0.1170119997994414,0.2152639787534442,0.2152451320390155,0.2114661004295225
id,0.1447634957430235,0.2060850130156824,0.2135195846692939,0.2133111387835844
ja,0.1105003451092755,0.171218778921098,0.1704873071599658,0.1669145537497953
ko,0.1102826570068176,0.186469424750768,0.1842540877909725,0.1792413625611304
ru,0.1324013981136142,0.1899663325333366,0.1862081189239347,0.1935997057007097
