language,real,control1,control2,control3
ar,0.0634091861546039,0.0750616371631622,0.0760511972010135,0.0731437005102634
en,0.0159559005073138,0.0280941498598882,0.025638945666807,0.0268670530723673
fi,0.0368617701211145,0.0516823926674468,0.0511403388476797,0.0532412451824971
id,0.0347562536065067,0.0660710217697279,0.0662156806460448,0.0668769154165472
ja,0.0480869282037019,0.0940722363690535,0.0932579537232716,0.089574755479892
ko,0.0568561122885772,0.0543283559381961,0.0519783177546092,0.0549826728446143
ru,0.0471476196710552,0.0540859470410006,0.0492907123906271,0.0531225481203624
