language,real,control1,control2,control3
ar,0.0359875309901932,0.0541642988100647,0.0525117358192801,0.053059821948409
en,0.0079187609255313,0.0140289310365915,0.0135898537002503,0.0139611682854592
fi,0.0182907341513782,0.0197648969478905,0.0192885585129261,0.0194092313759028
id,0.0381627157330513,0.0494568593800067,0.0488969016820192,0.0489345513284206
ja,0.0141641953960061,0.0186904780566692,0.0196910481899976,0.0181801409150163
ko,0.0105609393678605,0.0183963898569345,0.0186569357290864,0.0186118348501622
ru,0.0171043930575251,0.0305727034807205,0.0301512610167264,0.0308896087110042
