language,real,control1,control2,control3
ar,0.1199959360057877,0.227080837434357,0.2240511384049285,0.2289173149585281
en,0.1772198618243701,0.1857077453320958,0.1890632806714546,0.1884384017815213
fi,0.0907242174291405,0.1341484005584585,0.1364817335968247,0.1364256305188579
id,0.168593669154207,0.1773511822021192,0.1801199167376147,0.1799442695730216
ja,0.0759466797721587,0.1392679633444256,0.1407100565959383,0.1396024735041183
ko,0.1512371304352937,0.216935594528367,0.2238093183515546,0.2162034530515856
ru,0.0822769810101209,0.14228640066845,0.1373513843684286,0.1405946645865927
