language,real,control1,control2,control3
ar,0.5548094511032104,0.0377390384674072,0.0576715469360351,0.0001632571220397
en,0.6065011024475098,0.0106297135353088,0.0161246061325073,-0.0032151937484741
fi,0.6236274242401123,-0.0260810852050781,-0.0046710968017578,0.0003173351287841
id,0.4187063574790954,0.0101138949394226,0.0512382984161376,0.0263007283210754
ja,0.4534719586372375,0.0049614906311035,0.0496604442596435,0.0270577669143676
ko,0.5422372817993164,0.0391274094581604,0.0193670392036438,0.0462238788604736
ru,0.6266471147537231,0.045194387435913,0.0136178731918334,0.0024570226669311
