language,real,control1,control2,control3
ar,0.0420832991600036,0.0697859477251768,0.0718959875404834,0.0767031595110893
en,0.0258097427764109,0.0257960440857069,0.0281209013025675,0.0255337072802441
fi,0.028835565117853,0.0546193714918834,0.0513562626604523,0.0517498829535075
id,0.0313872468790837,0.0648091100156307,0.0709613699998174,0.0678765065968036
ja,0.064418480421106,0.0962101879219214,0.0997027357419331,0.0924944790701071
ko,0.0403210696365152,0.0531707049480506,0.0519525850457804,0.0540023834577628
ru,0.0257493294775486,0.0489577273172991,0.0515931402998311,0.0539525704724448
