language,real,control1,control2,control3
ar,0.0307505298405885,0.0389564596116542,0.0386561825871467,0.0420175455510616
en,0.0205183010548353,0.0355393886566162,0.0380582809448242,0.0374028421938419
fi,0.0185731556266546,0.0488026179373264,0.0482324063777923,0.0484015084803104
id,0.0319304764270782,0.0437088720500469,0.0441085025668144,0.0458378382027149
ja,0.0172178633511066,0.0289208702743053,0.0292926579713821,0.0306063871830701
ko,0.0132099036127328,0.0343992374837398,0.0332386828958988,0.0319244712591171
ru,0.0157121550291776,0.0353636480867862,0.0336499474942684,0.038646150380373
