language,real,control1,control2,control3
ar,0.0439390879124403,0.0789910286664962,0.0767898477613926,0.0772673726081848
en,0.0259573603315012,0.0288481278611081,0.0248459255588906,0.0254300399018185
fi,0.0093742993527225,0.0140929619249488,0.0148018020471291,0.014957999211869
id,0.042081506922841,0.03643285376685,0.0352913636182035,0.035165151315076
ja,0.0197086691235502,0.0580692117412885,0.059118523572882,0.0607297314951817
ko,0.033756352428879,0.0716723522969654,0.0706321203282901,0.0699520888073103
ru,0.0078606829712433,0.0125560343398579,0.0127137337279106,0.0111180979625454
