language,real,control1,control2,control3
ar,0.1845440013236398,0.2276471172037755,0.2238560607546599,0.2252146319715116
en,0.0890424122241769,0.1157809846890456,0.1144011283367351,0.1161758906947301
fi,0.1354320537249296,0.1407047681273024,0.1390024328696423,0.1394428727578069
id,0.1829191251512063,0.212866081782898,0.2117182886463501,0.2117302708464846
ja,0.1200854096594944,0.1382403240417802,0.1418594773871267,0.1363680223708765
ko,0.1023782195218458,0.1399449421874482,0.1411316209643016,0.1409224239181755
ru,0.1320577662549762,0.1758350607842144,0.1741306372919164,0.1768778609324141
