language,real,control1,control2,control3
ar,0.0651728779077529,0.1296544089913368,0.1209572046995162,0.1256042525172233
en,0.0430098511278629,0.0603140805448804,0.0605066354785646,0.0620073234396321
fi,0.0399223574703293,0.096568043742861,0.0915268191269465,0.093896745038884
id,0.0437200319554124,0.0751670471259525,0.0630587083952767,0.0654924384185246
ja,0.0722765810787677,0.1188636273145675,0.1026624254882335,0.1084698357929786
ko,0.0441940200648137,0.0522477493754455,0.0427706172423703,0.0338522906282118
ru,0.0296931224209921,0.0485578945704868,0.0534628842558179,0.0462244113108941
