language,real,control1,control2,control3
ar,0.148080993736859,0.1739241249224077,0.1847204374901959,0.1810877188599012
en,0.1268956641225459,0.1671260442262466,0.1641422373144606,0.1602904292672752
fi,0.1497997653654875,0.1890827471555324,0.1861006053427372,0.1948251652515336
id,0.1598279833638713,0.2206235421432439,0.2347516530174742,0.2255193603825793
ja,0.1307127330210508,0.1908269113826743,0.1652098849479463,0.1654725448238089
ko,0.2192152729152918,0.221466365129073,0.2068342405110915,0.2081161718243148
ru,0.1997335551586095,0.2137551819998589,0.209947008957285,0.2112034163521356
