language,real,control1,control2,control3
ar,0.6726729869842529,-0.0500036478042602,-0.2189204692840576,-0.0906959772109985
en,0.7055748701095581,-0.0054458379745483,-0.0567178726196289,-0.0650912523269653
fi,0.4117823243141174,-0.0782724618911743,-0.0372536182403564,0.0208194255828857
id,0.6982533931732178,0.0458731055259704,-0.0441824197769165,-0.0308195352554321
ja,0.8054767847061157,-0.0040193796157836,0.0085233449935913,0.0152716636657714
ko,-0.1202393770217895,-0.0260769128799438,-0.1999526023864746,-0.2037056684494018
ru,0.4817659258842468,-0.0807868242263794,-0.0864505767822265,-0.066303014755249
