language,real,control1,control2,control3
ar,0.0244329618290066,0.0545738705744346,0.0529930827518304,0.0505728380133708
en,0.0078981448896229,0.0147029439918696,0.014177375100553,0.0151028420776128
fi,0.0173605133313685,0.0239016688428819,0.0206090910360217,0.0200222334824502
id,0.0404618397355079,0.0533035114407539,0.0502378441393375,0.0523171834647655
ja,0.0104708429425954,0.0194622219229737,0.0190217181419332,0.0184968135630091
ko,0.0088554830290377,0.0197491094470024,0.0203628002665936,0.0184621325694024
ru,0.010852803196758,0.0332930359989404,0.0286812983453273,0.0306053686887025
