language,real,control1,control2,control3
ar,0.1838428349735586,0.2490369531292208,0.2504161559849217,0.2419070265633926
en,0.1436986590524457,0.2375294676494137,0.2368053866309989,0.2417519174788724
fi,0.1658547014179033,0.230747224382402,0.2399693244214838,0.237330588351897
id,0.1587401857965653,0.2450817660084671,0.2421052546979905,0.2367156768196469
ja,0.1481975636522164,0.2411764869335472,0.2409812745109597,0.2412917739150131
ko,0.2054914034115051,0.2665929688127095,0.267084669101388,0.2679781881510907
ru,0.152384410224915,0.2456542131654691,0.2521470971814263,0.2532520228612985
