{
  "ru": {
    "train_time": 31.487046718597412,
    "train_metrics": {
      "loss": 0.05104966896275679,
      "mse": 0.05091352388262749,
      "rmse": 0.22564025324092216,
      "r2": 0.01762068271636963
    },
    "val_metrics": {
      "loss": 0.05361573398113251,
      "mse": 0.05260496586561203,
      "rmse": 0.22935772466959126,
      "r2": -0.0807868242263794
    },
    "test_metrics": {
      "loss": 0.05017398829971041,
      "mse": 0.04976480081677437,
      "rmse": 0.2230802564477062,
      "r2": -0.21593153476715088
    },
    "language": "ru",
    "task": "single_submetric",
    "task_type": "regression",
    "model_type": "lm_probe",
    "is_control": true,
    "control_index": 1,
    "submetric": "avg_verb_edges"
  }
}