{
  "ru": {
    "train_time": 46.980451583862305,
    "train_metrics": {
      "loss": 0.020622172057628632,
      "mse": 0.020649652928113937,
      "rmse": 0.14369987100938517,
      "r2": -0.03573501110076904
    },
    "val_metrics": {
      "loss": 0.05340505614876747,
      "mse": 0.051169779151678085,
      "rmse": 0.22620738085146136,
      "r2": -0.09997224807739258
    },
    "test_metrics": {
      "loss": 0.04887332022190094,
      "mse": 0.048692647367715836,
      "rmse": 0.22066410529969716,
      "r2": -0.23163461685180664
    },
    "language": "ru",
    "task": "complexity",
    "task_type": "regression",
    "model_type": "lm_probe",
    "is_control": true,
    "control_index": 1
  }
}