{
  "train_time": 65.76257705688477,
  "train_metrics": {
    "loss": 0.028027841293563446,
    "mse": 0.02795599214732647,
    "rmse": 0.1672004549854051,
    "r2": 0.22958099842071533
  },
  "val_metrics": {
    "loss": 0.022024256736040117,
    "mse": 0.020459331572055817,
    "rmse": 0.14303611981613532,
    "r2": 0.5106495022773743
  },
  "test_metrics": {
    "loss": 0.04367192941052573,
    "mse": 0.04413430765271187,
    "rmse": 0.21008166900686948,
    "r2": -0.1176919937133789
  }
}