{
"tfidf_Ridge_complexity_avg_subordinate_chain_len": {
  "model_type": "Ridge",
  "training_time": 0.07401394844055176,
  "train_metrics": {
    "mse": 0.00854178040365775,
    "rmse": 0.09242175287051069,
    "mae": 0.056258282129547386,
    "r2": 0.7593718847756228
  },
  "val_metrics": {
    "mse": 0.03464916128849565,
    "rmse": 0.1861428518329287,
    "mae": 0.12158427536186517,
    "r2": 0.39023020721194224
  },
  "test_metrics": {
    "mse": 0.03939764253899441,
    "rmse": 0.19848839396547702,
    "mae": 0.14602712267078857,
    "r2": 0.24464822964504707
  },
  "per_language_metrics": {
    "train": {
      "ar": {
        "mse": 0.006546794480157908,
        "rmse": 0.08091226408992587,
        "mae": 0.04529517576016928,
        "r2": 0.6274149111739289
      },
      "en": {
        "mse": 0.005973064305199802,
        "rmse": 0.07728560218565811,
        "mae": 0.042256221122843024,
        "r2": 0.7076880512870913
      },
      "fi": {
        "mse": 0.005039930368431408,
        "rmse": 0.0709924669836977,
        "mae": 0.036690087227515926,
        "r2": 0.6381252198818783
      },
      "id": {
        "mse": 0.0068616540416231615,
        "rmse": 0.08283510150668713,
        "mae": 0.048878798703276105,
        "r2": 0.8162521275590597
      },
      "ja": {
        "mse": 0.017671818747429638,
        "rmse": 0.13293539313301644,
        "mae": 0.10106630374172011,
        "r2": 0.725942606152807
      },
      "ko": {
        "mse": 0.01628045936293217,
        "rmse": 0.12759490335797966,
        "mae": 0.10196087528693099,
        "r2": 0.7467212822773701
      },
      "ru": {
        "mse": 0.0037190940605962533,
        "rmse": 0.060984375544857826,
        "mae": 0.03187151292578608,
        "r2": 0.7275309368061629
      }
    },
    "val": {
      "ar": {
        "mse": 0.04363085692961372,
        "rmse": 0.20888000605518403,
        "mae": 0.11536118788877317,
        "r2": 0.2209204111196741
      },
      "en": {
        "mse": 0.02390610028751457,
        "rmse": 0.15461597681842124,
        "mae": 0.0964681421966703,
        "r2": 0.5051897368403229
      },
      "fi": {
        "mse": 0.04112872734826711,
        "rmse": 0.2028021877304757,
        "mae": 0.12301276698881064,
        "r2": 0.15498185871902714
      },
      "id": {
        "mse": 0.02707542817380937,
        "rmse": 0.16454612779949995,
        "mae": 0.10266468116566314,
        "r2": 0.45617921966189
      },
      "ja": {
        "mse": 0.032388547537001926,
        "rmse": 0.17996818479109558,
        "mae": 0.14213259254494298,
        "r2": 0.44394185323897695
      },
      "ko": {
        "mse": 0.042671760642734556,
        "rmse": 0.20657144198251257,
        "mae": 0.16683542938143392,
        "r2": 0.3492377563923994
      },
      "ru": {
        "mse": 0.035229202752617365,
        "rmse": 0.18769443985536002,
        "mae": 0.10979382489670583,
        "r2": 0.3521423598808433
      }
    },
    "test": {
      "ar": {
        "mse": 0.04942779863067193,
        "rmse": 0.22232363488993231,
        "mae": 0.15463559825830858,
        "r2": 0.1050371447666899
      },
      "en": {
        "mse": 0.015462810478114864,
        "rmse": 0.12434954956940883,
        "mae": 0.09878596477923948,
        "r2": 0.3677890469841705
      },
      "fi": {
        "mse": 0.03704855057494171,
        "rmse": 0.19248000045444127,
        "mae": 0.13165921783368043,
        "r2": 0.16545360978843526
      },
      "id": {
        "mse": 0.03528347678702783,
        "rmse": 0.18783896503927994,
        "mae": 0.13429646093196276,
        "r2": 0.32704925216360925
      },
      "ja": {
        "mse": 0.06958241088943316,
        "rmse": 0.2637847813832958,
        "mae": 0.21413020895426763,
        "r2": 0.05437303995468645
      },
      "ko": {
        "mse": 0.045082819315452376,
        "rmse": 0.21232715162091817,
        "mae": 0.1742722301145397,
        "r2": 0.10780790322195766
      },
      "ru": {
        "mse": 0.03184400365489398,
        "rmse": 0.1784488824702861,
        "mae": 0.12813686189161946,
        "r2": 0.15682697598599338
      }
    }
  },
  "feature_importances": null,
  "task": "complexity",
  "languages": [
    "ar",
    "en",
    "fi",
    "id",
    "ja",
    "ko",
    "ru"
  ],
  "control_index": null,
  "submetric": "avg_subordinate_chain_len",
  "source": "tfidf",
  "file_path": "ridge_complexity_avg_subordinate_chain_len_all.json"
},

"tfidf_Ridge_complexity_control1_avg_subordinate_chain_len": {
  "model_type": "Ridge",
  "training_time": 0.5295572280883789,
  "train_metrics": {
    "mse": 0.01705377284815559,
    "rmse": 0.13059009475513672,
    "mae": 0.0851372042454722,
    "r2": 0.5195829178470693
  },
  "val_metrics": {
    "mse": 0.0664186727102652,
    "rmse": 0.25771820407232626,
    "mae": 0.1798711702207721,
    "r2": -0.1688623559625162
  },
  "test_metrics": {
    "mse": 0.06544708224231811,
    "rmse": 0.25582627355750254,
    "mae": 0.18866278723041005,
    "r2": -0.25478496301832276
  },
  "per_language_metrics": {
    "train": {
      "ar": {
        "mse": 0.009392699984627348,
        "rmse": 0.09691594288158861,
        "mae": 0.051565403688663865,
        "r2": 0.46545137949639637
      },
      "en": {
        "mse": 0.010459450596373859,
        "rmse": 0.10227145543294991,
        "mae": 0.05580817875515089,
        "r2": 0.48813168081401315
      },
      "fi": {
        "mse": 0.006766075824081946,
        "rmse": 0.08225615979415733,
        "mae": 0.04098486108337879,
        "r2": 0.5141853116783759
      },
      "id": {
        "mse": 0.018416230587542735,
        "rmse": 0.13570641321449306,
        "mae": 0.09394417652364619,
        "r2": 0.5068327303714871
      },
      "ja": {
        "mse": 0.038307908596082386,
        "rmse": 0.19572406238396542,
        "mae": 0.17141367305482053,
        "r2": 0.4059148215796501
      },
      "ko": {
        "mse": 0.03512904916985152,
        "rmse": 0.1874274504170921,
        "mae": 0.16656351026592525,
        "r2": 0.4534895895620019
      },
      "ru": {
        "mse": 0.006840965483174836,
        "rmse": 0.08271012926585737,
        "mae": 0.04308948562131996,
        "r2": 0.4988157260418441
      }
    },
    "val": {
      "ar": {
        "mse": 0.06799495851509603,
        "rmse": 0.2607584294228971,
        "mae": 0.1494557695327069,
        "r2": -0.21412889990526307
      },
      "en": {
        "mse": 0.05616327479614677,
        "rmse": 0.2369879212030579,
        "mae": 0.1473997949484652,
        "r2": -0.162471689132192
      },
      "fi": {
        "mse": 0.05714649510334886,
        "rmse": 0.23905333108607557,
        "mae": 0.13809301668075064,
        "r2": -0.17411425508133727
      },
      "id": {
        "mse": 0.06605935919651598,
        "rmse": 0.25702015328864,
        "mae": 0.19516939696290858,
        "r2": -0.3268285929319228
      },
      "ja": {
        "mse": 0.08151357244047487,
        "rmse": 0.285505818575515,
        "mae": 0.25404923850726374,
        "r2": -0.3994541118380921
      },
      "ko": {
        "mse": 0.07599583648194558,
        "rmse": 0.2756734236047167,
        "mae": 0.24298058297560546,
        "r2": -0.15896837414060783
      },
      "ru": {
        "mse": 0.06496212628636258,
        "rmse": 0.2548766883933534,
        "mae": 0.14168643602552022,
        "r2": -0.19463985967944408
      }
    },
    "test": {
      "ar": {
        "mse": 0.07736145043218784,
        "rmse": 0.2781392644561135,
        "mae": 0.18944470903938543,
        "r2": -0.40074262827512475
      },
      "en": {
        "mse": 0.028880649593996843,
        "rmse": 0.16994307751125623,
        "mae": 0.11712315024062066,
        "r2": -0.18081140743328605
      },
      "fi": {
        "mse": 0.049980705487546184,
        "rmse": 0.22356364974553933,
        "mae": 0.13621509532247839,
        "r2": -0.12585287946651702
      },
      "id": {
        "mse": 0.07624881772783672,