{
  "train_time": 55.60834765434265,
  "train_metrics": {
    "loss": 0.03168034363538027,
    "mse": 0.031468212604522705,
    "rmse": 0.17739282004783255,
    "r2": -0.17293226718902588
  },
  "val_metrics": {
    "loss": 0.040799012407660484,
    "mse": 0.04184933751821518,
    "rmse": 0.20457110626433828,
    "r2": 4.470348358154297e-05
  },
  "test_metrics": {
    "loss": 0.04049961641430855,
    "mse": 0.040405433624982834,
    "rmse": 0.20101102861530468,
    "r2": -0.04844033718109131
  },
  "language": "en",
  "task": "complexity",
  "task_type": "regression",
  "model_type": "lm_probe",
  "is_control": true,
  "control_index": 3
}