{
  "ru": {
    "train_time": 72.591881275177,
    "train_metrics": {
      "loss": 0.021476429539422193,
      "mse": 0.021486787125468254,
      "rmse": 0.14658372053358537,
      "r2": -0.007610321044921875
    },
    "val_metrics": {
      "loss": 0.03838569410145283,
      "mse": 0.03536364808678627,
      "rmse": 0.18805224828963432,
      "r2": 0.01830965280532837
    },
    "test_metrics": {
      "loss": 0.02547810146851199,
      "mse": 0.02551821433007717,
      "rmse": 0.15974421532586766,
      "r2": -0.0461806058883667
    },
    "language": "ru",
    "task": "single_submetric",
    "task_type": "regression",
    "model_type": "lm_probe",
    "is_control": true,
    "control_index": 1,
    "submetric": "avg_max_depth"
  }
}