{
  "fi": {
    "train_time": 55.94838356971741,
    "train_metrics": {
      "loss": 0.6748614009221395,
      "accuracy": 0.5983263598326359,
      "f1": 0.4816414686825054
    },
    "val_metrics": {
      "loss": 0.699914425611496,
      "accuracy": 0.4603174603174603,
      "f1": 0.22727272727272727
    },
    "test_metrics": {
      "loss": 0.7048824344362531,
      "accuracy": 0.43636363636363634,
      "f1": 0.20512820512820512
    },
    "language": "fi",
    "task": "question_type",
    "task_type": "classification",
    "model_type": "lm_probe",
    "is_control": true,
    "control_index": 1
  }
}