{
  "train_time": 56.46156549453735,
  "train_metrics": {
    "loss": 0.016092608341326316,
    "mse": 0.01609233021736145,
    "rmse": 0.12685554862662277,
    "r2": 0.20366722345352173
  },
  "val_metrics": {
    "loss": 0.052649449557065964,
    "mse": 0.05263611674308777,
    "rmse": 0.22942562355388244,
    "r2": 0.19713729619979858
  },
  "test_metrics": {
    "loss": 0.0755848049053124,
    "mse": 0.07545174658298492,
    "rmse": 0.2746848131640789,
    "r2": -1.3427903652191162
  },
  "train_language": "fi",
  "eval_language": "ko",
  "task": "complexity",
  "task_type": "regression",
  "model_type": "lm_probe"
}