{
  "id": {
    "train_time": 52.44602417945862,
    "train_metrics": {
      "loss": 0.037590794963762164,
      "mse": 0.037664543837308884,
      "rmse": 0.19407355264772397,
      "r2": -0.008617043495178223
    },
    "val_metrics": {
      "loss": 0.06215632483363152,
      "mse": 0.05981481820344925,
      "rmse": 0.2445706814061106,
      "r2": -0.20140445232391357
    },
    "test_metrics": {
      "loss": 0.06967684360487121,
      "mse": 0.07013190537691116,
      "rmse": 0.2648242915159241,
      "r2": -0.33760392665863037
    },
    "language": "id",
    "task": "single_submetric",
    "task_type": "regression",
    "model_type": "lm_probe",
    "is_control": true,
    "control_index": 1,
    "submetric": "avg_subordinate_chain_len"
  }
}