{
  "model_type": "LogisticRegression",
  "training_time": 0.2916278839111328,
  "train_metrics": {
    "accuracy": 0.8198391420911528,
    "f1": 0.8140564471499724
  },
  "val_metrics": {
    "accuracy": 0.49206349206349204,
    "f1": 0.46411483253588515
  },
  "test_metrics": {
    "accuracy": 0.46870653685674546,
    "f1": 0.4415204678362573
  },
  "per_language_metrics": {
    "train": {
      "ar": {
        "accuracy": 0.8140703517587939,
        "f1": 0.8140703517587939
      },
      "en": {
        "accuracy": 0.8213087248322147,
        "f1": 0.8190314358538657
      },
      "fi": {
        "accuracy": 0.8518828451882845,
        "f1": 0.8516345347862532
      },
      "id": {
        "accuracy": 0.8438155136268344,
        "f1": 0.8331466965285554
      },
      "ja": {
        "accuracy": 0.7850545759865659,
        "f1": 0.7841483979763912
      },
      "ko": {
        "accuracy": 0.7956698240866035,
        "f1": 0.7453625632377741
      },
      "ru": {
        "accuracy": 0.821608040201005,
        "f1": 0.8211586901763224
      }
    },
    "val": {
      "ar": {
        "accuracy": 0.45454545454545453,
        "f1": 0.3684210526315789
      },
      "en": {
        "accuracy": 0.4861111111111111,
        "f1": 0.44776119402985076
      },
      "fi": {
        "accuracy": 0.5079365079365079,
        "f1": 0.5373134328358209
      },
      "id": {
        "accuracy": 0.5416666666666666,
        "f1": 0.49230769230769234
      },
      "ja": {
        "accuracy": 0.4782608695652174,
        "f1": 0.4782608695652174
      },
      "ko": {
        "accuracy": 0.4583333333333333,
        "f1": 0.38095238095238093
      },
      "ru": {
        "accuracy": 0.5,
        "f1": 0.5
      }
    },
    "test": {
      "ar": {
        "accuracy": 0.45454545454545453,
        "f1": 0.25
      },
      "en": {
        "accuracy": 0.42727272727272725,
        "f1": 0.411214953271028
      },
      "fi": {
        "accuracy": 0.44545454545454544,
        "f1": 0.48739495798319327
      },
      "id": {
        "accuracy": 0.5363636363636364,
        "f1": 0.41379310344827586
      },
      "ja": {
        "accuracy": 0.5434782608695652,
        "f1": 0.58
      },
      "ko": {
        "accuracy": 0.43636363636363634,
        "f1": 0.40384615384615385
      },
      "ru": {
        "accuracy": 0.44545454545454544,
        "f1": 0.45045045045045046
      }
    }
  },
  "feature_importances": null,
  "task": "question_type",
  "languages": [
    "all"
  ],
  "control_index": 2,
  "submetric": null
}