{
  "model_type": "XGBRegressor",
  "training_time": 167.94832611083984,
  "train_metrics": {
    "mse": 0.0239743459969759,
    "rmse": 0.15483651377170662,
    "mae": 0.12472764402627945,
    "r2": 0.527320146560669
  },
  "val_metrics": {
    "mse": 0.041580650955438614,
    "rmse": 0.20391334177890033,
    "mae": 0.1603546142578125,
    "r2": 0.1767016053199768
  },
  "test_metrics": {
    "mse": 0.06010548025369644,
    "rmse": 0.24516419039838677,
    "mae": 0.1961907595396042,
    "r2": -0.3626495599746704
  },
  "per_language_metrics": {
    "train": {
      "ar": {
        "mse": 0.027842765673995018,
        "rmse": 0.16686151645599717,
        "mae": 0.1353795826435089,
        "r2": 0.35235100984573364
      },
      "en": {
        "mse": 0.02132151834666729,
        "rmse": 0.14601889722452807,
        "mae": 0.12082009017467499,
        "r2": 0.21927744150161743
      },
      "fi": {
        "mse": 0.029127633199095726,
        "rmse": 0.17066819621445503,
        "mae": 0.13602401316165924,
        "r2": 0.27178049087524414
      },
      "id": {
        "mse": 0.03278655558824539,
        "rmse": 0.18107058178579255,
        "mae": 0.14559024572372437,
        "r2": 0.26577651500701904
      },
      "ja": {
        "mse": 0.01912865601480007,
        "rmse": 0.13830638457714117,
        "mae": 0.11166960746049881,
        "r2": 0.26541072130203247
      },
      "ko": {
        "mse": 0.01879453845322132,
        "rmse": 0.13709317434949606,
        "mae": 0.11808180809020996,
        "r2": 0.45118868350982666
      },
      "ru": {
        "mse": 0.01923997513949871,
        "rmse": 0.1387082374608614,
        "mae": 0.10891564190387726,
        "r2": 0.18469685316085815
      }
    },
    "val": {
      "ar": {
        "mse": 0.04534909874200821,
        "rmse": 0.21295327830772695,
        "mae": 0.1623140573501587,
        "r2": -0.3189883232116699
      },
      "en": {
        "mse": 0.029425792396068573,
        "rmse": 0.17153947766059152,
        "mae": 0.1357625275850296,
        "r2": -0.12778520584106445
      },
      "fi": {
        "mse": 0.036158859729766846,
        "rmse": 0.19015483093986027,
        "mae": 0.14824753999710083,
        "r2": -0.01918327808380127
      },
      "id": {
        "mse": 0.06037135794758797,
        "rmse": 0.2457058362098629,
        "mae": 0.19495101273059845,
        "r2": -0.21438264846801758
      },
      "ja": {
        "mse": 0.03236055746674538,
        "rmse": 0.17989040404297663,
        "mae": 0.1467244178056717,
        "r2": -0.19858109951019287
      },
      "ko": {
        "mse": 0.03756357729434967,
        "rmse": 0.19381325366019134,
        "mae": 0.15838506817817688,
        "r2": 0.09604281187057495
      },
      "ru": {
        "mse": 0.04729362949728966,
        "rmse": 0.21747098541481266,
        "mae": 0.17042434215545654,
        "r2": -0.07730889320373535
      }
    },
    "test": {
      "ar": {
        "mse": 0.06769860535860062,
        "rmse": 0.2601895565901918,
        "mae": 0.2096737176179886,
        "r2": -0.16660499572753906
      },
      "en": {
        "mse": 0.03105456382036209,
        "rmse": 0.176223051330869,
        "mae": 0.13884849846363068,
        "r2": -0.08535361289978027
      },
      "fi": {
        "mse": 0.05658344924449921,
        "rmse": 0.23787275851702566,
        "mae": 0.18979693949222565,
        "r2": -0.2652798891067505
      },
      "id": {
        "mse": 0.060056641697883606,
        "rmse": 0.2450645663858478,
        "mae": 0.19541864097118378,
        "r2": -0.4676840305328369
      },
      "ja": {
        "mse": 0.06785941869020462,
        "rmse": 0.2604984043908995,
        "mae": 0.21354787051677704,
        "r2": -0.2950174808502197
      },
      "ko": {
        "mse": 0.07945564389228821,
        "rmse": 0.28187877517168297,
        "mae": 0.23585379123687744,
        "r2": -0.987656831741333
      },
      "ru": {
        "mse": 0.06157679855823517,
        "rmse": 0.248146727881379,
        "mae": 0.197081059217453,
        "r2": -0.5317646265029907
      }
    }
  },