{
  "model_type": "XGBRegressor",
  "training_time": 163.50681400299072,
  "train_metrics": {
    "mse": 0.020773613825440407,
    "rmse": 0.14413054438751144,
    "mae": 0.11703085154294968,
    "r2": 0.2755255699157715
  },
  "val_metrics": {
    "mse": 0.06018916890025139,
    "rmse": 0.2453348098013231,
    "mae": 0.1994825154542923,
    "r2": -0.08128750324249268
  },
  "test_metrics": {
    "mse": 0.04748661443591118,
    "rmse": 0.21791423642321117,
    "mae": 0.1735936552286148,
    "r2": -0.049275994300842285
  },
  "per_language_metrics": {
    "train": {
      "ar": {
        "mse": 0.02164103277027607,
        "rmse": 0.1471089146526344,
        "mae": 0.11858071386814117,
        "r2": 0.29501980543136597
      },
      "en": {
        "mse": 0.022223656997084618,
        "rmse": 0.1490760108034979,
        "mae": 0.1202821135520935,
        "r2": 0.17164522409439087
      },
      "fi": {
        "mse": 0.01626795344054699,
        "rmse": 0.12754588758775012,
        "mae": 0.10297971218824387,
        "r2": 0.19497638940811157
      },
      "id": {
        "mse": 0.02781573310494423,
        "rmse": 0.16678049377833198,
        "mae": 0.13788482546806335,
        "r2": 0.23344624042510986
      },
      "ja": {
        "mse": 0.024189209565520287,
        "rmse": 0.15552880622418563,
        "mae": 0.13138814270496368,
        "r2": 0.3962559700012207
      },
      "ko": {
        "mse": 0.01730596087872982,
        "rmse": 0.13155212228896127,
        "mae": 0.1087954118847847,
        "r2": 0.22260719537734985
      },
      "ru": {
        "mse": 0.016225188970565796,
        "rmse": 0.1273781338007658,
        "mae": 0.10067014396190643,
        "r2": 0.1861850619316101
      }
    },
    "val": {
      "ar": {
        "mse": 0.05692930519580841,
        "rmse": 0.23859862781627308,
        "mae": 0.2029404193162918,
        "r2": 0.12253004312515259
      },
      "en": {
        "mse": 0.04907018691301346,
        "rmse": 0.22151791555766648,
        "mae": 0.17814673483371735,
        "r2": -0.1724914312362671
      },
      "fi": {
        "mse": 0.08096358925104141,
        "rmse": 0.28454101505941354,
        "mae": 0.23047751188278198,
        "r2": -0.23494374752044678
      },
      "id": {
        "mse": 0.05357351526618004,
        "rmse": 0.2314595326751094,
        "mae": 0.19273611903190613,
        "r2": -0.28138232231140137
      },
      "ja": {
        "mse": 0.06955352425575256,
        "rmse": 0.26373002152912467,
        "mae": 0.21353597939014435,
        "r2": -0.13357818126678467
      },
      "ko": {
        "mse": 0.05344296619296074,
        "rmse": 0.23117734792353845,
        "mae": 0.19016589224338531,
        "r2": -0.13440752029418945
      },
      "ru": {
        "mse": 0.06250172108411789,
        "rmse": 0.25000344214453907,
        "mae": 0.1986689567565918,
        "r2": -0.34356963634490967
      }
    },
    "test": {
      "ar": {
        "mse": 0.05795098468661308,
        "rmse": 0.24073010756158666,
        "mae": 0.19663256406784058,
        "r2": 0.0009508132934570312
      },
      "en": {
        "mse": 0.03980093076825142,
        "rmse": 0.19950170617879792,
        "mae": 0.15571582317352295,
        "r2": -0.03275465965270996
      },
      "fi": {
        "mse": 0.041224606335163116,
        "rmse": 0.20303843561050974,
        "mae": 0.1612539291381836,
        "r2": -0.04400432109832764
      },
      "id": {
        "mse": 0.04055866599082947,
        "rmse": 0.2013918220554883,
        "mae": 0.16433991491794586,
        "r2": 0.005283713340759277
      },
      "ja": {
        "mse": 0.06040719151496887,
        "rmse": 0.2457787450431157,
        "mae": 0.19957882165908813,
        "r2": -0.16037023067474365
      },
      "ko": {
        "mse": 0.03690267354249954,
        "rmse": 0.19210068595010155,
        "mae": 0.15149953961372375,
        "r2": -0.1458348035812378
      },
      "ru": {
        "mse": 0.060814857482910156,
        "rmse": 0.24660668580334588,
        "mae": 0.1972987800836563,
        "r2": -0.5382546186447144
      }
    }
  },