{
  "model_type": "XGBRegressor",
  "training_time": 165.8767614364624,
  "train_metrics": {
    "mse": 0.012834989465773106,
    "rmse": 0.11329161251290011,
    "mae": 0.08956889808177948,
    "r2": 0.46437978744506836
  },
  "val_metrics": {
    "mse": 0.03392361104488373,
    "rmse": 0.18418363403104993,
    "mae": 0.13638995587825775,
    "r2": -0.010882854461669922
  },
  "test_metrics": {
    "mse": 0.04008188098669052,
    "rmse": 0.20020459781606045,
    "mae": 0.14609971642494202,
    "r2": -0.02487647533416748
  },
  "per_language_metrics": {
    "train": {
      "ar": {
        "mse": 0.014230035245418549,
        "rmse": 0.11928971139800175,
        "mae": 0.09650889039039612,
        "r2": 0.26608914136886597
      },
      "en": {
        "mse": 0.013544831424951553,
        "rmse": 0.11638226421990402,
        "mae": 0.09032581001520157,
        "r2": 0.3534064292907715
      },
      "fi": {
        "mse": 0.010614883154630661,
        "rmse": 0.10302855504485472,
        "mae": 0.08148468285799026,
        "r2": 0.2758440375328064
      },
      "id": {
        "mse": 0.019125428050756454,
        "rmse": 0.13829471447150993,
        "mae": 0.11385726928710938,
        "r2": 0.40269672870635986
      },
      "ja": {
        "mse": 0.013331114314496517,
        "rmse": 0.11546044480468849,
        "mae": 0.09390319883823395,
        "r2": 0.3585035800933838
      },
      "ko": {
        "mse": 0.006746969651430845,
        "rmse": 0.08213993944136339,
        "mae": 0.06176619604229927,
        "r2": 0.31913501024246216
      },
      "ru": {
        "mse": 0.011432899162173271,
        "rmse": 0.1069247359696215,
        "mae": 0.0845990851521492,
        "r2": 0.21522164344787598
      }
    },
    "val": {
      "ar": {
        "mse": 0.056451842188835144,
        "rmse": 0.2375959641678182,
        "mae": 0.16519512236118317,
        "r2": -0.08687698841094971
      },
      "en": {
        "mse": 0.041262030601501465,
        "rmse": 0.20313057525025982,
        "mae": 0.144759401679039,
        "r2": -0.12594985961914062
      },
      "fi": {
        "mse": 0.01952437125146389,
        "rmse": 0.13972963626755738,
        "mae": 0.11536122858524323,
        "r2": -0.0598292350769043
      },
      "id": {
        "mse": 0.03177577629685402,
        "rmse": 0.17825761217085237,
        "mae": 0.14249123632907867,
        "r2": 0.04397857189178467
      },
      "ja": {
        "mse": 0.025402961298823357,
        "rmse": 0.15938306465501081,
        "mae": 0.13070183992385864,
        "r2": -0.2713749408721924
      },
      "ko": {
        "mse": 0.04537498578429222,
        "rmse": 0.21301405067340562,
        "mae": 0.14281944930553436,
        "r2": -0.05290830135345459
      },
      "ru": {
        "mse": 0.02155749313533306,
        "rmse": 0.14682470206110776,
        "mae": 0.11992078274488449,
        "r2": -0.09528529644012451
      }
    },
    "test": {
      "ar": {
        "mse": 0.0733201801776886,
        "rmse": 0.2707769934423687,
        "mae": 0.1923285573720932,
        "r2": 0.02112901210784912
      },
      "en": {
        "mse": 0.026050059124827385,
        "rmse": 0.16140030707785963,
        "mae": 0.13649477064609528,
        "r2": -0.37724995613098145
      },
      "fi": {
        "mse": 0.017099639400839806,
        "rmse": 0.13076558951360182,
        "mae": 0.10003317892551422,
        "r2": -0.23672914505004883
      },
      "id": {
        "mse": 0.031307049095630646,
        "rmse": 0.17693798093012886,
        "mae": 0.14057353138923645,
        "r2": -0.05980205535888672
      },
      "ja": {
        "mse": 0.06479176878929138,
        "rmse": 0.2545422730889535,
        "mae": 0.18876533210277557,
        "r2": -0.0860452651977539
      },
      "ko": {
        "mse": 0.06762555986642838,
        "rmse": 0.26004914894386477,
        "mae": 0.18790528178215027,
        "r2": -0.6216937303543091
      },
      "ru": {
        "mse": 0.014393841847777367,
        "rmse": 0.11997433828855805,
        "mae": 0.09744762629270554,
        "r2": -0.2653392553329468
      }
    }
  },