{
  "train_time": 52.10890483856201,
  "train_metrics": {
    "loss": 0.04537571988999844,
    "mse": 0.04533446207642555,
    "rmse": 0.2129189096262367,
    "r2": -0.004418373107910156
  },
  "val_metrics": {
    "loss": 0.06512890476733446,
    "mse": 0.0652250200510025,
    "rmse": 0.2553918950378075,
    "r2": -0.06205487251281738
  },
  "test_metrics": {
    "loss": 0.0910618102976254,
    "mse": 0.09107694029808044,
    "rmse": 0.3017895629376212,
    "r2": -0.28709375858306885
  },
  "language": "fi",
  "task": "single_submetric",
  "task_type": "regression",
  "model_type": "lm_probe",
  "is_control": true,
  "control_index": 1,
  "submetric": "avg_verb_edges"
}