{
  "train_time": 65.55890202522278,
  "train_metrics": {
    "loss": 0.028027841293563446,
    "mse": 0.02795599214732647,
    "rmse": 0.1672004549854051,
    "r2": 0.22958099842071533
  },
  "val_metrics": {
    "loss": 0.022024256736040117,
    "mse": 0.020459331572055817,
    "rmse": 0.14303611981613532,
    "r2": 0.5106495022773743
  },
  "test_metrics": {
    "loss": 0.07115006500056811,
    "mse": 0.07134060561656952,
    "rmse": 0.26709662224852176,
    "r2": -0.8044934272766113
  },
  "train_language": "id",
  "eval_language": "ru",
  "task": "complexity",
  "task_type": "regression",
  "model_type": "lm_probe"
}