{
  "train_time": 44.907673358917236,
  "train_metrics": {
    "loss": 0.02163101581143255,
    "mse": 0.021712051704525948,
    "rmse": 0.14735009909913854,
    "r2": 0.0042906999588012695
  },
  "val_metrics": {
    "loss": 0.018250724673271178,
    "mse": 0.0194413885474205,
    "rmse": 0.13943237983847404,
    "r2": 0.034021735191345215
  },
  "test_metrics": {
    "loss": 0.02484280868832554,
    "mse": 0.02499810792505741,
    "rmse": 0.1581078996288845,
    "r2": -0.08631384372711182
  },
  "language": "ko",
  "task": "single_submetric",
  "task_type": "regression",
  "model_type": "lm_probe",
  "is_control": true,
  "control_index": 1,
  "submetric": "avg_links_len"
}