{
  "ko": {
    "train_time": 35.575703859329224,
    "train_metrics": {
      "loss": 0.029368798852838735,
      "mse": 0.029228731989860535,
      "rmse": 0.1709641248620907,
      "r2": -0.0007288455963134766
    },
    "val_metrics": {
      "loss": 0.03140685111284256,
      "mse": 0.032853636890649796,
      "rmse": 0.1812557223666326,
      "r2": 0.0193670392036438
    },
    "test_metrics": {
      "loss": 0.035033492371439934,
      "mse": 0.03516647219657898,
      "rmse": 0.18752725720966268,
      "r2": -0.007203578948974609
    },
    "language": "ko",
    "task": "single_submetric",
    "task_type": "regression",
    "model_type": "lm_probe",
    "is_control": true,
    "control_index": 2,
    "submetric": "avg_max_depth"
  }
}