{
  "ru": {
    "train_time": 81.98640942573547,
    "train_metrics": {
      "loss": 0.005627249835524708,
      "mse": 0.005647242534905672,
      "rmse": 0.07514813726836927,
      "r2": 0.5862705707550049
    },
    "val_metrics": {
      "loss": 0.037112137069925666,
      "mse": 0.04093337059020996,
      "rmse": 0.20231997081407946,
      "r2": 0.24724388122558594
    },
    "test_metrics": {
      "loss": 0.03010217592652355,
      "mse": 0.03030892089009285,
      "rmse": 0.17409457455674157,
      "r2": 0.1974731683731079
    },
    "language": "ru",
    "task": "single_submetric",
    "task_type": "regression",
    "model_type": "lm_probe",
    "is_control": false,
    "control_index": null,
    "submetric": "avg_subordinate_chain_len"
  }
}