{
  "en": {
    "train_time": 78.94747614860535,
    "train_metrics": {
      "loss": 0.020124815772287547,
      "mse": 0.020247500389814377,
      "rmse": 0.14229371170158706,
      "r2": 0.009120643138885498
    },
    "val_metrics": {
      "loss": 0.05543186366558075,
      "mse": 0.05804681032896042,
      "rmse": 0.24092905663070285,
      "r2": -0.20145714282989502
    },
    "test_metrics": {
      "loss": 0.026939466196511472,
      "mse": 0.026726607233285904,
      "rmse": 0.1634827429219546,
      "r2": -0.09274160861968994
    },
    "language": "en",
    "task": "single_submetric",
    "task_type": "regression",
    "model_type": "lm_probe",
    "is_control": true,
    "control_index": 1,
    "submetric": "avg_subordinate_chain_len"
  }
}