{
  "train_time": 48.501683950424194,
  "train_metrics": {
    "loss": 0.021848434377461673,
    "mse": 0.02186848782002926,
    "rmse": 0.1478799777523288,
    "r2": 0.18488365411758423
  },
  "val_metrics": {
    "loss": 0.03582490757107735,
    "mse": 0.03637943044304848,
    "rmse": 0.190733925778946,
    "r2": 0.1307436227798462
  },
  "test_metrics": {
    "loss": 0.19594098130861917,
    "mse": 0.19901186227798462,
    "rmse": 0.44610745597667906,
    "r2": -2.8228466510772705
  },
  "train_language": "en",
  "eval_language": "ja",
  "task": "complexity",
  "task_type": "regression",
  "model_type": "lm_probe"
}