{
  "ru": {
    "train_time": 72.4529619216919,
    "train_metrics": {
      "loss": 0.04543149960537751,
      "mse": 0.0454496368765831,
      "rmse": 0.2131892044090955,
      "r2": 0.12304681539535522
    },
    "val_metrics": {
      "loss": 0.052396316826343534,
      "mse": 0.05190000310540199,
      "rmse": 0.22781572181349116,
      "r2": -0.06630301475524902
    },
    "test_metrics": {
      "loss": 0.05036006176045963,
      "mse": 0.04994429647922516,
      "rmse": 0.2234822061803247,
      "r2": -0.22031724452972412
    },
    "language": "ru",
    "task": "single_submetric",
    "task_type": "regression",
    "model_type": "lm_probe",
    "is_control": true,
    "control_index": 3,
    "submetric": "avg_verb_edges"
  }
}