{
  "ja": {
    "train_time": 75.34210896492004,
    "train_metrics": {
      "loss": 0.004017189706986149,
      "mse": 0.004015512298792601,
      "rmse": 0.0633680700257835,
      "r2": 0.8067725896835327
    },
    "val_metrics": {
      "loss": 0.006217819483329852,
      "mse": 0.006239354144781828,
      "rmse": 0.07898958250796005,
      "r2": 0.6877309083938599
    },
    "test_metrics": {
      "loss": 0.012684277181203166,
      "mse": 0.012565388344228268,
      "rmse": 0.11209544301276599,
      "r2": 0.7893778681755066
    },
    "language": "ja",
    "task": "single_submetric",
    "task_type": "regression",
    "model_type": "lm_probe",
    "is_control": false,
    "control_index": null,
    "submetric": "n_tokens"
  }
}