{
  "ru": {
    "train_time": 77.23145508766174,
    "train_metrics": {
      "loss": 0.007157642484332124,
      "accuracy": 0.9991624790619765,
      "f1": 0.999163179916318
    },
    "val_metrics": {
      "loss": 0.1901397983543575,
      "accuracy": 0.9305555555555556,
      "f1": 0.9315068493150684
    },
    "test_metrics": {
      "loss": 0.23257120911564147,
      "accuracy": 0.9363636363636364,
      "f1": 0.9401709401709402
    },
    "language": "ru",
    "task": "question_type",
    "task_type": "classification",
    "model_type": "lm_probe",
    "is_control": false,
    "control_index": null
  }
}