{
  "ar": {
    "train_time": 40.44329309463501,
    "train_metrics": {
      "loss": 0.03239889099957451,
      "mse": 0.031879574060440063,
      "rmse": 0.17854852018552286,
      "r2": -0.03851175308227539
    },
    "val_metrics": {
      "loss": 0.0623605822523435,
      "mse": 0.062148336321115494,
      "rmse": 0.24929568051034398,
      "r2": 0.042087435722351074
    },
    "test_metrics": {
      "loss": 0.05791555419564247,
      "mse": 0.05724383145570755,
      "rmse": 0.23925683157583516,
      "r2": 0.013141870498657227
    },
    "language": "ar",
    "task": "complexity",
    "task_type": "regression",
    "model_type": "lm_probe",
    "is_control": true,
    "control_index": 3
  }
}