{
  "train_time": 64.32453513145447,
  "train_metrics": {
    "loss": 0.012161385733634233,
    "mse": 0.012168125249445438,
    "rmse": 0.11030922558628285,
    "r2": 0.6962929368019104
  },
  "val_metrics": {
    "loss": 0.015213956435521444,
    "mse": 0.015124274417757988,
    "rmse": 0.12298078881580646,
    "r2": 0.7535057067871094
  },
  "test_metrics": {
    "loss": 0.04797690095646041,
    "mse": 0.04827544838190079,
    "rmse": 0.21971674579307965,
    "r2": -0.2225654125213623
  }
}