{
  "ko": {
    "train_time": 27.62429714202881,
    "train_metrics": {
      "loss": 0.022004229224663465,
      "mse": 0.02228592522442341,
      "rmse": 0.14928471195813525,
      "r2": -0.001095414161682129
    },
    "val_metrics": {
      "loss": 0.047482797503471376,
      "mse": 0.04954719543457031,
      "rmse": 0.22259199319510645,
      "r2": -0.05171394348144531
    },
    "test_metrics": {
      "loss": 0.033084402925201824,
      "mse": 0.0331725999712944,
      "rmse": 0.18213346746629078,
      "r2": -0.030015230178833008
    },
    "language": "ko",
    "task": "complexity",
    "task_type": "regression",
    "model_type": "lm_probe",
    "is_control": true,
    "control_index": 1
  }
}