{
  "ja": {
    "train_time": 55.29580998420715,
    "train_metrics": {
      "loss": 0.009313601382697621,
      "mse": 0.009336452931165695,
      "rmse": 0.09662532241170373,
      "r2": 0.5507276058197021
    },
    "val_metrics": {
      "loss": 0.01184311726440986,
      "mse": 0.01183516439050436,
      "rmse": 0.10878954173312966,
      "r2": 0.40767014026641846
    },
    "test_metrics": {
      "loss": 0.027965809529026348,
      "mse": 0.027588320896029472,
      "rmse": 0.1660973235667254,
      "r2": 0.5375621318817139
    },
    "language": "ja",
    "task": "single_submetric",
    "task_type": "regression",
    "model_type": "lm_probe",
    "is_control": false,
    "control_index": null,
    "submetric": "n_tokens"
  }
}