{
  "ko": {
    "train_time": 29.702268600463867,
    "train_metrics": {
      "loss": 0.009058059044578608,
      "mse": 0.009074458852410316,
      "rmse": 0.09525995408570338,
      "r2": 0.5923705101013184
    },
    "val_metrics": {
      "loss": 0.016901190951466562,
      "mse": 0.017328595742583275,
      "rmse": 0.1316381241988174,
      "r2": 0.6321744322776794
    },
    "test_metrics": {
      "loss": 0.021057850814291408,
      "mse": 0.02096809819340706,
      "rmse": 0.14480365393665678,
      "r2": 0.3489367365837097
    },
    "language": "ko",
    "task": "complexity",
    "task_type": "regression",
    "model_type": "lm_probe",
    "is_control": false,
    "control_index": null
  }
}