{
  "train_time": 27.357842445373535,
  "train_metrics": {
    "loss": 0.03512813868199257,
    "mse": 0.03536131605505943,
    "rmse": 0.18804604769858746,
    "r2": 0.04109567403793335
  },
  "val_metrics": {
    "loss": 0.029726848006248474,
    "mse": 0.02948100119829178,
    "rmse": 0.17170032381533756,
    "r2": -0.1999526023864746
  },
  "test_metrics": {
    "loss": 0.037809550762176514,
    "mse": 0.03765130788087845,
    "rmse": 0.19403944929028852,
    "r2": -0.08523440361022949
  },
  "language": "ko",
  "task": "single_submetric",
  "task_type": "regression",
  "model_type": "lm_probe",
  "is_control": true,
  "control_index": 2,
  "submetric": "avg_verb_edges"
}