{
  "fi": {
    "train_time": 57.041200160980225,
    "train_metrics": {
      "loss": 0.031331360936164857,
      "mse": 0.031320080161094666,
      "rmse": 0.17697480092118953,
      "r2": -0.010081887245178223
    },
    "val_metrics": {
      "loss": 0.04847404733300209,
      "mse": 0.04840150848031044,
      "rmse": 0.22000342833762943,
      "r2": -0.05960571765899658
    },
    "test_metrics": {
      "loss": 0.032564392047269006,
      "mse": 0.032593321055173874,
      "rmse": 0.18053620427818315,
      "r2": -0.06887507438659668
    },
    "language": "fi",
    "task": "single_submetric",
    "task_type": "regression",
    "model_type": "lm_probe",
    "is_control": true,
    "control_index": 3,
    "submetric": "avg_max_depth"
  }
}