{
  "en": {
    "train_time": 48.1736204624176,
    "train_metrics": {
      "loss": 0.03224476995567481,
      "accuracy": 0.9983221476510067,
      "f1": 0.998324958123953
    },
    "val_metrics": {
      "loss": 0.15795647203922272,
      "accuracy": 0.9444444444444444,
      "f1": 0.9473684210526315
    },
    "test_metrics": {
      "loss": 0.17452378145286015,
      "accuracy": 0.9454545454545454,
      "f1": 0.9482758620689655
    },
    "language": "en",
    "task": "question_type",
    "task_type": "classification",
    "model_type": "lm_probe",
    "is_control": false,
    "control_index": null
  }
}