{
  "ru": {
    "train_time": 82.226389169693,
    "train_metrics": {
      "loss": 0.01367334227077663,
      "mse": 0.01362779550254345,
      "rmse": 0.11673814930237437,
      "r2": 0.0015977025032043457
    },
    "val_metrics": {
      "loss": 0.05897415075451136,
      "mse": 0.06415263563394547,
      "rmse": 0.2532837058200655,
      "r2": -0.17975354194641113
    },
    "test_metrics": {
      "loss": 0.05453138532383101,
      "mse": 0.05421396344900131,
      "rmse": 0.23283892167977696,
      "r2": -0.43549013137817383
    },
    "language": "ru",
    "task": "single_submetric",
    "task_type": "regression",
    "model_type": "lm_probe",
    "is_control": true,
    "control_index": 2,
    "submetric": "avg_subordinate_chain_len"
  }
}