{
  "fi": {
    "train_time": 37.205626487731934,
    "train_metrics": {
      "loss": 0.014913317430764437,
      "mse": 0.014869916252791882,
      "rmse": 0.1219422660638709,
      "r2": -0.01443779468536377
    },
    "val_metrics": {
      "loss": 0.0181506322696805,
      "mse": 0.018072612583637238,
      "rmse": 0.13443441740728912,
      "r2": 0.01897573471069336
    },
    "test_metrics": {
      "loss": 0.014957999211869069,
      "mse": 0.015091963112354279,
      "rmse": 0.12284935128992044,
      "r2": -0.09152424335479736
    },
    "language": "fi",
    "task": "single_submetric",
    "task_type": "regression",
    "model_type": "lm_probe",
    "is_control": true,
    "control_index": 3,
    "submetric": "n_tokens"
  }
}