{
  "train_time": 48.98213863372803,
  "train_metrics": {
    "loss": 0.026575352636476358,
    "mse": 0.02662689983844757,
    "rmse": 0.163177510210346,
    "r2": 0.007520735263824463
  },
  "val_metrics": {
    "loss": 0.044080962985754014,
    "mse": 0.04424644634127617,
    "rmse": 0.2103483927708414,
    "r2": -0.05723214149475098
  },
  "test_metrics": {
    "loss": 0.040587948369128365,
    "mse": 0.04057970643043518,
    "rmse": 0.20144405285447167,
    "r2": -0.052962303161621094
  },
  "language": "en",
  "task": "complexity",
  "task_type": "regression",
  "model_type": "lm_probe",
  "is_control": true,
  "control_index": 1
}