{
  "train_time": 20.547529697418213,
  "train_metrics": {
    "loss": 0.02049760819102327,
    "mse": 0.02044697292149067,
    "rmse": 0.1429929121372478,
    "r2": -0.0006412267684936523
  },
  "val_metrics": {
    "loss": 0.057128725200891496,
    "mse": 0.059736207127571106,
    "rmse": 0.24440991618093383,
    "r2": -0.23642444610595703
  },
  "test_metrics": {
    "loss": 0.02809414985988821,
    "mse": 0.0278701800853014,
    "rmse": 0.16694364344083723,
    "r2": -0.1394975185394287
  },
  "language": "en",
  "task": "single_submetric",
  "task_type": "regression",
  "model_type": "lm_probe",
  "is_control": true,
  "control_index": 1,
  "submetric": "avg_subordinate_chain_len"
}