{
  "train_time": 45.227763414382935,
  "train_metrics": {
    "loss": 0.014874268049995105,
    "mse": 0.014911924488842487,
    "rmse": 0.1221143909981231,
    "r2": -0.023586034774780273
  },
  "val_metrics": {
    "loss": 0.020185121335089207,
    "mse": 0.01913895457983017,
    "rmse": 0.1383436105493498,
    "r2": 0.027594923973083496
  },
  "test_metrics": {
    "loss": 0.01271373372791069,
    "mse": 0.012816817499697208,
    "rmse": 0.11321138414354454,
    "r2": -0.12670552730560303
  },
  "language": "ru",
  "task": "single_submetric",
  "task_type": "regression",
  "model_type": "lm_probe",
  "is_control": true,
  "control_index": 2,
  "submetric": "n_tokens"
}