{
  "train_time": 49.078227043151855,
  "train_metrics": {
    "loss": 0.13519096185763677,
    "accuracy": 0.974036850921273,
    "f1": 0.9739714525608733
  },
  "val_metrics": {
    "loss": 0.2806080937385559,
    "accuracy": 0.8888888888888888,
    "f1": 0.8947368421052632
  },
  "test_metrics": {
    "loss": 0.9155710254396711,
    "accuracy": 0.5818181818181818,
    "f1": 0.6973684210526315
  },
  "train_language": "ru",
  "eval_language": "ko",
  "task": "question_type",
  "task_type": "classification",
  "model_type": "lm_probe"
}