{
  "train_time": 46.3576979637146,
  "train_metrics": {
    "loss": 0.03513000851186613,
    "mse": 0.03511001914739609,
    "rmse": 0.18737667717033538,
    "r2": 0.05979055166244507
  },
  "val_metrics": {
    "loss": 0.06233918592333794,
    "mse": 0.06046875938773155,
    "rmse": 0.24590396374953283,
    "r2": -0.21453917026519775
  },
  "test_metrics": {
    "loss": 0.06787650659680367,
    "mse": 0.0683157742023468,
    "rmse": 0.2613728643190544,
    "r2": -0.30296552181243896
  },
  "language": "id",
  "task": "single_submetric",
  "task_type": "regression",
  "model_type": "lm_probe",
  "is_control": true,
  "control_index": 3,
  "submetric": "avg_subordinate_chain_len"
}