{
  "en": {
    "train_time": 39.611201763153076,
    "train_metrics": {
      "loss": 0.02531916697820028,
      "mse": 0.02535548247396946,
      "rmse": 0.15923404935493368,
      "r2": -0.004080414772033691
    },
    "val_metrics": {
      "loss": 0.03374777287244797,
      "mse": 0.03559553250670433,
      "rmse": 0.188667783436135,
      "r2": -0.003215193748474121
    },
    "test_metrics": {
      "loss": 0.02691325598529407,
      "mse": 0.02696438878774643,
      "rmse": 0.16420837002950375,
      "r2": 0.04614067077636719
    },
    "language": "en",
    "task": "single_submetric",
    "task_type": "regression",
    "model_type": "lm_probe",
    "is_control": true,
    "control_index": 3,
    "submetric": "avg_max_depth"
  }
}