{
  "fi": {
    "train_time": 61.34860610961914,
    "train_metrics": {
      "loss": 0.008679527984932066,
      "mse": 0.008690345101058483,
      "rmse": 0.09322202047294664,
      "r2": 0.8074589967727661
    },
    "val_metrics": {
      "loss": 0.03210770804435015,
      "mse": 0.03216645121574402,
      "rmse": 0.1793500800550254,
      "r2": 0.4762357473373413
    },
    "test_metrics": {
      "loss": 0.03854265170437949,
      "mse": 0.038667045533657074,
      "rmse": 0.19663937940722115,
      "r2": 0.45355963706970215
    },
    "language": "fi",
    "task": "single_submetric",
    "task_type": "regression",
    "model_type": "lm_probe",
    "is_control": false,
    "control_index": null,
    "submetric": "avg_verb_edges"
  }
}