{
  "model_type": "Ridge",
  "training_time": 0.07814574241638184,
  "train_metrics": {
    "mse": 0.015325490885482476,
    "rmse": 0.12379616668331243,
    "mae": 0.09820557592689308,
    "r2": 0.4655274644528721
  },
  "val_metrics": {
    "mse": 0.06666476686615211,
    "rmse": 0.258195210773074,
    "mae": 0.2097365699093491,
    "r2": -0.1976205779114968
  },
  "test_metrics": {
    "mse": 0.05271930345372578,
    "rmse": 0.229606845398228,
    "mae": 0.18119310161090776,
    "r2": -0.1648988314617741
  },
  "per_language_metrics": {
    "train": {
      "ar": {
        "mse": 0.016686002138518823,
        "rmse": 0.12917430912731379,
        "mae": 0.10278312358641045,
        "r2": 0.4564353419514008
      },
      "en": {
        "mse": 0.014023684796157055,
        "rmse": 0.11842163989810754,
        "mae": 0.09433173260416972,
        "r2": 0.47728735200579075
      },
      "fi": {
        "mse": 0.010381597536948277,
        "rmse": 0.10189012482546224,
        "mae": 0.0808894689611032,
        "r2": 0.4862641773948042
      },
      "id": {
        "mse": 0.01918737073728822,
        "rmse": 0.1385184851826218,
        "mae": 0.11228663955860442,
        "r2": 0.4712290891254005
      },
      "ja": {
        "mse": 0.024766942443895816,
        "rmse": 0.1573751646350078,
        "mae": 0.1310416288980022,
        "r2": 0.3818361696452094
      },
      "ko": {
        "mse": 0.012055176304538137,
        "rmse": 0.10979606689011286,
        "mae": 0.08777791194989369,
        "r2": 0.4584751556119413
      },
      "ru": {
        "mse": 0.009960128242122336,
        "rmse": 0.09980044209382209,
        "mae": 0.07803864044058184,
        "r2": 0.5004248531558304
      }
    },
    "val": {
      "ar": {
        "mse": 0.08007437541744757,
        "rmse": 0.2829741603352638,
        "mae": 0.22972249527431365,
        "r2": -0.23421254445130257
      },
      "en": {
        "mse": 0.04900230064229749,
        "rmse": 0.22136463277203405,
        "mae": 0.17958770867398186,
        "r2": -0.1708693321436885
      },
      "fi": {
        "mse": 0.08385951850560605,
        "rmse": 0.28958507990848914,
        "mae": 0.2350387668704605,
        "r2": -0.27911564928175236
      },
      "id": {
        "mse": 0.0613095030685153,
        "rmse": 0.24760755858518393,
        "mae": 0.20867479057030008,
        "r2": -0.4664132175578988
      },
      "ja": {
        "mse": 0.06647835115484318,
        "rmse": 0.25783396043741635,
        "mae": 0.20926673313564126,
        "r2": -0.08345909842938615
      },
      "ko": {
        "mse": 0.062212677196701566,
        "rmse": 0.24942469243581633,
        "mae": 0.20352864256396463,
        "r2": -0.3205579402269121
      },
      "ru": {
        "mse": 0.07101351701789428,
        "rmse": 0.2664836149144902,
        "mae": 0.21310226792612336,
        "r2": -0.5265436296522641
      }
    },
    "test": {
      "ar": {
        "mse": 0.06819684452505528,
        "rmse": 0.2611452556051043,
        "mae": 0.21430398415592333,
        "r2": -0.17568321845786672
      },
      "en": {
        "mse": 0.04252376959561731,
        "rmse": 0.20621292295978277,
        "mae": 0.1585170871335377,
        "r2": -0.10340698416284355
      },
      "fi": {
        "mse": 0.04191832054358276,
        "rmse": 0.2047396408700151,
        "mae": 0.16334272039397332,
        "r2": -0.0615724461403897
      },
      "id": {
        "mse": 0.04812010910077237,
        "rmse": 0.2193629620076561,
        "mae": 0.17719219406283787,
        "r2": -0.18016346966933017
      },
      "ja": {
        "mse": 0.07018964372302433,
        "rmse": 0.26493328164468943,
        "mae": 0.20790937482089172,
        "r2": -0.3482826672631869
      },
      "ko": {
        "mse": 0.04093814014293487,
        "rmse": 0.2023317576233026,
        "mae": 0.15905412455541282,
        "r2": -0.27113683022887036
      },
      "ru": {
        "mse": 0.06465034181965035,
        "rmse": 0.25426431487656764,
        "mae": 0.20233724471527953,
        "r2": -0.63526969568076
      }
    }
  },
  "feature_importances": null
}