{
    "original": {
        "dev_accuracy": 0.8662131519274376,
        "dev_f1": 0.8631090487238979,
        "test_accuracy": 0.7510431154381085,
        "test_f1": 0.7672301690507152
    },
    "destroyed_seed_1": {
        "dev_accuracy": 0.5147392290249433,
        "dev_f1": 0.4623115577889447,
        "test_accuracy": 0.48400556328233657,
        "test_f1": 0.4370257966616085
    },
    "destroyed_seed_2": {
        "dev_accuracy": 0.49206349206349204,
        "dev_f1": 0.46411483253588515,
        "test_accuracy": 0.46870653685674546,
        "test_f1": 0.4415204678362573
    },
    "destroyed_seed_3": {
        "dev_accuracy": 0.5306122448979592,
        "dev_f1": 0.5059665871121718,
        "test_accuracy": 0.5187760778859527,
        "test_f1": 0.5167597765363129
    }
}