{
  "ja": {
    "train_time": 62.88457632064819,
    "train_metrics": {
      "loss": 0.004863254311494529,
      "mse": 0.004885366186499596,
      "rmse": 0.06989539460150143,
      "r2": 0.8780649900436401
    },
    "val_metrics": {
      "loss": 0.013034071152408918,
      "mse": 0.012883159331977367,
      "rmse": 0.11350400579705268,
      "r2": 0.7900312542915344
    },
    "test_metrics": {
      "loss": 0.01951682846993208,
      "mse": 0.019184637814760208,
      "rmse": 0.1385086200016454,
      "r2": 0.6314796209335327
    },
    "language": "ja",
    "task": "complexity",
    "task_type": "regression",
    "model_type": "lm_probe",
    "is_control": false,
    "control_index": null
  }
}