{
  "ar": {
    "train_time": 42.5834584236145,
    "train_metrics": {
      "loss": 0.007890811977198436,
      "mse": 0.007960936054587364,
      "rmse": 0.08922407777381262,
      "r2": 0.7406638860702515
    },
    "val_metrics": {
      "loss": 0.028669776394963264,
      "mse": 0.028563620522618294,
      "rmse": 0.16900775284766759,
      "r2": 0.5597395896911621
    },
    "test_metrics": {
      "loss": 0.044635113701224326,
      "mse": 0.044878944754600525,
      "rmse": 0.2118465122549827,
      "r2": 0.2263069748878479
    },
    "language": "ar",
    "task": "complexity",
    "task_type": "regression",
    "model_type": "lm_probe",
    "is_control": false,
    "control_index": null
  }
}