{
  "train": {
    "ar": {
      "mse": 0.011415875963664867,
      "rmse": 0.10684510266579778,
      "mae": 0.08164233988203498,
      "r2": 0.4585629111300358
    },
    "en": {
      "mse": 0.006263601058914371,
      "rmse": 0.0791429154057037,
      "mae": 0.05985181958793691,
      "r2": 0.5005460582835577
    },
    "fi": {
      "mse": 0.003978059672446962,
      "rmse": 0.06307186117792118,
      "mae": 0.04697491126042462,
      "r2": 0.47351353170815935
    },
    "id": {
      "mse": 0.00939535026250873,
      "rmse": 0.0969296149920587,
      "mae": 0.07328400196444262,
      "r2": 0.4856652841171887
    },
    "ja": {
      "mse": 0.005606500068951721,
      "rmse": 0.07487656555259276,
      "mae": 0.05820069763119048,
      "r2": 0.39726181116711023
    },
    "ko": {
      "mse": 0.011880752413899435,
      "rmse": 0.10899886427802555,
      "mae": 0.08217823073832543,
      "r2": 0.4551516341555817
    },
    "ru": {
      "mse": 0.01664041637964302,
      "rmse": 0.12899773788575913,
      "mae": 0.10349514999803182,
      "r2": 0.5008677175931298
    }
  },
  "val": {
    "ar": {
      "mse": 0.05458856476031646,
      "rmse": 0.2336419584756053,
      "mae": 0.17052405736875662,
      "r2": -0.11212385497250743
    },
    "en": {
      "mse": 0.015904569657629743,
      "rmse": 0.12611332069860717,
      "mae": 0.08977992130978273,
      "r2": -0.1944559131132495
    },
    "fi": {
      "mse": 0.018698719859540663,
      "rmse": 0.13674326257458047,
      "mae": 0.10335177415208173,
      "r2": -0.08719685910522634
    },
    "id": {
      "mse": 0.04680412654796464,
      "rmse": 0.21634261380496594,
      "mae": 0.16559664512717465,
      "r2": -0.26834692122342685
    },
    "ja": {
      "mse": 0.02132502869332582,
      "rmse": 0.1460309169091457,
      "mae": 0.11109675321073453,
      "r2": -0.19617016094413442
    },
    "ko": {
      "mse": 0.022018460882512254,
      "rmse": 0.14838618831452022,
      "mae": 0.1181345670620385,
      "r2": -0.09402439828065612
    },
    "ru": {
      "mse": 0.036678622522368705,
      "rmse": 0.191516637716854,
      "mae": 0.14983643033711497,
      "r2": -0.22897414648793002
    }
  },
  "test": {
    "ar": {
      "mse": 0.06503688380915837,
      "rmse": 0.25502330052204714,
      "mae": 0.1805539474407094,
      "r2": -0.40422792618407866
    },
    "en": {
      "mse": 0.011205070255704015,
      "rmse": 0.10585400443867966,
      "mae": 0.07431590517444321,
      "r2": -0.20470090915503092
    },
    "fi": {
      "mse": 0.023395091249484634,
      "rmse": 0.15295453981325507,
      "mae": 0.11745184237325737,
      "r2": -0.2899585099532347
    },
    "id": {
      "mse": 0.03624383508162763,
      "rmse": 0.19037813708939277,
      "mae": 0.1538384967814838,
      "r2": -0.6325458070548857
    },
    "ja": {
      "mse": 0.10688930625601964,
      "rmse": 0.3269393005681936,
      "mae": 0.2603713862387777,
      "r2": -1.5139147084659244
    },
    "ko": {
      "mse": 0.026388365821361563,
      "rmse": 0.16244496243762552,
      "mae": 0.12537893388052562,
      "r2": -0.14672874729141805
    },
    "ru": {
      "mse": 0.020391600705231556,
      "rmse": 0.14279916213070565,
      "mae": 0.11383433929746667,
      "r2": -0.21053978082924174
    }
  }
}