{
  "ko": {
    "train_time": 26.306193351745605,
    "train_metrics": {
      "loss": 0.03400403435559983,
      "mse": 0.034302785992622375,
      "rmse": 0.18521011309489116,
      "r2": 0.06980019807815552
    },
    "val_metrics": {
      "loss": 0.030598141625523566,
      "mse": 0.030062556266784668,
      "rmse": 0.17338557110320532,
      "r2": -0.2236233949661255
    },
    "test_metrics": {
      "loss": 0.04262674067701612,
      "mse": 0.042460668832063675,
      "rmse": 0.20605986710677962,
      "r2": -0.22385597229003906
    },
    "language": "ko",
    "task": "single_submetric",
    "task_type": "regression",
    "model_type": "lm_probe",
    "is_control": false,
    "control_index": null,
    "submetric": "avg_verb_edges"
  }
}