{
  "id": {
    "train_time": 63.69398832321167,
    "train_metrics": {
      "loss": 0.0031619248329661787,
      "mse": 0.003169465810060501,
      "rmse": 0.056298008935134654,
      "r2": 0.9126549959182739
    },
    "val_metrics": {
      "loss": 0.015842678677290677,
      "mse": 0.014454583637416363,
      "rmse": 0.12022721670826603,
      "r2": 0.6542723178863525
    },
    "test_metrics": {
      "loss": 0.025297455888773714,
      "mse": 0.025241965427994728,
      "rmse": 0.15887720235450625,
      "r2": 0.3809314966201782
    },
    "language": "id",
    "task": "complexity",
    "task_type": "regression",
    "model_type": "lm_probe",
    "is_control": false,
    "control_index": null
  }
}