{
  "train": {
    "ar": {
      "mse": 0.006546794480157908,
      "rmse": 0.08091226408992587,
      "mae": 0.04529517576016928,
      "r2": 0.6274149111739289
    },
    "en": {
      "mse": 0.005973064305199802,
      "rmse": 0.07728560218565811,
      "mae": 0.042256221122843024,
      "r2": 0.7076880512870913
    },
    "fi": {
      "mse": 0.005039930368431408,
      "rmse": 0.0709924669836977,
      "mae": 0.036690087227515926,
      "r2": 0.6381252198818783
    },
    "id": {
      "mse": 0.0068616540416231615,
      "rmse": 0.08283510150668713,
      "mae": 0.048878798703276105,
      "r2": 0.8162521275590597
    },
    "ja": {
      "mse": 0.017671818747429638,
      "rmse": 0.13293539313301644,
      "mae": 0.10106630374172011,
      "r2": 0.725942606152807
    },
    "ko": {
      "mse": 0.01628045936293217,
      "rmse": 0.12759490335797966,
      "mae": 0.10196087528693099,
      "r2": 0.7467212822773701
    },
    "ru": {
      "mse": 0.0037190940605962533,
      "rmse": 0.060984375544857826,
      "mae": 0.03187151292578608,
      "r2": 0.7275309368061629
    }
  },
  "val": {
    "ar": {
      "mse": 0.04363085692961372,
      "rmse": 0.20888000605518403,
      "mae": 0.11536118788877317,
      "r2": 0.2209204111196741
    },
    "en": {
      "mse": 0.02390610028751457,
      "rmse": 0.15461597681842124,
      "mae": 0.0964681421966703,
      "r2": 0.5051897368403229
    },
    "fi": {
      "mse": 0.04112872734826711,
      "rmse": 0.2028021877304757,
      "mae": 0.12301276698881064,
      "r2": 0.15498185871902714
    },
    "id": {
      "mse": 0.02707542817380937,
      "rmse": 0.16454612779949995,
      "mae": 0.10266468116566314,
      "r2": 0.45617921966189
    },
    "ja": {
      "mse": 0.032388547537001926,
      "rmse": 0.17996818479109558,
      "mae": 0.14213259254494298,
      "r2": 0.44394185323897695
    },
    "ko": {
      "mse": 0.042671760642734556,
      "rmse": 0.20657144198251257,
      "mae": 0.16683542938143392,
      "r2": 0.3492377563923994
    },
    "ru": {
      "mse": 0.035229202752617365,
      "rmse": 0.18769443985536002,
      "mae": 0.10979382489670583,
      "r2": 0.3521423598808433
    }
  },
  "test": {
    "ar": {
      "mse": 0.04942779863067193,
      "rmse": 0.22232363488993231,
      "mae": 0.15463559825830858,
      "r2": 0.1050371447666899
    },
    "en": {
      "mse": 0.015462810478114864,
      "rmse": 0.12434954956940883,
      "mae": 0.09878596477923948,
      "r2": 0.3677890469841705
    },
    "fi": {
      "mse": 0.03704855057494171,
      "rmse": 0.19248000045444127,
      "mae": 0.13165921783368043,
      "r2": 0.16545360978843526
    },
    "id": {
      "mse": 0.03528347678702783,
      "rmse": 0.18783896503927994,
      "mae": 0.13429646093196276,
      "r2": 0.32704925216360925
    },
    "ja": {
      "mse": 0.06958241088943316,
      "rmse": 0.2637847813832958,
      "mae": 0.21413020895426763,
      "r2": 0.05437303995468645
    },
    "ko": {
      "mse": 0.045082819315452376,
      "rmse": 0.21232715162091817,
      "mae": 0.1742722301145397,
      "r2": 0.10780790322195766
    },
    "ru": {
      "mse": 0.03184400365489398,
      "rmse": 0.1784488824702861,
      "mae": 0.12813686189161946,
      "r2": 0.15682697598599338
    }
  }
}