{
  "id": {
    "train_time": 40.41835427284241,
    "train_metrics": {
      "loss": 0.03750879967895647,
      "mse": 0.0374932736158371,
      "rmse": 0.19363179908227135,
      "r2": -0.004030466079711914
    },
    "val_metrics": {
      "loss": 0.05977465957403183,
      "mse": 0.057733867317438126,
      "rmse": 0.24027872839150394,
      "r2": -0.15960776805877686
    },
    "test_metrics": {
      "loss": 0.06621568064604487,
      "mse": 0.06665349751710892,
      "rmse": 0.25817338653918015,
      "r2": -0.27126145362854004
    },
    "language": "id",
    "task": "single_submetric",
    "task_type": "regression",
    "model_type": "lm_probe",
    "is_control": true,
    "control_index": 2,
    "submetric": "avg_subordinate_chain_len"
  }
}