{
  "en": {
    "train_time": 79.94416689872742,
    "train_metrics": {
      "loss": 0.01216927656903863,
      "mse": 0.01219280157238245,
      "rmse": 0.11042101961303585,
      "r2": 0.027756989002227783
    },
    "val_metrics": {
      "loss": 0.014274798333644867,
      "mse": 0.013624702580273151,
      "rmse": 0.11672490128620007,
      "r2": -0.02323460578918457
    },
    "test_metrics": {
      "loss": 0.009396893371428763,
      "mse": 0.009278882294893265,
      "rmse": 0.09632695518334038,
      "r2": 0.0023909807205200195
    },
    "language": "en",
    "task": "single_submetric",
    "task_type": "regression",
    "model_type": "lm_probe",
    "is_control": true,
    "control_index": 2,
    "submetric": "avg_links_len"
  }
}