{
  "train_time": 54.28812789916992,
  "train_metrics": {
    "loss": 0.04159602257324026,
    "accuracy": 0.9972936400541272,
    "f1": 0.9970588235294118
  },
  "val_metrics": {
    "loss": 0.14360330924391745,
    "accuracy": 0.9444444444444444,
    "f1": 0.9444444444444444
  },
  "test_metrics": {
    "loss": 0.3090060396740834,
    "accuracy": 0.9130434782608695,
    "f1": 0.9322033898305084
  }
}