{
"tfidf_Ridge_complexity_avg_links_len": {
  "model_type": "Ridge",
  "training_time": 0.07870912551879883,
  "train_metrics": {
    "mse": 0.004046457563961811,
    "rmse": 0.06361177221208203,
    "mae": 0.04600802490537197,
    "r2": 0.7825439360386843
  },
  "val_metrics": {
    "mse": 0.016922442148271905,
    "rmse": 0.13008628731834845,
    "mae": 0.08992663945783835,
    "r2": 0.35314230788828116
  },
  "test_metrics": {
    "mse": 0.0276182713042068,
    "rmse": 0.16618745832404683,
    "mae": 0.12081335252288831,
    "r2": 0.00017095303973324594
  },
  "per_language_metrics": {
    "train": {
      "ar": {
        "mse": 0.0055003871342341965,
        "rmse": 0.07416459488350352,
        "mae": 0.05461388307870241,
        "r2": 0.7391252666815507
      },
      "en": {
        "mse": 0.0036694353274438034,
        "rmse": 0.06057586423191834,
        "mae": 0.044010154748123025,
        "r2": 0.7074025116020042
      },
      "fi": {
        "mse": 0.0023622284094953734,
        "rmse": 0.048602761336115186,
        "mae": 0.03577589334047832,
        "r2": 0.6873648474335567
      },
      "id": {
        "mse": 0.0039451550173299306,
        "rmse": 0.06281046901058716,
        "mae": 0.04548101248685415,
        "r2": 0.7840282556522569
      },
      "ja": {
        "mse": 0.0025838093179064237,
        "rmse": 0.05083118450229567,
        "mae": 0.03605646805082365,
        "r2": 0.7222223259767746
      },
      "ko": {
        "mse": 0.004539815308838453,
        "rmse": 0.0673781515688762,
        "mae": 0.050738128845060584,
        "r2": 0.7918051933005258
      },
      "ru": {
        "mse": 0.006131440595930639,
        "rmse": 0.0783035158593191,
        "mae": 0.05849174083052106,
        "r2": 0.8160863364673417
      }
    },
    "val": {
      "ar": {
        "mse": 0.028827730283067347,
        "rmse": 0.16978730895761127,
        "mae": 0.10748241734334386,
        "r2": 0.4126973905014848
      },
      "en": {
        "mse": 0.007839995549122082,
        "rmse": 0.08854374935093996,
        "mae": 0.06644588776756179,
        "r2": 0.4112051288393034
      },
      "fi": {
        "mse": 0.012945640677431865,
        "rmse": 0.11377891139148706,
        "mae": 0.07961593133646831,
        "r2": 0.24730355931678616
      },
      "id": {
        "mse": 0.0330588366011044,
        "rmse": 0.18182089154193584,
        "mae": 0.1286715565711738,
        "r2": 0.10413724782857825
      },
      "ja": {
        "mse": 0.01182934327447699,
        "rmse": 0.10876278441855464,
        "mae": 0.07200341536721866,
        "r2": 0.3364647873640091
      },
      "ko": {
        "mse": 0.01192803995056569,
        "rmse": 0.10921556642972508,
        "mae": 0.0847376019324472,
        "r2": 0.4073351993485781
      },
      "ru": {
        "mse": 0.01432106819960778,
        "rmse": 0.1196706655768563,
        "mae": 0.08959579896090081,
        "r2": 0.5201503939610929
      }
    },
    "test": {
      "ar": {
        "mse": 0.03964687285973368,
        "rmse": 0.1991152250826985,
        "mae": 0.1403941613726177,
        "r2": 0.14397426821873882
      },
      "en": {
        "mse": 0.006329194621713716,
        "rmse": 0.07955623559290445,
        "mae": 0.05778987012688288,
        "r2": 0.3195235423788443
      },
      "fi": {
        "mse": 0.017817983062374892,
        "rmse": 0.1334840180035606,
        "mae": 0.09972460917393088,
        "r2": 0.017552073791573086
      },
      "id": {
        "mse": 0.026344876354393768,
        "rmse": 0.16231104815875524,
        "mae": 0.12626144814454057,
        "r2": -0.18666298234942458
      },
      "ja": {
        "mse": 0.07575717222212376,
        "rmse": 0.27524020822206147,
        "mae": 0.22175380941738163,
        "r2": -0.7817223835734057
      },
      "ko": {
        "mse": 0.020066076024797243,
        "rmse": 0.1416547776278557,
        "mae": 0.11151071625493267,
        "r2": 0.12801170111325855
      },
      "ru": {
        "mse": 0.01885157914662774,
        "rmse": 0.1373010529698434,
        "mae": 0.1106506251348587,
        "r2": -0.11911697459773851
      }
    }
  },
  "feature_importances": null,
  "task": "complexity",
  "languages": [
    "ar",
    "en",
    "fi",
    "id",
    "ja",
    "ko",
    "ru"
  ],
  "control_index": null,
  "submetric": "avg_links_len",
  "source": "tfidf",
  "file_path": "ridge_complexity_avg_links_len_all.json"
},

"tfidf_Ridge_complexity_control1_avg_links_len": {
  "model_type": "Ridge",
  "training_time": 0.07599759101867676,
  "train_metrics": {
    "mse": 0.009097564246429874,
    "rmse": 0.09538115246960414,
    "mae": 0.07134656922972543,
    "r2": 0.5110981688568861
  },
  "val_metrics": {
    "mse": 0.03016345499422267,
    "rmse": 0.17367629370245863,
    "mae": 0.12881110099705262,
    "r2": -0.1529933276014217
  },
  "test_metrics": {
    "mse": 0.03863740218544372,
    "rmse": 0.1965639900527147,
    "mae": 0.14212373909971018,
    "r2": -0.398740586569895
  },
  "per_language_metrics": {
    "train": {
      "ar": {
        "mse": 0.011415875963664867,
        "rmse": 0.10684510266579778,
        "mae": 0.08164233988203498,
        "r2": 0.4585629111300358
      },
      "en": {
        "mse": 0.006263601058914371,
        "rmse": 0.0791429154057037,
        "mae": 0.05985181958793691,
        "r2": 0.5005460582835577
      },
      "fi": {
        "mse": 0.003978059672446962,
        "rmse": 0.06307186117792118,
        "mae": 0.04697491126042462,
        "r2": 0.47351353170815935
      },
      "id": {
        "mse": 0.00939535026250873,
        "rmse": 0.0969296149920587,
        "mae": 0.07328400196444262,
        "r2": 0.4856652841171887
      },
      "ja": {
        "mse": 0.005606500068951721,
        "rmse": 0.07487656555259276,
        "mae": 0.05820069763119048,
        "r2": 0.39726181116711023
      },
      "ko": {
        "mse": 0.011880752413899435,
        "rmse": 0.10899886427802555,
        "mae": 0.08217823073832543,
        "r2": 0.4551516341555817
      },
      "ru": {
        "mse": 0.01664041637964302,
        "rmse": 0.12899773788575913,
        "mae": 0.10349514999803182,
        "r2": 0.5008677175931298
      }
    },
    "val": {
      "ar": {
        "mse": 0.05458856476031646,
        "rmse": 0.2336419584756053,
        "mae": 0.17052405736875662,
        "r2": -0.11212385497250743
      },
      "en": {
        "mse": 0.015904569657629743,
        "rmse": 0.12611332069860717,
        "mae": 0.08977992130978273,
        "r2": -0.1944559131132495
      },
      "fi": {
        "mse": 0.018698719859540663,
        "rmse": 0.13674326257458047,
        "mae": 0.10335177415208173,
        "r2": -0.08719685910522634
      },
      "id": {
        "mse": 0.04680412654796464,
        "rmse": 0.21634261380496594,
        "mae": 0.16559664512717465,
        "r2": -0.26834692122342685
      },
      "ja": {
        "mse": 0.02132502869332582,
        "rmse": 0.1460309169091457,
        "mae": 0.11109675321073453,
        "r2": -0.19617016094413442
      },
      "ko": {
        "mse": 0.022018460882512254,
        "rmse": 0.14838618831452022,
        "mae": 0.1181345670620385,
        "r2": -0.09402439828065612
      },
      "ru": {
        "mse": 0.036678622522368705,
        "rmse": 0.191516637716854,
        "mae": 0.14983643033711497,
        "r2": -0.22897414648793002
      }
    },
    "test": {
      "ar": {
        "mse": 0.06503688380915837,
        "rmse": 0.25502330052204714,
        "mae": 0.1805539474407094,
        "r2": -0.40422792618407866
      },
      "en": {
        "mse": 0.011205070255704015,
        "rmse": 0.10585400443867966,
        "mae": 0.07431590517444321,
        "r2": -0.20470090915503092
      },
      "fi": {
        "mse": 0.023395091249484634,
        "rmse": 0.15295453981325507,
        "mae": 0.11745184237325737,
        "r2": -0.2899585099532347
      },
      "id": {
        "mse": 0.03624383508162763,
        "rmse": 0.19037813708939277,