{
  "tfidf_Ridge_complexity_avg_max_depth": {
    "model_type": "Ridge",
    "training_time": 0.07067084312438965,
    "train_metrics": {
      "mse": 0.0071459874116108725,
      "rmse": 0.08453394236406388,
      "mae": 0.06334256706290857,
      "r2": 0.719288749219988
    },
    "val_metrics": {
      "mse": 0.0208270859508049,
      "rmse": 0.14431592410681815,
      "mae": 0.10534839194017084,
      "r2": 0.4503211045410648
    },
    "test_metrics": {
      "mse": 0.024637873506684126,
      "rmse": 0.15696456130822692,
      "mae": 0.12048048104062958,
      "r2": 0.4011965413934825
    },
    "per_language_metrics": {
      "train": {
        "ar": {
          "mse": 0.006907651327224525,
          "rmse": 0.0831122814463935,
          "mae": 0.06332651912221936,
          "r2": 0.6751377832691235
        },
        "en": {
          "mse": 0.006259360815475421,
          "rmse": 0.07911612234857963,
          "mae": 0.05880955691582683,
          "r2": 0.7521284852972305
        },
        "fi": {
          "mse": 0.008851418946129556,
          "rmse": 0.09408197992245676,
          "mae": 0.07159167027824127,
          "r2": 0.7145391119960202
        },
        "id": {
          "mse": 0.007904807541615828,
          "rmse": 0.08890898459444821,
          "mae": 0.06605245432181528,
          "r2": 0.7249882015149092
        },
        "ja": {
          "mse": 0.007076081749079752,
          "rmse": 0.0841194492913485,
          "mae": 0.06336992161466089,
          "r2": 0.5859712307268305
        },
        "ko": {
          "mse": 0.006510968581965539,
          "rmse": 0.08069057306752468,
          "mae": 0.05888272689607124,
          "r2": 0.7770784576790746
        },
        "ru": {
          "mse": 0.006379349872218732,
          "rmse": 0.07987083242472644,
          "mae": 0.060193193211269876,
          "r2": 0.7008441268691135
        }
      },
      "val": {
        "ar": {
          "mse": 0.0196795023622864,
          "rmse": 0.14028364966127166,
          "mae": 0.10467173753773702,
          "r2": 0.47710447121519717
        },
        "en": {
          "mse": 0.015016560592555616,
          "rmse": 0.12254207682488336,
          "mae": 0.09204558746266761,
          "r2": 0.5767771640043519
        },
        "fi": {
          "mse": 0.03220848744710566,
          "rmse": 0.17946723223782568,
          "mae": 0.1469005016121775,
          "r2": 0.29489188532425914
        },
        "id": {
          "mse": 0.026285773896147262,
          "rmse": 0.1621288805122248,
          "mae": 0.1074422476931218,
          "r2": 0.3547726368828126
        },
        "ja": {
          "mse": 0.020531033555590578,
          "rmse": 0.1432865435258684,
          "mae": 0.09626116287045768,
          "r2": 0.29664072405961484
        },
        "ko": {
          "mse": 0.017994137218143073,
          "rmse": 0.1341422275726144,
          "mae": 0.0997311244937345,
          "r2": 0.4629013124799177
        },
        "ru": {
          "mse": 0.014943591454814248,
          "rmse": 0.12224398330721331,
          "mae": 0.09203575285529104,
          "r2": 0.5851678208316922
        }
      },
      "test": {
        "ar": {
          "mse": 0.027878701529974,
          "rmse": 0.1669691634104154,
          "mae": 0.13566412526383342,
          "r2": 0.43474255276043894
        },
        "en": {
          "mse": 0.012801212745584892,
          "rmse": 0.11314244449182143,
          "mae": 0.08801619277014452,
          "r2": 0.547159967352004
        },
        "fi": {
          "mse": 0.030065130622903127,
          "rmse": 0.17339299473422543,
          "mae": 0.14422458053517379,
          "r2": 0.014035082335427163
        },
        "id": {
          "mse": 0.018264502326950573,
          "rmse": 0.13514622572218055,
          "mae": 0.10544665812979946,
          "r2": 0.43306454297671615
        },
        "ja": {
          "mse": 0.053059653789719635,
          "rmse": 0.23034681198080348,
          "mae": 0.1718663498121665,
          "r2": 0.2161417898244401
        },
        "ko": {
          "mse": 0.02196543928464199,
          "rmse": 0.1482074198029302,
          "mae": 0.11727972087801526,
          "r2": 0.37088742592998925
        },
        "ru": {
          "mse": 0.014053559427589237,
          "rmse": 0.11854770949954806,
          "mae": 0.09382942987030489,
          "r2": 0.4238405198409072
        }
      }
    },
    "feature_importances": null,
    "task": "complexity",
    "languages": [
      "ar",
      "en",
      "fi",
      "id",
      "ja",
      "ko",
      "ru"
    ],
    "control_index": null,
    "submetric": "avg_max_depth",
    "source": "tfidf",
    "file_path": "ridge_complexity_avg_max_depth_all.json"
  },

  "tfidf_Ridge_complexity_control1_avg_max_depth": {
    "model_type": "Ridge",
    "training_time": 0.06274199485778809,
    "train_metrics": {
      "mse": 0.012773897415916169,
      "rmse": 0.1130216679045048,
      "mae": 0.08522823449954647,
      "r2": 0.49821116181492486
    },
    "val_metrics": {
      "mse": 0.04172877536367625,
      "rmse": 0.20427622319711183,
      "mae": 0.15770123827908092,
      "r2": -0.10132676289613785
    },
    "test_metrics": {
      "mse": 0.042634976440610955,
      "rmse": 0.2064823877249848,
      "mae": 0.1550775744682072,
      "r2": -0.03620839449959368
    },
    "per_language_metrics": {
      "train": {
        "ar": {
          "mse": 0.011510033971167009,
          "rmse": 0.10728482637897593,
          "mae": 0.08366484609905303,
          "r2": 0.4586908091634385
        },
        "en": {
          "mse": 0.01340588842999793,
          "rmse": 0.11578380037810959,
          "mae": 0.08421722351939366,
          "r2": 0.4691250482214724
        },
        "fi": {
          "mse": 0.01486532524457448,
          "rmse": 0.12192344009489922,
          "mae": 0.09363634065250531,
          "r2": 0.5205888490184115
        },
        "id": {
          "mse": 0.014958443836866226,
          "rmse": 0.12230471714887461,
          "mae": 0.09025176140153357,
          "r2": 0.4795890323126186
        },
        "ja": {
          "mse": 0.010200580395827406,
          "rmse": 0.10099792273025919,
          "mae": 0.07856468329140975,
          "r2": 0.4031536241500193
        },
        "ko": {
          "mse": 0.015014463454901388,
          "rmse": 0.12253351971971338,
          "mae": 0.09173835950972194,
          "r2": 0.4859371062304563
        },
        "ru": {
          "mse": 0.01053766589667209,
          "rmse": 0.10265313388626814,
          "mae": 0.07772896493164261,
          "r2": 0.5058423342151477
        }
      },
      "val": {
        "ar": {
          "mse": 0.039466532513186464,
          "rmse": 0.19866185470086214,
          "mae": 0.14971295854161157,
          "r2": -0.048648131841664055
        },
        "en": {
          "mse": 0.03912524256643236,
          "rmse": 0.19780101760717098,
          "mae": 0.14344622647537103,
          "r2": -0.10269565496855804
        },
        "fi": {
          "mse": 0.05167335931857216,
          "rmse": 0.22731774967778506,
          "mae": 0.19046014367018974,
          "r2": -0.13123303377460238
        },
        "id": {
          "mse": 0.04403716076814187,
          "rmse": 0.209850329444921,
          "mae": 0.16236653620770378,
          "r2": -0.08096422170627093
        },
        "ja": {
          "mse": 0.031985426274931394,
          "rmse": 0.17884469876105188,
          "mae": 0.11950994147334351,
          "r2": -0.0957678386948202
        },
        "ko": {
          "mse": 0.03580320171934126,
          "rmse": 0.18921733990134534,
          "mae": 0.15502812285822762,
          "r2": -0.0686732250260893
        },
        "ru": {
          "mse": 0.04685538465558633,
          "rmse": 0.21646104650857237,
          "mae": 0.17058174704547543,
          "r2": -0.30069945911056584
        }
      },