{
"tfidf_Ridge_complexity_avg_verb_edges": {
  "model_type": "Ridge",
  "training_time": 0.08141684532165527,
  "train_metrics": {
    "mse": 0.011453522420896138,
    "rmse": 0.10702113072144276,
    "mae": 0.08164940768067136,
    "r2": 0.813002265102338
  },
  "val_metrics": {
    "mse": 0.032790483424747746,
    "rmse": 0.1810814276085423,
    "mae": 0.14061158715662836,
    "r2": 0.4028866064661053
  },
  "test_metrics": {
    "mse": 0.0616369866818339,
    "rmse": 0.24826797353229815,
    "mae": 0.1953395318762364,
    "r2": 0.02480643123329218
  },
  "per_language_metrics": {
    "train": {
      "ar": {
        "mse": 0.010161498666681095,
        "rmse": 0.10080425916934807,
        "mae": 0.07865863660706546,
        "r2": 0.7510429405402883
      },
      "en": {
        "mse": 0.012437564326722906,
        "rmse": 0.11152382851535768,
        "mae": 0.08531241435698365,
        "r2": 0.7738295654071096
      },
      "fi": {
        "mse": 0.008405648248598735,
        "rmse": 0.0916823224433082,
        "mae": 0.07048127824615057,
        "r2": 0.8137666810935499
      },
      "id": {
        "mse": 0.017021113953371386,
        "rmse": 0.13046499129410688,
        "mae": 0.10154782663162754,
        "r2": 0.8272262588775514
      },
      "ja": {
        "mse": 0.008646393001869505,
        "rmse": 0.09298598282466829,
        "mae": 0.06956861792170178,
        "r2": 0.8669062073487098
      },
      "ko": {
        "mse": 0.010393191953133464,
        "rmse": 0.10194700561141296,
        "mae": 0.07502451503753631,
        "r2": 0.7181644353896743
      },
      "ru": {
        "mse": 0.013606108979815575,
        "rmse": 0.11664522699114428,
        "mae": 0.0919143595410761,
        "r2": 0.7374693762422968
      }
    },
    "val": {
      "ar": {
        "mse": 0.03306795602218054,
        "rmse": 0.18184596784691306,
        "mae": 0.14227527769776205,
        "r2": 0.42574467768417446
      },
      "en": {
        "mse": 0.02971054450844277,
        "rmse": 0.17236746940314107,
        "mae": 0.13527530991233505,
        "r2": 0.4191533504307683
      },
      "fi": {
        "mse": 0.03548390248266369,
        "rmse": 0.18837171359485927,
        "mae": 0.14001684018255778,
        "r2": 0.42221786871687583
      },
      "id": {
        "mse": 0.03921100501818331,
        "rmse": 0.1980176886497348,
        "mae": 0.1608899130187814,
        "r2": 0.34957957310628274
      },
      "ja": {
        "mse": 0.03234943607658978,
        "rmse": 0.17985948981521596,
        "mae": 0.13943623761716542,
        "r2": 0.6239465167036842
      },
      "ko": {
        "mse": 0.029573007765709973,
        "rmse": 0.171968042861777,
        "mae": 0.13448329028590342,
        "r2": -0.20369745943597173
      },
      "ru": {
        "mse": 0.030422848393870463,
        "rmse": 0.17442146769784522,
        "mae": 0.13205245699799167,
        "r2": 0.3749523212007192
      }
    },
    "test": {
      "ar": {
        "mse": 0.09051661016413556,
        "rmse": 0.30085978489013043,
        "mae": 0.2596975845664071,
        "r2": -0.31145684735540247
      },
      "en": {
        "mse": 0.04529254713277992,
        "rmse": 0.21282045750533457,
        "mae": 0.16898454821059544,
        "r2": 0.23857771168954878
      },
      "fi": {
        "mse": 0.06611385610699194,
        "rmse": 0.2571261482366038,
        "mae": 0.21135966708201678,
        "r2": 0.06568307816360608
      },
      "id": {
        "mse": 0.06960843224013996,
        "rmse": 0.2638340998433295,
        "mae": 0.20281252311033132,
        "r2": -0.08984395807807144
      },
      "ja": {
        "mse": 0.09419665250148397,
        "rmse": 0.3069147316462407,
        "mae": 0.2441453334551577,
        "r2": 0.013924580634872119
      },
      "ko": {
        "mse": 0.03775345402496764,
        "rmse": 0.19430248074836212,
        "mae": 0.15609011409893522,
        "r2": -0.08817854631988054
      },
      "ru": {
        "mse": 0.04196918696297154,
        "rmse": 0.20486382541330117,
        "mae": 0.1515807723119949,
        "r2": -0.02545680368393799
      }
    }
  },
  "feature_importances": null,
  "task": "complexity",
  "languages": [
    "ar",
    "en",
    "fi",
    "id",
    "ja",
    "ko",
    "ru"
  ],
  "control_index": null,
  "submetric": "avg_verb_edges",
  "source": "tfidf",
  "file_path": "ridge_complexity_avg_verb_edges_all.json"
},

"tfidf_Ridge_complexity_control1_avg_verb_edges": {
  "model_type": "Ridge",
  "training_time": 0.05746626853942871,
  "train_metrics": {
    "mse": 0.029888129965365592,
    "rmse": 0.17288183815937866,
    "mae": 0.1456225531464279,
    "r2": 0.512026746142868
  },
  "val_metrics": {
    "mse": 0.057029529305659986,
    "rmse": 0.23880856204428683,
    "mae": 0.1983108556770359,
    "r2": -0.038505450933445484
  },
  "test_metrics": {
    "mse": 0.07435678444735018,
    "rmse": 0.2726844044813531,
    "mae": 0.2261966452674097,
    "r2": -0.17644067127310747
  },
  "per_language_metrics": {
    "train": {
      "ar": {
        "mse": 0.022494500197736852,
        "rmse": 0.14998166620536274,
        "mae": 0.13229091010347876,
        "r2": 0.4488839877913824
      },
      "en": {
        "mse": 0.028683327711624074,
        "rmse": 0.16936152960936576,
        "mae": 0.1482332143796555,
        "r2": 0.47840907402023325
      },
      "fi": {
        "mse": 0.023072015541767698,
        "rmse": 0.15189475152804885,
        "mae": 0.13281416179567332,
        "r2": 0.48882252729039766
      },
      "id": {
        "mse": 0.049091130056517614,
        "rmse": 0.22156518241031828,
        "mae": 0.1889996838785652,
        "r2": 0.5016978196005051
      },
      "ja": {
        "mse": 0.03875355531652961,
        "rmse": 0.19685922715618287,
        "mae": 0.16917523090688535,
        "r2": 0.40346712731155365
      },
      "ko": {
        "mse": 0.0194899615151769,
        "rmse": 0.13960645226914442,
        "mae": 0.1089256013386891,
        "r2": 0.4714843781743765
      },
      "ru": {
        "mse": 0.02632356166213615,
        "rmse": 0.1622453748559143,
        "mae": 0.13150624640994077,
        "r2": 0.49208542479433826
      }
    },
    "val": {
      "ar": {
        "mse": 0.07018760920131127,
        "rmse": 0.26492944192994344,
        "mae": 0.230855832007921,
        "r2": -0.21887207414455756
      },
      "en": {
        "mse": 0.05353254519514613,
        "rmse": 0.23137101200268398,
        "mae": 0.19782360159515297,
        "r2": -0.04657117646154685
      },
      "fi": {
        "mse": 0.05679620701200001,
        "rmse": 0.23831954811135408,
        "mae": 0.19454535235744144,
        "r2": 0.07519096716536
      },
      "id": {
        "mse": 0.0597198351899851,
        "rmse": 0.24437642110069682,
        "mae": 0.2087567054787191,
        "r2": 0.009385230491289476
      },
      "ja": {
        "mse": 0.08718814041326849,
        "rmse": 0.2952763797076706,
        "mae": 0.2623736467282323,
        "r2": -0.01353865417966471
      },
      "ko": {
        "mse": 0.03165682414339637,
        "rmse": 0.17792364694833673,
        "mae": 0.14274478911524702,
        "r2": -0.2885141442866941
      },
      "ru": {
        "mse": 0.05610401933497248,
        "rmse": 0.2368628703173473,
        "mae": 0.1863955398831978,
        "r2": -0.152675995443605
      }
    },
    "test": {
      "ar": {
        "mse": 0.11649345314241057,
        "rmse": 0.34131137271179607,
        "mae": 0.3010035015491816,
        "r2": -0.6878243288017309
      },
      "en": {
        "mse": 0.07060386068890863,
        "rmse": 0.26571386995960267,
        "mae": 0.22471740404004883,
        "r2": -0.18693596568326898
      },
      "fi": {
        "mse": 0.08418841583025552,
        "rmse": 0.2901524010416862,
        "mae": 0.2474002233454657,
        "r2": -0.18974548097018418
      },
      "id": {
        "mse": 0.07309270639590328,
        "rmse": 0.2703566281708353,