{
"tfidf_Ridge_complexity_n_tokens": {
  "model_type": "Ridge",
  "training_time": 0.06949257850646973,
  "train_metrics": {
    "mse": 0.003835739147738287,
    "rmse": 0.0619333443932934,
    "mae": 0.044355253793668274,
    "r2": 0.8399298044834786
  },
  "val_metrics": {
    "mse": 0.017267449851224238,
    "rmse": 0.13140566902239886,
    "mae": 0.09301188443936699,
    "r2": 0.4854507290936684
  },
  "test_metrics": {
    "mse": 0.027103662020791692,
    "rmse": 0.16463189855186539,
    "mae": 0.12933839479303932,
    "r2": 0.30697102068038273
  },
  "per_language_metrics": {
    "train": {
      "ar": {
        "mse": 0.0035852545303661936,
        "rmse": 0.05987699500113707,
        "mae": 0.04464694427325301,
        "r2": 0.8150912909478575
      },
      "en": {
        "mse": 0.003565245389799522,
        "rmse": 0.059709675847382744,
        "mae": 0.04221500580064761,
        "r2": 0.8298048549874214
      },
      "fi": {
        "mse": 0.0032508586189980027,
        "rmse": 0.057016301344422565,
        "mae": 0.04045275328208877,
        "r2": 0.7782237768353458
      },
      "id": {
        "mse": 0.005127247900796469,
        "rmse": 0.07160480361537534,
        "mae": 0.05106852736292996,
        "r2": 0.8398717254971049
      },
      "ja": {
        "mse": 0.005893656899143207,
        "rmse": 0.07677015630531962,
        "mae": 0.06100854004448774,
        "r2": 0.7163958148680474
      },
      "ko": {
        "mse": 0.0017203308690455228,
        "rmse": 0.041476871495395154,
        "mae": 0.026563042559664355,
        "r2": 0.8263942024368942
      },
      "ru": {
        "mse": 0.003124516627810368,
        "rmse": 0.05589737585799863,
        "mae": 0.03919139188743592,
        "r2": 0.7855265839080474
      }
    },
    "val": {
      "ar": {
        "mse": 0.020995247325097013,
        "rmse": 0.14489736824765664,
        "mae": 0.09023399221318133,
        "r2": 0.5957748683709598
      },
      "en": {
        "mse": 0.022120561391042442,
        "rmse": 0.14872982683726368,
        "mae": 0.11671606239181832,
        "r2": 0.3963785977366562
      },
      "fi": {
        "mse": 0.010308856085163454,
        "rmse": 0.1015325370763651,
        "mae": 0.08552439826882871,
        "r2": 0.4404108169024483
      },
      "id": {
        "mse": 0.01711396907925043,
        "rmse": 0.13082036951197787,
        "mae": 0.09489558631927571,
        "r2": 0.48510080455744986
      },
      "ja": {
        "mse": 0.010846973340730504,
        "rmse": 0.10414880383725252,
        "mae": 0.08155929485086047,
        "r2": 0.4571274132978461
      },
      "ko": {
        "mse": 0.02950209500031964,
        "rmse": 0.17176173904662131,
        "mae": 0.10496296995669956,
        "r2": 0.31541574300568576
      },
      "ru": {
        "mse": 0.008245816127258613,
        "rmse": 0.09080647624073193,
        "mae": 0.07103900253088799,
        "r2": 0.5810495394639039
      }
    },
    "test": {
      "ar": {
        "mse": 0.03824944111904661,
        "rmse": 0.19557464334377964,
        "mae": 0.15218866282540597,
        "r2": 0.4893456553186236
      },
      "en": {
        "mse": 0.0268395356320768,
        "rmse": 0.16382776209201175,
        "mae": 0.14819572996693411,
        "r2": -0.41898900967488206
      },
      "fi": {
        "mse": 0.014532984932284766,
        "rmse": 0.12055283046152324,
        "mae": 0.09862073480102498,
        "r2": -0.051096330508551224
      },
      "id": {
        "mse": 0.02203068956653912,
        "rmse": 0.14842738819550494,
        "mae": 0.12836606346267912,
        "r2": 0.2542200228326431
      },
      "ja": {
        "mse": 0.034873174647553504,
        "rmse": 0.1867436067113236,
        "mae": 0.1472300135606464,
        "r2": 0.41545276300153355
      },
      "ko": {
        "mse": 0.04620460109262542,
        "rmse": 0.21495255544567368,
        "mae": 0.14972182511957374,
        "r2": -0.10800872155954777
      },
      "ru": {
        "mse": 0.011610315678362213,
        "rmse": 0.10775117483518318,
        "mae": 0.09082853365942022,
        "r2": -0.02064392007399074
      }
    }
  },
  "feature_importances": null,
  "task": "complexity",
  "languages": [
    "ar",
    "en",
    "fi",
    "id",
    "ja",
    "ko",
    "ru"
  ],
  "control_index": null,
  "submetric": "n_tokens",
  "source": "tfidf",
  "file_path": "ridge_complexity_n_tokens_all.json"
},

"tfidf_Ridge_complexity_control1_n_tokens": {
  "model_type": "Ridge",
  "training_time": 0.4824521541595459,
  "train_metrics": {
    "mse": 0.010284058117968373,
    "rmse": 0.10141034522162112,
    "mae": 0.07682003024306538,
    "r2": 0.5708333830215964
  },
  "val_metrics": {
    "mse": 0.0350079047773769,
    "rmse": 0.18710399455216584,
    "mae": 0.13845747991302962,
    "r2": -0.04319352506360108
  },
  "test_metrics": {
    "mse": 0.04220703963432714,
    "rmse": 0.20544351932910207,
    "mae": 0.15090294597311543,
    "r2": -0.07921584822898264
  },
  "per_language_metrics": {
    "train": {
      "ar": {
        "mse": 0.010576351226066363,
        "rmse": 0.1028413886821175,
        "mae": 0.08110342527445845,
        "r2": 0.45452702586942206
      },
      "en": {
        "mse": 0.010702887276064315,
        "rmse": 0.1034547595621599,
        "mae": 0.07836036250803209,
        "r2": 0.48907319052575016
      },
      "fi": {
        "mse": 0.007450552459729635,
        "rmse": 0.0863165827621184,
        "mae": 0.06473350060197047,
        "r2": 0.49171724191491883
      },
      "id": {
        "mse": 0.017119511847520637,
        "rmse": 0.1308415524499791,
        "mae": 0.10453021289090539,
        "r2": 0.4653432122816782
      },
      "ja": {
        "mse": 0.012392439019498627,
        "rmse": 0.11132133227507937,
        "mae": 0.08891198076135745,
        "r2": 0.4036728587927725
      },
      "ko": {
        "mse": 0.005673077517960368,
        "rmse": 0.07531983482430353,
        "mae": 0.05028594737910432,
        "r2": 0.4275059729124857
      },
      "ru": {
        "mse": 0.007747519938971686,
        "rmse": 0.0880199973811161,
        "mae": 0.06603025530853773,
        "r2": 0.46819387909091303
      }
    },
    "val": {
      "ar": {
        "mse": 0.056776239029153845,
        "rmse": 0.2382776511323583,
        "mae": 0.16840859142086834,
        "r2": -0.09312275962224259
      },
      "en": {
        "mse": 0.03942530054977398,
        "rmse": 0.19855805334907467,
        "mae": 0.1396654971848885,
        "r2": -0.07582962212456135
      },
      "fi": {
        "mse": 0.020516802063272603,
        "rmse": 0.14323687396502552,
        "mae": 0.11427164402173674,
        "r2": -0.11370072600822789
      },
      "id": {
        "mse": 0.030038772531142757,
        "rmse": 0.17331697127270243,
        "mae": 0.14138721301413001,
        "r2": 0.09623888317527474
      },
      "ja": {
        "mse": 0.023796981778846187,
        "rmse": 0.15426270378431134,
        "mae": 0.12969239114075476,
        "r2": -0.19099850697302645
      },
      "ko": {
        "mse": 0.051170792570279726,
        "rmse": 0.22620962086144727,
        "mae": 0.15027823297044524,
        "r2": -0.18739767501784477
      },
      "ru": {
        "mse": 0.0259361315394611,
        "rmse": 0.16104698550255792,
        "mae": 0.130958043681699,
        "r2": -0.3177536444284583
      }
    },
    "test": {
      "ar": {
        "mse": 0.08142827053448845,
        "rmse": 0.2853563921388278,
        "mae": 0.20531248360864143,
        "r2": -0.0871191555167874
      },
      "en": {
        "mse": 0.030573414605090027,
        "rmse": 0.17485255103969752,
        "mae": 0.14862894080150776,
        "r2": -0.6163967926854679
      },
      "fi": {
        "mse": 0.016910233860309303,
        "rmse": 0.13003935504419153,
        "mae": 0.10035213819059242,
        "r2": -0.22303056401904797
      },
      "id": {
        "mse": 0.035819563074867285,
        "rmse": 0.18926056925537155,