{
  "model_type": "Ridge",
  "training_time": 0.06363201141357422,
  "train_metrics": {
    "mse": 0.0060675506563047585,
    "rmse": 0.07789448411989618,
    "mae": 0.05872924617339604,
    "r2": 0.8803717644716693
  },
  "val_metrics": {
    "mse": 0.024298308096099074,
    "rmse": 0.15587914580244233,
    "mae": 0.11628896698375907,
    "r2": 0.5188926001980789
  },
  "test_metrics": {
    "mse": 0.05117392084392208,
    "rmse": 0.22621653530173713,
    "mae": 0.17860967908245237,
    "r2": -0.16016249874414346
  },
  "per_language_metrics": {
    "train": {
      "ar": {
        "mse": 0.00954445925791563,
        "rmse": 0.09769574841269005,
        "mae": 0.0771871682027305,
        "r2": 0.7779868787123043
      },
      "en": {
        "mse": 0.0034077465451233134,
        "rmse": 0.05837590723169374,
        "mae": 0.04484269897172105,
        "r2": 0.8752197384182192
      },
      "fi": {
        "mse": 0.00609744448943547,
        "rmse": 0.07808613506529485,
        "mae": 0.058630155133380366,
        "r2": 0.8475578926353069
      },
      "id": {
        "mse": 0.005849029209894984,
        "rmse": 0.07647894618713691,
        "mae": 0.057997709210680794,
        "r2": 0.8690165908043883
      },
      "ja": {
        "mse": 0.005511005479253969,
        "rmse": 0.0742361467160976,
        "mae": 0.05791484096209713,
        "r2": 0.7883633116303184
      },
      "ko": {
        "mse": 0.009248953712126954,
        "rmse": 0.09617148076289017,
        "mae": 0.07043748429833117,
        "r2": 0.7299252238677321
      },
      "ru": {
        "mse": 0.004556241794348373,
        "rmse": 0.06749993921736798,
        "mae": 0.05146040239851148,
        "r2": 0.8069270879242699
      }
    },
    "val": {
      "ar": {
        "mse": 0.02512977464340297,
        "rmse": 0.15852373526826502,
        "mae": 0.12391882288132802,
        "r2": 0.2690949910796673
      },
      "en": {
        "mse": 0.017763171195159768,
        "rmse": 0.13327854739289355,
        "mae": 0.10983528110930645,
        "r2": 0.31920135781164016
      },
      "fi": {
        "mse": 0.020243601055648597,
        "rmse": 0.14228000933247298,
        "mae": 0.10769920419204917,
        "r2": 0.42940835216536544
      },
      "id": {
        "mse": 0.022861755611243914,
        "rmse": 0.1512010436843738,
        "mae": 0.10384431004293242,
        "r2": 0.5401309746570004
      },
      "ja": {
        "mse": 0.020332515982829674,
        "rmse": 0.14259213156001868,
        "mae": 0.1102065588808198,
        "r2": 0.24691743514793218
      },
      "ko": {
        "mse": 0.027694434216358317,
        "rmse": 0.1664164481544968,
        "mae": 0.12591052555721916,
        "r2": 0.3335410956381816
      },
      "ru": {
        "mse": 0.03444732209326487,
        "rmse": 0.1855998978805346,
        "mae": 0.13230508690779896,
        "r2": 0.21531909604217325
      }
    },
    "test": {
      "ar": {
        "mse": 0.06782555953271939,
        "rmse": 0.2604334070980898,
        "mae": 0.1999053876570733,
        "r2": -0.1687926730707403
      },
      "en": {
        "mse": 0.024104154742659874,
        "rmse": 0.15525512791099647,
        "mae": 0.12543276351559146,
        "r2": 0.1575624272625259
      },
      "fi": {
        "mse": 0.05823666777303578,
        "rmse": 0.24132274607470341,
        "mae": 0.19207401463883098,
        "r2": -0.3022481837409594
      },
      "id": {
        "mse": 0.03787304089927817,
        "rmse": 0.1946099712226436,
        "mae": 0.15585909903784742,
        "r2": 0.07444620216374465
      },
      "ja": {
        "mse": 0.07708735849339947,
        "rmse": 0.27764610296814807,
        "mae": 0.2221533746599498,
        "r2": -0.4711219200661261
      },
      "ko": {
        "mse": 0.059231456420608605,
        "rmse": 0.2433751351732724,
        "mae": 0.2044377995387394,
        "r2": -0.48172963140850245
      },
      "ru": {
        "mse": 0.043095080358670594,
        "rmse": 0.20759354604291191,
        "mae": 0.16391935910511085,
        "r2": -0.07201941982695237
      }
    }
  },
  "feature_importances": null,
  "task": "complexity",
  "languages": [
    "all"
  ],
  "control_index": null,
  "submetric": "lexical_density"
}