{
  "en": {
    "train_time": 49.55352449417114,
    "train_metrics": {
      "loss": 0.01093578333966434,
      "mse": 0.010866298340260983,
      "rmse": 0.1042415384588168,
      "r2": 0.5696932077407837
    },
    "val_metrics": {
      "loss": 0.013390970975160598,
      "mse": 0.014116697944700718,
      "rmse": 0.11881371109724971,
      "r2": 0.6021386384963989
    },
    "test_metrics": {
      "loss": 0.010237426097903932,
      "mse": 0.010308115743100643,
      "rmse": 0.10152889117438761,
      "r2": 0.6353526711463928
    },
    "language": "en",
    "task": "single_submetric",
    "task_type": "regression",
    "model_type": "lm_probe",
    "is_control": false,
    "control_index": null,
    "submetric": "avg_max_depth"
  }
}