{"dev_confusion_matrix":{"size":25975,"path":"media/images/dev_confusion_matrix_2_d3e6bac1842d8eb40093.png","format":"png","width":800,"height":600,"_type":"image-file","sha256":"d3e6bac1842d8eb40093111972b9d192672adbe9690d77081c1851d8e679ff9c"},"test_confusion_matrix":{"path":"media/images/test_confusion_matrix_4_ae8dd79f6d697df9c901.png","format":"png","width":800,"height":600,"_type":"image-file","sha256":"ae8dd79f6d697df9c901611380f991efc934b2fbfd8a5a4923600660b4b03c01","size":26951},"test_precision":0.4756756756756757,"test_accuracy":0.4853963838664812,"dev_f1":0.4861111111111111,"test_recall":0.5,"dev_recall":0.481651376146789,"test_f1":0.48753462603878117,"dev_precision":0.49065420560747663,"_wandb":{"runtime":212},"_runtime":212.418094076,"_step":4,"dev_accuracy":0.4965986394557823,"_timestamp":1.742904223875822e+09,"training_time":207.69265222549438}