{
  "train_time": 48.505112409591675,
  "train_metrics": {
    "loss": 0.021848434377461673,
    "mse": 0.02186848782002926,
    "rmse": 0.1478799777523288,
    "r2": 0.18488365411758423
  },
  "val_metrics": {
    "loss": 0.03582490757107735,
    "mse": 0.03637943044304848,
    "rmse": 0.190733925778946,
    "r2": 0.1307436227798462
  },
  "test_metrics": {
    "loss": 0.17479672389371054,
    "mse": 0.17435850203037262,
    "rmse": 0.41756257259286617,
    "r2": -3.4102344512939453
  }
}