{
  "model_type": "Ridge",
  "training_time": 0.11862993240356445,
  "train_metrics": {
    "mse": 0.018059843657335872,
    "rmse": 0.13438691773136205,
    "mae": 0.10626197734871716,
    "r2": 0.6439309116604285
  },
  "val_metrics": {
    "mse": 0.04318960533984874,
    "rmse": 0.2078210897379011,
    "mae": 0.16474679529437275,
    "r2": 0.14484421543483128
  },
  "test_metrics": {
    "mse": 0.06245266890792159,
    "rmse": 0.24990531988719566,
    "mae": 0.19891664702716177,
    "r2": -0.41586267416248757
  },
  "per_language_metrics": {
    "train": {
      "ar": {
        "mse": 0.02353775126893489,
        "rmse": 0.15342017881926384,
        "mae": 0.12024432504112517,
        "r2": 0.45248971302635455
      },
      "en": {
        "mse": 0.014158298435962375,
        "rmse": 0.11898864834916974,
        "mae": 0.09708494296338484,
        "r2": 0.4815705455206106
      },
      "fi": {
        "mse": 0.01996783888723937,
        "rmse": 0.14130760378422447,
        "mae": 0.1117599183374726,
        "r2": 0.5007843950423139
      },
      "id": {
        "mse": 0.022788485133672518,
        "rmse": 0.15095855435738817,
        "mae": 0.12074363431484864,
        "r2": 0.48967369351442613
      },
      "ja": {
        "mse": 0.016669492889970508,
        "rmse": 0.1291103903253743,
        "mae": 0.10371877744853332,
        "r2": 0.3598488904945012
      },
      "ko": {
        "mse": 0.019439772937444144,
        "rmse": 0.13942658619303616,
        "mae": 0.11202938826466229,
        "r2": 0.43234743220106575
      },
      "ru": {
        "mse": 0.012234957215215688,
        "rmse": 0.11061174085609397,
        "mae": 0.08566556463544538,
        "r2": 0.4815378714988716
      }
    },
    "val": {
      "ar": {
        "mse": 0.03742903015956127,
        "rmse": 0.1934658371898286,
        "mae": 0.15158475700167523,
        "r2": -0.0886315540372451
      },
      "en": {
        "mse": 0.027438341102985223,
        "rmse": 0.16564522662300057,
        "mae": 0.13203151173507477,
        "r2": -0.05161320360991928
      },
      "fi": {
        "mse": 0.03883475396215069,
        "rmse": 0.19706535454551796,
        "mae": 0.15691965302527092,
        "r2": -0.09460694249026269
      },
      "id": {
        "mse": 0.06805801086569477,
        "rmse": 0.2608793032528544,
        "mae": 0.2145045202027387,
        "r2": -0.36900121127169205
      },
      "ja": {
        "mse": 0.03486929393380491,
        "rmse": 0.186733215936011,
        "mae": 0.15090667345013323,
        "r2": -0.29150063535796256
      },
      "ko": {
        "mse": 0.037617660006651996,
        "rmse": 0.19395272621608595,
        "mae": 0.15834048189118016,
        "r2": 0.09474140988660529
      },
      "ru": {
        "mse": 0.05229101034803022,
        "rmse": 0.22867227717419142,
        "mae": 0.17784518474665204,
        "r2": -0.1911450520788942
      }
    },
    "test": {
      "ar": {
        "mse": 0.0701234784240058,
        "rmse": 0.26480838057736356,
        "mae": 0.21220537348986707,
        "r2": -0.20839117814685038
      },
      "en": {
        "mse": 0.027320650377415618,
        "rmse": 0.16528959549050756,
        "mae": 0.13159188930272825,
        "r2": 0.045146256515469885
      },
      "fi": {
        "mse": 0.058141027551295126,
        "rmse": 0.2411245063267007,
        "mae": 0.18927059262021473,
        "r2": -0.30010954309036886
      },
      "id": {
        "mse": 0.07675275159765887,
        "rmse": 0.27704286960262825,
        "mae": 0.22099955492575893,
        "r2": -0.8757089224633616
      },
      "ja": {
        "mse": 0.062260138017586585,
        "rmse": 0.2495198148796736,
        "mae": 0.20873484699492512,
        "r2": -0.18816178909355785
      },
      "ko": {
        "mse": 0.08069553489006678,
        "rmse": 0.2840695951524323,
        "mae": 0.231878734919234,
        "r2": -1.0186733940813344
      },
      "ru": {
        "mse": 0.06414483929746552,
        "rmse": 0.2532683148312586,
        "mae": 0.20332876941639533,
        "r2": -0.595646482991808
      }
    }
  },
  "feature_importances": null
}