{
  "train_time": 80.53640747070312,
  "train_metrics": {
    "loss": 0.027578933636347454,
    "accuracy": 0.9933054393305439,
    "f1": 0.9932659932659933
  },
  "val_metrics": {
    "loss": 0.10537567688152194,
    "accuracy": 0.9523809523809523,
    "f1": 0.9491525423728814
  },
  "test_metrics": {
    "loss": 0.5786604753562382,
    "accuracy": 0.7818181818181819,
    "f1": 0.7551020408163265
  }
}