{
  "ar": {
    "train_time": 34.972365617752075,
    "train_metrics": {
      "loss": 0.030637766722412335,
      "mse": 0.030263887718319893,
      "rmse": 0.17396519111109524,
      "r2": 0.014120936393737793
    },
    "val_metrics": {
      "loss": 0.06507018332680066,
      "mse": 0.06425413489341736,
      "rmse": 0.2534839933672684,
      "r2": 0.009630143642425537
    },
    "test_metrics": {
      "loss": 0.06717851236462594,
      "mse": 0.0665794312953949,
      "rmse": 0.2580299038782034,
      "r2": -0.14779973030090332
    },
    "language": "ar",
    "task": "complexity",
    "task_type": "regression",
    "model_type": "lm_probe",
    "is_control": true,
    "control_index": 2
  }
}