{
  "model_type": "DummyRegressor",
  "training_time": 0.0005638599395751953,
  "train_metrics": {
    "mse": 0.02545672096312046,
    "rmse": 0.1595516247586356,
    "mae": 0.11675765365362167,
    "r2": 0.0
  },
  "val_metrics": {
    "mse": 0.03906787931919098,
    "rmse": 0.19765596201276342,
    "mae": 0.14841189980506897,
    "r2": -0.03109908103942871
  },
  "test_metrics": {
    "mse": 0.04171827808022499,
    "rmse": 0.2042505277354871,
    "mae": 0.15125112235546112,
    "r2": -0.013928771018981934
  },
  "per_language_metrics": {
    "train": {
      "ar": {
        "mse": 0.021263327449560165,
        "rmse": 0.1458195029807747,
        "mae": 0.11069700866937637,
        "r2": -1.1920928955078125e-07
      },
      "en": {
        "mse": 0.0254450011998415,
        "rmse": 0.15951489334805544,
        "mae": 0.10874845832586288,
        "r2": -0.0076253414154052734
      },
      "fi": {
        "mse": 0.03394745662808418,
        "rmse": 0.1842483558354977,
        "mae": 0.14199289679527283,
        "r2": -0.09481549263000488
      },
      "id": {
        "mse": 0.029574044048786163,
        "rmse": 0.1719710558459945,
        "mae": 0.11184940487146378,
        "r2": -0.02889430522918701
      },
      "ja": {
        "mse": 0.01857032999396324,
        "rmse": 0.13627299803689372,
        "mae": 0.10526702553033829,
        "r2": -0.08656895160675049
      },
      "ko": {
        "mse": 0.029793506488204002,
        "rmse": 0.1726079560397029,
        "mae": 0.13261710107326508,
        "r2": -0.0200655460357666
      },
      "ru": {
        "mse": 0.021360276266932487,
        "rmse": 0.1461515523931665,
        "mae": 0.11011514067649841,
        "r2": -0.0016776323318481445
      }
    },
    "val": {
      "ar": {
        "mse": 0.037694040685892105,
        "rmse": 0.1941495317684081,
        "mae": 0.1415909081697464,
        "r2": -0.0015521049499511719
      },
      "en": {
        "mse": 0.038995131850242615,
        "rmse": 0.19747185077940252,
        "mae": 0.13774007558822632,
        "r2": -0.09902870655059814
      },
      "fi": {
        "mse": 0.04568013921380043,
        "rmse": 0.21372912579665043,
        "mae": 0.17837707698345184,
        "r2": -2.956390380859375e-05
      },
      "id": {
        "mse": 0.04620017483830452,
        "rmse": 0.2149422593123663,
        "mae": 0.15223562717437744,
        "r2": -0.13405907154083252
      },
      "ja": {
        "mse": 0.03137674555182457,
        "rmse": 0.177134823091973,
        "mae": 0.11943808943033218,
        "r2": -0.07491517066955566
      },
      "ko": {
        "mse": 0.03350944072008133,
        "rmse": 0.18305584044242162,
        "mae": 0.14862053096294403,
        "r2": -0.00020778179168701172
      },
      "ru": {
        "mse": 0.03753437474370003,
        "rmse": 0.19373790218669146,
        "mae": 0.1515112966299057,
        "r2": -0.04194951057434082
      }
    },
    "test": {
      "ar": {
        "mse": 0.0522785559296608,
        "rmse": 0.22864504352743095,
        "mae": 0.17668510973453522,
        "r2": -0.05997908115386963
      },
      "en": {
        "mse": 0.02899855189025402,
        "rmse": 0.17028961180956995,
        "mae": 0.12046314030885696,
        "r2": -0.025817394256591797
      },
      "fi": {
        "mse": 0.03526958450675011,
        "rmse": 0.1878019821693853,
        "mae": 0.1552915871143341,
        "r2": -0.15664136409759521
      },
      "id": {
        "mse": 0.032611001282930374,
        "rmse": 0.18058516351829784,
        "mae": 0.1373499482870102,
        "r2": -0.012255072593688965
      },
      "ja": {
        "mse": 0.09446953982114792,
        "rmse": 0.30735897550120106,
        "mae": 0.22445429861545563,
        "r2": -0.39561259746551514
      },
      "ko": {
        "mse": 0.0354413166642189,
        "rmse": 0.18825864300004636,
        "mae": 0.14663806557655334,
        "r2": -0.01507556438446045
      },
      "ru": {
        "mse": 0.024759501218795776,
        "rmse": 0.15735152118360907,
        "mae": 0.11748456954956055,
        "r2": -0.015075325965881348
      }
    }
  },
  "feature_importances": null,
  "task": "complexity",
  "languages": [
    "all"
  ],
  "control_index": null,
  "submetric": "avg_max_depth"
}