{
  "id": {
    "train_time": 52.261547803878784,
    "train_metrics": {
      "loss": 0.010074546490795911,
      "mse": 0.01009783148765564,
      "rmse": 0.1004879668798988,
      "r2": 0.4472089409828186
    },
    "val_metrics": {
      "loss": 0.022963836789131165,
      "mse": 0.01986413262784481,
      "rmse": 0.14094017393151184,
      "r2": 0.46170109510421753
    },
    "test_metrics": {
      "loss": 0.019407888342227255,
      "mse": 0.019403599202632904,
      "rmse": 0.1392968025571043,
      "r2": 0.12599575519561768
    },
    "language": "id",
    "task": "single_submetric",
    "task_type": "regression",
    "model_type": "lm_probe",
    "is_control": false,
    "control_index": null,
    "submetric": "avg_links_len"
  }
}