{
  "train_time": 42.15696859359741,
  "train_metrics": {
    "loss": 0.03079265682026744,
    "mse": 0.030865224078297615,
    "rmse": 0.17568501381249801,
    "r2": 0.03605306148529053
  },
  "val_metrics": {
    "loss": 0.034682029485702516,
    "mse": 0.03437984734773636,
    "rmse": 0.18541803404128834,
    "r2": -0.03436875343322754
  },
  "test_metrics": {
    "loss": 0.03840019394244466,
    "mse": 0.038353096693754196,
    "rmse": 0.19583946663978177,
    "r2": -0.2983238697052002
  },
  "language": "id",
  "task": "single_submetric",
  "task_type": "regression",
  "model_type": "lm_probe",
  "is_control": true,
  "control_index": 2,
  "submetric": "n_tokens"
}