{
  "model_type": "XGBRegressor",
  "training_time": 168.10260343551636,
  "train_metrics": {
    "mse": 0.024205148220062256,
    "rmse": 0.15558003798708323,
    "mae": 0.12560538947582245,
    "r2": 0.5227696895599365
  },
  "val_metrics": {
    "mse": 0.041453734040260315,
    "rmse": 0.20360190087585212,
    "mae": 0.1613309383392334,
    "r2": 0.17921453714370728
  },
  "test_metrics": {
    "mse": 0.061648618429899216,
    "rmse": 0.24829139821971122,
    "mae": 0.19883501529693604,
    "r2": -0.39763402938842773
  },
  "per_language_metrics": {
    "train": {
      "ar": {
        "mse": 0.028566088527441025,
        "rmse": 0.16901505414441942,
        "mae": 0.13846270740032196,
        "r2": 0.33552587032318115
      },
      "en": {
        "mse": 0.020623167976737022,
        "rmse": 0.1436076877355005,
        "mae": 0.11872494965791702,
        "r2": 0.24484854936599731
      },
      "fi": {
        "mse": 0.029663896188139915,
        "rmse": 0.17223209976116508,
        "mae": 0.13759975135326385,
        "r2": 0.2583733797073364
      },
      "id": {
        "mse": 0.03249172866344452,
        "rmse": 0.18025462175335344,
        "mae": 0.14461475610733032,
        "r2": 0.2723788022994995
      },
      "ja": {
        "mse": 0.019921088591217995,
        "rmse": 0.14114208653416596,
        "mae": 0.11472202092409134,
        "r2": 0.23497933149337769
      },
      "ko": {
        "mse": 0.020417429506778717,
        "rmse": 0.14288957102174643,
        "mae": 0.12262415140867233,
        "r2": 0.40379929542541504
      },
      "ru": {
        "mse": 0.018680376932024956,
        "rmse": 0.13667617543677812,
        "mae": 0.10726822912693024,
        "r2": 0.2084100842475891
      }
    },
    "val": {
      "ar": {
        "mse": 0.036178216338157654,
        "rmse": 0.19020572109733622,
        "mae": 0.14902473986148834,
        "r2": -0.052251338958740234
      },
      "en": {
        "mse": 0.027839861810207367,
        "rmse": 0.166852814810561,
        "mae": 0.1312609314918518,
        "r2": -0.06700217723846436
      },
      "fi": {
        "mse": 0.03659064322710037,
        "rmse": 0.191286808816239,
        "mae": 0.14661699533462524,
        "r2": -0.03135371208190918
      },
      "id": {
        "mse": 0.0648258775472641,
        "rmse": 0.2546092644568616,
        "mae": 0.20578373968601227,
        "r2": -0.3039863109588623
      },
      "ja": {
        "mse": 0.03606120124459267,
        "rmse": 0.1898978705636076,
        "mae": 0.15539045631885529,
        "r2": -0.3356468677520752
      },
      "ko": {
        "mse": 0.03710564598441124,
        "rmse": 0.1926282585302874,
        "mae": 0.16284812986850739,
        "r2": 0.10706275701522827
      },
      "ru": {
        "mse": 0.046967919915914536,
        "rmse": 0.2167208340605825,
        "mae": 0.16962142288684845,
        "r2": -0.06988954544067383
      }
    },
    "test": {
      "ar": {
        "mse": 0.06891871988773346,
        "rmse": 0.2625237510926077,
        "mae": 0.20958971977233887,
        "r2": -0.18763041496276855
      },
      "en": {
        "mse": 0.031151432543992996,
        "rmse": 0.17649768424541154,
        "mae": 0.13694296777248383,
        "r2": -0.08873915672302246
      },
      "fi": {
        "mse": 0.05691857635974884,
        "rmse": 0.23857614373559827,
        "mae": 0.1896028071641922,
        "r2": -0.2727738618850708
      },
      "id": {
        "mse": 0.07359842211008072,
        "rmse": 0.2712902912197204,
        "mae": 0.22118762135505676,
        "r2": -0.7986224889755249
      },
      "ja": {
        "mse": 0.06443901360034943,
        "rmse": 0.2538484067319498,
        "mae": 0.21296405792236328,
        "r2": -0.22974300384521484
      },
      "ko": {
        "mse": 0.07937687635421753,
        "rmse": 0.28173902171019466,
        "mae": 0.23321056365966797,
        "r2": -0.9856864213943481
      },
      "ru": {
        "mse": 0.05977489799261093,
        "rmse": 0.24448905495463583,
        "mae": 0.19388580322265625,
        "r2": -0.4869410991668701
      }
    }
  },