{
  "ja": {
    "train_time": 46.38640332221985,
    "train_metrics": {
      "loss": 0.005072941969459255,
      "mse": 0.00507926382124424,
      "rmse": 0.07126895411919723,
      "r2": 0.4539434313774109
    },
    "val_metrics": {
      "loss": 0.010470842942595482,
      "mse": 0.010737860575318336,
      "rmse": 0.10362364872613943,
      "r2": 0.397688627243042
    },
    "test_metrics": {
      "loss": 0.07645709160715342,
      "mse": 0.07544690370559692,
      "rmse": 0.2746759976874516,
      "r2": -0.7744252681732178
    },
    "language": "ja",
    "task": "single_submetric",
    "task_type": "regression",
    "model_type": "lm_probe",
    "is_control": false,
    "control_index": null,
    "submetric": "avg_links_len"
  }
}