{
  "ru": {
    "train_time": 31.74475073814392,
    "train_metrics": {
      "loss": 0.020815813951194286,
      "mse": 0.020864365622401237,
      "rmse": 0.14444502629859304,
      "r2": -0.04650437831878662
    },
    "val_metrics": {
      "loss": 0.056541936844587325,
      "mse": 0.053404953330755234,
      "rmse": 0.23109511749657377,
      "r2": -0.14802074432373047
    },
    "test_metrics": {
      "loss": 0.049569983301418166,
      "mse": 0.0493890605866909,
      "rmse": 0.22223649697268652,
      "r2": -0.24924969673156738
    },
    "language": "ru",
    "task": "complexity",
    "task_type": "regression",
    "model_type": "lm_probe",
    "is_control": true,
    "control_index": 1
  }
}