{
  "train_time": 65.23965740203857,
  "train_metrics": {
    "loss": 0.028027841293563446,
    "mse": 0.02795599214732647,
    "rmse": 0.1672004549854051,
    "r2": 0.22958099842071533
  },
  "val_metrics": {
    "loss": 0.022024256736040117,
    "mse": 0.020459331572055817,
    "rmse": 0.14303611981613532,
    "r2": 0.5106495022773743
  },
  "test_metrics": {
    "loss": 0.07756516772011916,
    "mse": 0.0786459669470787,
    "rmse": 0.2804388827304065,
    "r2": -0.5107213258743286
  }
}