{
  "train_time": 46.43673777580261,
  "train_metrics": {
    "loss": 0.029105364996939897,
    "mse": 0.029125694185495377,
    "rmse": 0.1706625154669161,
    "r2": -0.013296008110046387
  },
  "val_metrics": {
    "loss": 0.0480798251926899,
    "mse": 0.04583783820271492,
    "rmse": 0.21409773049407815,
    "r2": -0.12516486644744873
  },
  "test_metrics": {
    "loss": 0.0384253662611757,
    "mse": 0.038663409650325775,
    "rmse": 0.1966301341359604,
    "r2": -0.20012354850769043
  },
  "language": "id",
  "task": "single_submetric",
  "task_type": "regression",
  "model_type": "lm_probe",
  "is_control": true,
  "control_index": 3,
  "submetric": "avg_max_depth"
}