{
  "train_time": 42.86659502983093,
  "train_metrics": {
    "loss": 0.044310592114925385,
    "mse": 0.04437347874045372,
    "rmse": 0.21065013349260836,
    "r2": 0.006298482418060303
  },
  "val_metrics": {
    "loss": 0.051395265758037566,
    "mse": 0.053261373192071915,
    "rmse": 0.23078425681157697,
    "r2": -0.07136380672454834
  },
  "test_metrics": {
    "loss": 0.054493283586842675,
    "mse": 0.05491508170962334,
    "rmse": 0.23433967165126637,
    "r2": -0.34203290939331055
  },
  "language": "id",
  "task": "single_submetric",
  "task_type": "regression",
  "model_type": "lm_probe",
  "is_control": true,
  "control_index": 2,
  "submetric": "lexical_density"
}