{
  "en": {
    "train_time": 63.856871366500854,
    "train_metrics": {
      "loss": 0.029858071555693946,
      "mse": 0.0299364160746336,
      "rmse": 0.17302143241411913,
      "r2": -0.11583685874938965
    },
    "val_metrics": {
      "loss": 0.0377844475209713,
      "mse": 0.03836880251765251,
      "rmse": 0.19587956125551362,
      "r2": 0.08320927619934082
    },
    "test_metrics": {
      "loss": 0.03967418574861118,
      "mse": 0.0396714024245739,
      "rmse": 0.19917681196508266,
      "r2": -0.029393672943115234
    },
    "language": "en",
    "task": "complexity",
    "task_type": "regression",
    "model_type": "lm_probe",
    "is_control": true,
    "control_index": 2
  }
}