{
  "id": {
    "train_time": 33.82774257659912,
    "train_metrics": {
      "loss": 0.03562903149674336,
      "mse": 0.03555561602115631,
      "rmse": 0.1885619686499807,
      "r2": 0.02014833688735962
    },
    "val_metrics": {
      "loss": 0.061120246350765225,
      "mse": 0.05922378972172737,
      "rmse": 0.24335938387850872,
      "r2": -0.41652679443359375
    },
    "test_metrics": {
      "loss": 0.048523539145077975,
      "mse": 0.048590149730443954,
      "rmse": 0.22043173485331904,
      "r2": -0.19169127941131592
    },
    "language": "id",
    "task": "complexity",
    "task_type": "regression",
    "model_type": "lm_probe",
    "is_control": true,
    "control_index": 1
  }
}