{
  "train_time": 22.58402967453003,
  "train_metrics": {
    "loss": 0.04495063628225277,
    "mse": 0.04489176347851753,
    "rmse": 0.21187676483870885,
    "r2": -0.005308032035827637
  },
  "val_metrics": {
    "loss": 0.0484069399535656,
    "mse": 0.05036325380206108,
    "rmse": 0.2244175879962644,
    "r2": -0.013067483901977539
  },
  "test_metrics": {
    "loss": 0.04938627566610064,
    "mse": 0.04977940768003464,
    "rmse": 0.22311299307757637,
    "r2": -0.21652555465698242
  },
  "language": "id",
  "task": "single_submetric",
  "task_type": "regression",
  "model_type": "lm_probe",
  "is_control": true,
  "control_index": 2,
  "submetric": "lexical_density"
}