{
  "train_time": 65.32953715324402,
  "train_metrics": {
    "loss": 0.028027841293563446,
    "mse": 0.02795599214732647,
    "rmse": 0.1672004549854051,
    "r2": 0.22958099842071533
  },
  "val_metrics": {
    "loss": 0.022024256736040117,
    "mse": 0.020459331572055817,
    "rmse": 0.14303611981613532,
    "r2": 0.5106495022773743
  },
  "test_metrics": {
    "loss": 0.04358736212764468,
    "mse": 0.043710850179195404,
    "rmse": 0.20907139971597122,
    "r2": -0.35722994804382324
  },
  "train_language": "id",
  "eval_language": "ko",
  "task": "complexity",
  "task_type": "regression",
  "model_type": "lm_probe"
}