{
  "ar": {
    "train_time": 34.73419165611267,
    "train_metrics": {
      "loss": 0.029530902511425434,
      "mse": 0.029761090874671936,
      "rmse": 0.1725140309501576,
      "r2": 0.03050011396408081
    },
    "val_metrics": {
      "loss": 0.06819756453235944,
      "mse": 0.0676078349351883,
      "rmse": 0.26001506674650277,
      "r2": -0.042061567306518555
    },
    "test_metrics": {
      "loss": 0.0679196447134018,
      "mse": 0.06756182760000229,
      "rmse": 0.2599265811724578,
      "r2": -0.1647357940673828
    },
    "language": "ar",
    "task": "complexity",
    "task_type": "regression",
    "model_type": "lm_probe",
    "is_control": true,
    "control_index": 1
  }
}