{
  "fi": {
    "train_time": 79.27219676971436,
    "train_metrics": {
      "loss": 0.020025391007463138,
      "mse": 0.02003883756697178,
      "rmse": 0.14155860117623295,
      "r2": 0.008373379707336426
    },
    "val_metrics": {
      "loss": 0.08271481283009052,
      "mse": 0.08262839168310165,
      "rmse": 0.28745154667022,
      "r2": -0.260337233543396
    },
    "test_metrics": {
      "loss": 0.03813638484903744,
      "mse": 0.03835185989737511,
      "rmse": 0.19583630893523066,
      "r2": 0.0287473201751709
    },
    "language": "fi",
    "task": "complexity",
    "task_type": "regression",
    "model_type": "lm_probe",
    "is_control": true,
    "control_index": 3
  }
}