{
  "ru": {
    "train_time": 56.86413049697876,
    "train_metrics": {
      "loss": 0.6710967135429382,
      "accuracy": 0.6289782244556114,
      "f1": 0.6083112290008842
    },
    "val_metrics": {
      "loss": 0.6939903497695923,
      "accuracy": 0.4583333333333333,
      "f1": 0.3157894736842105
    },
    "test_metrics": {
      "loss": 0.6865379554884774,
      "accuracy": 0.5272727272727272,
      "f1": 0.44680851063829785
    },
    "language": "ru",
    "task": "question_type",
    "task_type": "classification",
    "model_type": "lm_probe",
    "is_control": true,
    "control_index": 3
  }
}