{
  "ja": {
    "train_time": 63.96639966964722,
    "train_metrics": {
      "loss": 0.016684954722101488,
      "mse": 0.016715412959456444,
      "rmse": 0.1292881006104446,
      "r2": 0.021964192390441895
    },
    "val_metrics": {
      "loss": 0.029696560154358547,
      "mse": 0.028920870274305344,
      "rmse": 0.1700613720816851,
      "r2": 0.009218990802764893
    },
    "test_metrics": {
      "loss": 0.08239551136891048,
      "mse": 0.08373908698558807,
      "rmse": 0.28937706713834127,
      "r2": -0.23708999156951904
    },
    "language": "ja",
    "task": "single_submetric",
    "task_type": "regression",
    "model_type": "lm_probe",
    "is_control": true,
    "control_index": 1,
    "submetric": "avg_max_depth"
  }
}