{
  "train_time": 21.839336395263672,
  "train_metrics": {
    "loss": 0.024566513803252515,
    "mse": 0.02490483783185482,
    "rmse": 0.15781266689291712,
    "r2": -0.11873841285705566
  },
  "val_metrics": {
    "loss": 0.04998113587498665,
    "mse": 0.0517413429915905,
    "rmse": 0.2274672349847127,
    "r2": -0.09828794002532959
  },
  "test_metrics": {
    "loss": 0.034486213965075355,
    "mse": 0.03454792872071266,
    "rmse": 0.1858707312104643,
    "r2": -0.07271945476531982
  },
  "language": "ko",
  "task": "complexity",
  "task_type": "regression",
  "model_type": "lm_probe",
  "is_control": true,
  "control_index": 2
}