{
  "ja": {
    "train_time": 48.90513491630554,
    "train_metrics": {
      "loss": 0.017701605170344314,
      "mse": 0.017779191955924034,
      "rmse": 0.13333863639592253,
      "r2": 0.7242774367332458
    },
    "val_metrics": {
      "loss": 0.023468443502982456,
      "mse": 0.023366279900074005,
      "rmse": 0.15286032807786984,
      "r2": 0.598839282989502
    },
    "test_metrics": {
      "loss": 0.04808692820370197,
      "mse": 0.048159293830394745,
      "rmse": 0.2194522586586767,
      "r2": 0.34551382064819336
    },
    "language": "ja",
    "task": "single_submetric",
    "task_type": "regression",
    "model_type": "lm_probe",
    "is_control": false,
    "control_index": null,
    "submetric": "avg_subordinate_chain_len"
  }
}