{
  "ru": {
    "train_time": 51.77068209648132,
    "train_metrics": {
      "loss": 0.014726326701541741,
      "mse": 0.014700246043503284,
      "rmse": 0.12124457119188176,
      "r2": -0.0090559720993042
    },
    "val_metrics": {
      "loss": 0.02058677114546299,
      "mse": 0.020245419815182686,
      "rmse": 0.14228640066845,
      "r2": -0.028622031211853027
    },
    "test_metrics": {
      "loss": 0.010777839725571019,
      "mse": 0.010898244567215443,
      "rmse": 0.1043946577522789,
      "r2": 0.04195302724838257
    },
    "language": "ru",
    "task": "single_submetric",
    "task_type": "regression",
    "model_type": "lm_probe",
    "is_control": true,
    "control_index": 1,
    "submetric": "n_tokens"
  }
}