{
  "ko": {
    "train_time": 27.296973943710327,
    "train_metrics": {
      "loss": 0.022654631571408283,
      "mse": 0.02224881947040558,
      "rmse": 0.1491603817050814,
      "r2": 0.0005713701248168945
    },
    "val_metrics": {
      "loss": 0.05186626389622688,
      "mse": 0.05441460758447647,
      "rmse": 0.2332693884427969,
      "r2": -0.15503203868865967
    },
    "test_metrics": {
      "loss": 0.0358500781336001,
      "mse": 0.03590935841202736,
      "rmse": 0.18949764751053602,
      "r2": -0.11499214172363281
    },
    "language": "ko",
    "task": "complexity",
    "task_type": "regression",
    "model_type": "lm_probe",
    "is_control": true,
    "control_index": 3
  }
}