{
  "train_time": 56.10162162780762,
  "train_metrics": {
    "loss": 0.010010725204297837,
    "mse": 0.00999073963612318,
    "rmse": 0.09995368745635741,
    "r2": -0.008207440376281738
  },
  "val_metrics": {
    "loss": 0.04592890525236726,
    "mse": 0.050354473292827606,
    "rmse": 0.22439802426230854,
    "r2": -0.1684553623199463
  },
  "test_metrics": {
    "loss": 0.07326378407222885,
    "mse": 0.07266271859407425,
    "rmse": 0.2695602318482351,
    "r2": -0.7424873113632202
  },
  "language": "ko",
  "task": "single_submetric",
  "task_type": "regression",
  "model_type": "lm_probe",
  "is_control": true,
  "control_index": 2,
  "submetric": "n_tokens"
}