{
  "train_time": 54.81186604499817,
  "train_metrics": {
    "loss": 0.04159602257324026,
    "accuracy": 0.9972936400541272,
    "f1": 0.9970588235294118
  },
  "val_metrics": {
    "loss": 0.14360330924391745,
    "accuracy": 0.9444444444444444,
    "f1": 0.9444444444444444
  },
  "test_metrics": {
    "loss": 1.1958653926849365,
    "accuracy": 0.6233766233766234,
    "f1": 0.6027397260273972
  }
}