{
  "train_time": 69.05948233604431,
  "train_metrics": {
    "loss": 0.0077451741773753415,
    "mse": 0.007818627171218395,
    "rmse": 0.08842300136965718,
    "r2": 0.7452996969223022
  },
  "val_metrics": {
    "loss": 0.027995642895499866,
    "mse": 0.02759411372244358,
    "rmse": 0.1661147607000762,
    "r2": 0.5746829509735107
  },
  "test_metrics": {
    "loss": 0.10547686900411334,
    "mse": 0.10586108267307281,
    "rmse": 0.3253630013893295,
    "r2": -1.5962820053100586
  },
  "train_language": "ar",
  "eval_language": "id",
  "task": "complexity",
  "task_type": "regression",
  "model_type": "lm_probe"
}