{
  "train_time": 32.56301426887512,
  "train_metrics": {
    "loss": 0.04367985798666874,
    "mse": 0.04365392401814461,
    "rmse": 0.20893521488285455,
    "r2": -0.0895683765411377
  },
  "val_metrics": {
    "loss": 0.06092730909585953,
    "mse": 0.0613064207136631,
    "rmse": 0.24760133423239686,
    "r2": 0.0008325576782226562
  },
  "test_metrics": {
    "loss": 0.054090192541480064,
    "mse": 0.05428118631243706,
    "rmse": 0.23298323182674985,
    "r2": -0.042694926261901855
  },
  "language": "ja",
  "task": "complexity",
  "task_type": "regression",
  "model_type": "lm_probe",
  "is_control": true,
  "control_index": 1
}