{
  "train": {
    "ar": {
      "accuracy": 0.807035175879397,
      "f1": 0.8064516129032258
    },
    "en": {
      "accuracy": 0.837248322147651,
      "f1": 0.8327586206896552
    },
    "fi": {
      "accuracy": 0.8359832635983263,
      "f1": 0.8361204013377926
    },
    "id": {
      "accuracy": 0.8186582809224319,
      "f1": 0.8004613610149942
    },
    "ja": {
      "accuracy": 0.7758186397984886,
      "f1": 0.7776852622814321
    },
    "ko": {
      "accuracy": 0.8064952638700947,
      "f1": 0.7636363636363637
    },
    "ru": {
      "accuracy": 0.8299832495812395,
      "f1": 0.8298407376362112
    }
  },
  "val": {
    "ar": {
      "accuracy": 0.5,
      "f1": 0.45
    },
    "en": {
      "accuracy": 0.5416666666666666,
      "f1": 0.5074626865671642
    },
    "fi": {
      "accuracy": 0.4444444444444444,
      "f1": 0.38596491228070173
    },
    "id": {
      "accuracy": 0.4722222222222222,
      "f1": 0.3870967741935484
    },
    "ja": {
      "accuracy": 0.5434782608695652,
      "f1": 0.5531914893617021
    },
    "ko": {
      "accuracy": 0.6527777777777778,
      "f1": 0.5614035087719298
    },
    "ru": {
      "accuracy": 0.4444444444444444,
      "f1": 0.4117647058823529
    }
  },
  "test": {
    "ar": {
      "accuracy": 0.5194805194805194,
      "f1": 0.39344262295081966
    },
    "en": {
      "accuracy": 0.509090909090909,
      "f1": 0.4807692307692308
    },
    "fi": {
      "accuracy": 0.4727272727272727,
      "f1": 0.4528301886792453
    },
    "id": {
      "accuracy": 0.45454545454545453,
      "f1": 0.3877551020408163
    },
    "ja": {
      "accuracy": 0.5217391304347826,
      "f1": 0.5769230769230769
    },
    "ko": {
      "accuracy": 0.5454545454545454,
      "f1": 0.4186046511627907
    },
    "ru": {
      "accuracy": 0.38181818181818183,
      "f1": 0.32
    }
  }
}