{
  "en": {
    "train_time": 46.33002042770386,
    "train_metrics": {
      "loss": 0.018374000849823158,
      "accuracy": 0.99748322147651,
      "f1": 0.9974895397489539
    },
    "val_metrics": {
      "loss": 0.16636474058032036,
      "accuracy": 0.9444444444444444,
      "f1": 0.9473684210526315
    },
    "test_metrics": {
      "loss": 0.22435176745057106,
      "accuracy": 0.9181818181818182,
      "f1": 0.9217391304347826
    },
    "language": "en",
    "task": "question_type",
    "task_type": "classification",
    "model_type": "lm_probe",
    "is_control": false,
    "control_index": null
  }
}