{
  "en": {
    "train_time": 46.20173788070679,
    "train_metrics": {
      "loss": 0.027985650015374026,
      "mse": 0.028099466115236282,
      "rmse": 0.1676289536900958,
      "r2": -0.047367215156555176
    },
    "val_metrics": {
      "loss": 0.041513262689113616,
      "mse": 0.04209599271416664,
      "rmse": 0.20517307989638076,
      "r2": -0.005848884582519531
    },
    "test_metrics": {
      "loss": 0.03969901241362095,
      "mse": 0.03969010338187218,
      "rmse": 0.1992237520524904,
      "r2": -0.029878973960876465
    },
    "language": "en",
    "task": "complexity",
    "task_type": "regression",
    "model_type": "lm_probe",
    "is_control": true,
    "control_index": 1
  }
}