{
  "train_time": 48.69328784942627,
  "train_metrics": {
    "loss": 0.021848434377461673,
    "mse": 0.02186848782002926,
    "rmse": 0.1478799777523288,
    "r2": 0.18488365411758423
  },
  "val_metrics": {
    "loss": 0.03582490757107735,
    "mse": 0.03637943044304848,
    "rmse": 0.190733925778946,
    "r2": 0.1307436227798462
  },
  "test_metrics": {
    "loss": 0.1828540318778583,
    "mse": 0.18261803686618805,
    "rmse": 0.4273383166370505,
    "r2": -4.670323371887207
  }
}