{
  "ru": {
    "train_time": 47.75571060180664,
    "train_metrics": {
      "loss": 0.020405635653684535,
      "mse": 0.020404448732733727,
      "rmse": 0.142844141401507,
      "r2": 0.04314541816711426
    },
    "val_metrics": {
      "loss": 0.04011167697608471,
      "mse": 0.03748084604740143,
      "rmse": 0.19359970570070975,
      "r2": -0.04046356678009033
    },
    "test_metrics": {
      "loss": 0.023251162176685675,
      "mse": 0.023297008126974106,
      "rmse": 0.15263357470417216,
      "r2": 0.044883012771606445
    },
    "language": "ru",
    "task": "single_submetric",
    "task_type": "regression",
    "model_type": "lm_probe",
    "is_control": true,
    "control_index": 3,
    "submetric": "avg_max_depth"
  }
}