{
  "ja": {
    "train_time": 31.711429834365845,
    "train_metrics": {
      "loss": 0.6913531200091044,
      "accuracy": 0.5331654072208228,
      "f1": 0.5794251134644478
    },
    "val_metrics": {
      "loss": 0.6798118750254313,
      "accuracy": 0.6956521739130435,
      "f1": 0.7307692307692307
    },
    "test_metrics": {
      "loss": 0.6863396167755127,
      "accuracy": 0.5652173913043478,
      "f1": 0.6875
    },
    "language": "ja",
    "task": "question_type",
    "task_type": "classification",
    "model_type": "lm_probe",
    "is_control": true,
    "control_index": 2
  }
}