{
  "train_time": 58.61595153808594,
  "train_metrics": {
    "loss": 0.020884658421079318,
    "mse": 0.02096867561340332,
    "rmse": 0.1448056477261965,
    "r2": -0.05173635482788086
  },
  "val_metrics": {
    "loss": 0.053477395325899124,
    "mse": 0.05033054202795029,
    "rmse": 0.22434469467306395,
    "r2": -0.08193159103393555
  },
  "test_metrics": {
    "loss": 0.04656695547912802,
    "mse": 0.046375248581171036,
    "rmse": 0.2153491318328705,
    "r2": -0.173018217086792
  },
  "language": "ru",
  "task": "complexity",
  "task_type": "regression",
  "model_type": "lm_probe",
  "is_control": true,
  "control_index": 2
}