{
  "ko": {
    "train_time": 20.86919593811035,
    "train_metrics": {
      "loss": 0.01136941115243083,
      "mse": 0.011546546593308449,
      "rmse": 0.10745485839788003,
      "r2": -0.16521048545837402
    },
    "val_metrics": {
      "loss": 0.04208913818001747,
      "mse": 0.04579327628016472,
      "rmse": 0.21399363607398403,
      "r2": -0.0626145601272583
    },
    "test_metrics": {
      "loss": 0.06356714080486979,
      "mse": 0.06292653828859329,
      "rmse": 0.25085162604335115,
      "r2": -0.5090090036392212
    },
    "language": "ko",
    "task": "single_submetric",
    "task_type": "regression",
    "model_type": "lm_probe",
    "is_control": true,
    "control_index": 3,
    "submetric": "n_tokens"
  }
}