{
  "train_time": 49.21018958091736,
  "train_metrics": {
    "loss": 0.026644066547354062,
    "mse": 0.026721788570284843,
    "rmse": 0.16346800472962544,
    "r2": 0.0215376615524292
  },
  "val_metrics": {
    "loss": 0.02768362369388342,
    "mse": 0.027176203206181526,
    "rmse": 0.1648520646100058,
    "r2": -0.04156649112701416
  },
  "test_metrics": {
    "loss": 0.02980156402502741,
    "mse": 0.030003728345036507,
    "rmse": 0.1732158432275654,
    "r2": -0.04862701892852783
  },
  "language": "en",
  "task": "single_submetric",
  "task_type": "regression",
  "model_type": "lm_probe",
  "is_control": true,
  "control_index": 1,
  "submetric": "lexical_density"
}