{
  "ru": {
    "train_time": 57.09310579299927,
    "train_metrics": {
      "loss": 0.014172028259684642,
      "mse": 0.014129635877907276,
      "rmse": 0.11886814492498517,
      "r2": -0.03516829013824463
    },
    "val_metrics": {
      "loss": 0.05554355923086405,
      "mse": 0.06034599244594574,
      "rmse": 0.24565421316546912,
      "r2": -0.10975015163421631
    },
    "test_metrics": {
      "loss": 0.04931890166231564,
      "mse": 0.04900222271680832,
      "rmse": 0.2213644567603578,
      "r2": -0.29749250411987305
    },
    "language": "ru",
    "task": "single_submetric",
    "task_type": "regression",
    "model_type": "lm_probe",
    "is_control": true,
    "control_index": 1,
    "submetric": "avg_subordinate_chain_len"
  }
}