{
  "train_time": 31.948945999145508,
  "train_metrics": {
    "loss": 0.023889627680182456,
    "mse": 0.023862633854150772,
    "rmse": 0.15447535031243909,
    "r2": -0.011190533638000488
  },
  "val_metrics": {
    "loss": 0.07039207071065903,
    "mse": 0.06110022962093353,
    "rmse": 0.2471846063591613,
    "r2": -0.3918116092681885
  },
  "test_metrics": {
    "loss": 0.07756029175860542,
    "mse": 0.07708770036697388,
    "rmse": 0.2776467186317423,
    "r2": -0.9176087379455566
  },
  "language": "ru",
  "task": "single_submetric",
  "task_type": "regression",
  "model_type": "lm_probe",
  "is_control": true,
  "control_index": 2,
  "submetric": "lexical_density"
}