{
  "ru": {
    "train_time": 80.81603169441223,
    "train_metrics": {
      "loss": 0.014453618368133903,
      "mse": 0.014506788924336433,
      "rmse": 0.1204441319630659,
      "r2": 0.004223346710205078
    },
    "val_metrics": {
      "loss": 0.019775001518428325,
      "mse": 0.018639586865901947,
      "rmse": 0.13652687232153948,
      "r2": 0.0529666543006897
    },
    "test_metrics": {
      "loss": 0.011943052323268992,
      "mse": 0.01206539198756218,
      "rmse": 0.10984257820882656,
      "r2": -0.06064903736114502
    },
    "language": "ru",
    "task": "single_submetric",
    "task_type": "regression",
    "model_type": "lm_probe",
    "is_control": true,
    "control_index": 2,
    "submetric": "n_tokens"
  }
}