{
  "train_time": 51.511868715286255,
  "train_metrics": {
    "loss": 0.021711249966174365,
    "mse": 0.021766528487205505,
    "rmse": 0.1475348382152687,
    "r2": -0.020728707313537598
  },
  "val_metrics": {
    "loss": 0.03907866328954697,
    "mse": 0.036416660994291306,
    "rmse": 0.19083149895730345,
    "r2": -0.010921835899353027
  },
  "test_metrics": {
    "loss": 0.025484486616083553,
    "mse": 0.025482995435595512,
    "rmse": 0.15963394199102995,
    "r2": -0.04473674297332764
  },
  "language": "ru",
  "task": "single_submetric",
  "task_type": "regression",
  "model_type": "lm_probe",
  "is_control": true,
  "control_index": 2,
  "submetric": "avg_max_depth"
}