{
  "model_type": "XGBRegressor",
  "training_time": 157.95057153701782,
  "train_metrics": {
    "mse": 0.007324316073209047,
    "rmse": 0.0855822182068743,
    "mae": 0.044872429221868515,
    "r2": 0.7936687469482422
  },
  "val_metrics": {
    "mse": 0.03562215715646744,
    "rmse": 0.18873832985503353,
    "mae": 0.10980933904647827,
    "r2": 0.37310701608657837
  },
  "test_metrics": {
    "mse": 0.04516085982322693,
    "rmse": 0.21251084636607828,
    "mae": 0.1428225040435791,
    "r2": 0.13415294885635376
  },
  "per_language_metrics": {
    "train": {
      "ar": {
        "mse": 0.005494711920619011,
        "rmse": 0.07412632407329403,
        "mae": 0.03348148614168167,
        "r2": 0.6872900724411011
      },
      "en": {
        "mse": 0.00646944809705019,
        "rmse": 0.08043287945268521,
        "mae": 0.033738527446985245,
        "r2": 0.6833958625793457
      },
      "fi": {
        "mse": 0.005113637540489435,
        "rmse": 0.07150970242204505,
        "mae": 0.03105786070227623,
        "r2": 0.632832944393158
      },
      "id": {
        "mse": 0.006412063259631395,
        "rmse": 0.08007535987825092,
        "mae": 0.035852495580911636,
        "r2": 0.8282917141914368
      },
      "ja": {
        "mse": 0.012840422801673412,
        "rmse": 0.11331558940266521,
        "mae": 0.0794934630393982,
        "r2": 0.8008686304092407
      },
      "ko": {
        "mse": 0.012597854249179363,
        "rmse": 0.1122401632624408,
        "mae": 0.0799005925655365,
        "r2": 0.8040124177932739
      },
      "ru": {
        "mse": 0.003877648152410984,
        "rmse": 0.062270764829179544,
        "mae": 0.030299197882413864,
        "r2": 0.7159149646759033
      }
    },
    "val": {
      "ar": {
        "mse": 0.052318453788757324,
        "rmse": 0.2287322753543044,
        "mae": 0.11100723594427109,
        "r2": 0.06579333543777466
      },
      "en": {
        "mse": 0.03255099430680275,
        "rmse": 0.1804189410976651,
        "mae": 0.09689512848854065,
        "r2": 0.3262571096420288
      },
      "fi": {
        "mse": 0.03017587400972843,
        "rmse": 0.17371204336409274,
        "mae": 0.09418623149394989,
        "r2": 0.3800157904624939
      },
      "id": {
        "mse": 0.030342599377036095,
        "rmse": 0.17419127239054227,
        "mae": 0.10191944241523743,
        "r2": 0.39055681228637695
      },
      "ja": {
        "mse": 0.032384950667619705,
        "rmse": 0.17995819144351197,
        "mae": 0.12837834656238556,
        "r2": 0.44400352239608765
      },
      "ko": {
        "mse": 0.0413811132311821,
        "rmse": 0.20342348249693815,
        "mae": 0.13975416123867035,
        "r2": 0.36892062425613403
      },
      "ru": {
        "mse": 0.03484433889389038,
        "rmse": 0.18666638394175417,
        "mae": 0.10174329578876495,
        "r2": 0.35921990871429443
      }
    },
    "test": {
      "ar": {
        "mse": 0.05743137001991272,
        "rmse": 0.23964843003848935,
        "mae": 0.14751937985420227,
        "r2": -0.03987932205200195
      },
      "en": {
        "mse": 0.016317782923579216,
        "rmse": 0.12774107766720624,
        "mae": 0.07654647529125214,
        "r2": 0.3328326344490051
      },
      "fi": {
        "mse": 0.03913041949272156,
        "rmse": 0.19781410337162908,
        "mae": 0.11497381329536438,
        "r2": 0.11855781078338623
      },
      "id": {
        "mse": 0.04393349215388298,
        "rmse": 0.20960317782391322,
        "mae": 0.14955967664718628,
        "r2": 0.16207021474838257
      },
      "ja": {
        "mse": 0.07206681370735168,
        "rmse": 0.2684526284232503,
        "mae": 0.20381249487400055,
        "r2": 0.02060985565185547
      },
      "ko": {
        "mse": 0.05467095971107483,
        "rmse": 0.23381821937367248,
        "mae": 0.18663887679576874,
        "r2": -0.08194208145141602
      },
      "ru": {
        "mse": 0.04065913334488869,
        "rmse": 0.2016411003364361,
        "mae": 0.132096067070961,
        "r2": -0.07658219337463379
      }
    }
  },