{
  "ru": {
    "train_time": 57.95462393760681,
    "train_metrics": {
      "loss": 0.006801148684074481,
      "mse": 0.0068251946941018105,
      "rmse": 0.08261473654319676,
      "r2": 0.6799365282058716
    },
    "val_metrics": {
      "loss": 0.017718705348670483,
      "mse": 0.017530130222439766,
      "rmse": 0.1324013981136142,
      "r2": 0.5133658051490784
    },
    "test_metrics": {
      "loss": 0.012512831682605403,
      "mse": 0.012541391886770725,
      "rmse": 0.11198835603209258,
      "r2": 0.4858354330062866
    },
    "language": "ru",
    "task": "single_submetric",
    "task_type": "regression",
    "model_type": "lm_probe",
    "is_control": false,
    "control_index": null,
    "submetric": "avg_max_depth"
  }
}