{
  "ko": {
    "train_time": 26.32514977455139,
    "train_metrics": {
      "loss": 0.03826096225926216,
      "mse": 0.037651341408491135,
      "rmse": 0.19403953568407428,
      "r2": -0.02100372314453125
    },
    "val_metrics": {
      "loss": 0.027911829575896264,
      "mse": 0.02762565016746521,
      "rmse": 0.16620965726294368,
      "r2": -0.12443506717681885
    },
    "test_metrics": {
      "loss": 0.0389984878046172,
      "mse": 0.03888978809118271,
      "rmse": 0.19720493931740835,
      "r2": -0.12093150615692139
    },
    "language": "ko",
    "task": "single_submetric",
    "task_type": "regression",
    "model_type": "lm_probe",
    "is_control": true,
    "control_index": 1,
    "submetric": "avg_verb_edges"
  }
}