{
  "train_time": 56.452791929244995,
  "train_metrics": {
    "loss": 0.016092608341326316,
    "mse": 0.01609233021736145,
    "rmse": 0.12685554862662277,
    "r2": 0.20366722345352173
  },
  "val_metrics": {
    "loss": 0.052649449557065964,
    "mse": 0.05263611674308777,
    "rmse": 0.22942562355388244,
    "r2": 0.19713729619979858
  },
  "test_metrics": {
    "loss": 0.08580464571714401,
    "mse": 0.08455058932304382,
    "rmse": 0.29077584033589143,
    "r2": -0.457614541053772
  }
}