{
  "ja": {
    "train_time": 71.2938072681427,
    "train_metrics": {
      "loss": 0.009617097955197097,
      "mse": 0.00965818390250206,
      "rmse": 0.09827605966104899,
      "r2": 0.4348897337913513
    },
    "val_metrics": {
      "loss": 0.017664055339992046,
      "mse": 0.017217863351106644,
      "rmse": 0.13121685620036264,
      "r2": 0.410144567489624
    },
    "test_metrics": {
      "loss": 0.04649498127400875,
      "mse": 0.047093816101551056,
      "rmse": 0.21701109672445568,
      "r2": 0.3042759895324707
    },
    "language": "ja",
    "task": "single_submetric",
    "task_type": "regression",
    "model_type": "lm_probe",
    "is_control": false,
    "control_index": null,
    "submetric": "avg_max_depth"
  }
}