{
  "ru": {
    "train_time": 48.443153381347656,
    "train_metrics": {
      "loss": 0.13519096185763677,
      "accuracy": 0.974036850921273,
      "f1": 0.9739714525608733
    },
    "val_metrics": {
      "loss": 0.2806080937385559,
      "accuracy": 0.8888888888888888,
      "f1": 0.8947368421052632
    },
    "test_metrics": {
      "loss": 0.24560410529375076,
      "accuracy": 0.9,
      "f1": 0.9090909090909091
    },
    "language": "ru",
    "task": "question_type",
    "task_type": "classification",
    "model_type": "lm_probe",
    "is_control": false,
    "control_index": null
  }
}