{
  "id": {
    "train_time": 17.70340347290039,
    "train_metrics": {
      "loss": 0.6924969563881557,
      "accuracy": 0.5209643605870021,
      "f1": 0.0
    },
    "val_metrics": {
      "loss": 0.6933681011199951,
      "accuracy": 0.5,
      "f1": 0.0
    },
    "test_metrics": {
      "loss": 0.6935095361300877,
      "accuracy": 0.5,
      "f1": 0.0
    },
    "language": "id",
    "task": "question_type",
    "task_type": "classification",
    "model_type": "lm_probe",
    "is_control": true,
    "control_index": 2
  }
}