{
  "train_time": 80.63900804519653,
  "train_metrics": {
    "loss": 0.012304918933659792,
    "accuracy": 0.9974811083123426,
    "f1": 0.9974768713204374
  },
  "val_metrics": {
    "loss": 0.005798588196436564,
    "accuracy": 1.0,
    "f1": 1.0
  },
  "test_metrics": {
    "loss": 1.5955212116241455,
    "accuracy": 0.5974025974025974,
    "f1": 0.5507246376811594
  },
  "train_language": "ja",
  "eval_language": "ar",
  "task": "question_type",
  "task_type": "classification",
  "model_type": "lm_probe"
}