{
  "train_time": 43.84733700752258,
  "train_metrics": {
    "loss": 0.08110813879304463,
    "accuracy": 1.0,
    "f1": 1.0
  },
  "val_metrics": {
    "loss": 0.17452879001696905,
    "accuracy": 0.9772727272727273,
    "f1": 0.975609756097561
  },
  "test_metrics": {
    "loss": 1.0020365715026855,
    "accuracy": 0.6272727272727273,
    "f1": 0.4057971014492754
  },
  "train_language": "ar",
  "eval_language": "en",
  "task": "question_type",
  "task_type": "classification",
  "model_type": "lm_probe"
}