{
  "ko": {
    "train_time": 22.18908953666687,
    "train_metrics": {
      "loss": 0.02578473231814643,
      "mse": 0.025952113792300224,
      "rmse": 0.16109659770553886,
      "r2": -0.16578257083892822
    },
    "val_metrics": {
      "loss": 0.05057620033621788,
      "mse": 0.052164226770401,
      "rmse": 0.22839489217230977,
      "r2": -0.10726439952850342
    },
    "test_metrics": {
      "loss": 0.03509187006524631,
      "mse": 0.03518809750676155,
      "rmse": 0.18758490745995945,
      "r2": -0.09259676933288574
    },
    "language": "ko",
    "task": "complexity",
    "task_type": "regression",
    "model_type": "lm_probe",
    "is_control": true,
    "control_index": 1
  }
}