{
  "fi": {
    "train_time": 58.788609981536865,
    "train_metrics": {
      "loss": 0.02027535912891229,
      "mse": 0.020306983962655067,
      "rmse": 0.14250257528429114,
      "r2": -0.004895925521850586
    },
    "val_metrics": {
      "loss": 0.08050737343728542,
      "mse": 0.08039183914661407,
      "rmse": 0.28353454665457273,
      "r2": -0.22622287273406982
    },
    "test_metrics": {
      "loss": 0.0382818981472935,
      "mse": 0.038479723036289215,
      "rmse": 0.19616249141028266,
      "r2": 0.025509238243103027
    },
    "language": "fi",
    "task": "complexity",
    "task_type": "regression",
    "model_type": "lm_probe",
    "is_control": true,
    "control_index": 1
  }
}