{
  "train_time": 20.090662717819214,
  "train_metrics": {
    "loss": 0.06435689652959506,
    "mse": 0.06444642692804337,
    "rmse": 0.25386300819151136,
    "r2": 0.0005545616149902344
  },
  "val_metrics": {
    "loss": 0.05867806822061539,
    "mse": 0.058503538370132446,
    "rmse": 0.24187504701835708,
    "r2": -0.0044097900390625
  },
  "test_metrics": {
    "loss": 0.09325795372327168,
    "mse": 0.09504210203886032,
    "rmse": 0.30828899110876523,
    "r2": -0.2916250228881836
  },
  "language": "ja",
  "task": "single_submetric",
  "task_type": "regression",
  "model_type": "lm_probe",
  "is_control": true,
  "control_index": 2,
  "submetric": "avg_subordinate_chain_len"
}