{
  "train_time": 63.57701373100281,
  "train_metrics": {
    "loss": 0.669896558163658,
    "accuracy": 0.5869346733668341,
    "f1": 0.3568075117370892
  },
  "val_metrics": {
    "loss": 0.6756491859753927,
    "accuracy": 0.5681818181818182,
    "f1": 0.3448275862068966
  },
  "test_metrics": {
    "loss": 0.6677648663520813,
    "accuracy": 0.6233766233766234,
    "f1": 0.32558139534883723
  },
  "language": "ar",
  "task": "question_type",
  "task_type": "classification",
  "model_type": "lm_probe",
  "is_control": true,
  "control_index": 3
}