{
  "ar": {
    "train_time": 53.04509377479553,
    "train_metrics": {
      "loss": 0.010885562732934005,
      "mse": 0.011011455208063126,
      "rmse": 0.10493548116849288,
      "r2": 0.7302190065383911
    },
    "val_metrics": {
      "loss": 0.02640699657301108,
      "mse": 0.026021678000688553,
      "rmse": 0.16131236158673196,
      "r2": 0.5481096506118774
    },
    "test_metrics": {
      "loss": 0.06342953369021416,
      "mse": 0.0633159950375557,
      "rmse": 0.2516266977837521,
      "r2": 0.08264142274856567
    },
    "language": "ar",
    "task": "single_submetric",
    "task_type": "regression",
    "model_type": "lm_probe",
    "is_control": false,
    "control_index": null,
    "submetric": "avg_verb_edges"
  }
}