{
  "model_type": "XGBRegressor",
  "training_time": 166.37892413139343,
  "train_metrics": {
    "mse": 0.01281843800097704,
    "rmse": 0.11321854088874772,
    "mae": 0.0900457575917244,
    "r2": 0.46507054567337036
  },
  "val_metrics": {
    "mse": 0.03419400379061699,
    "rmse": 0.18491620748494975,
    "mae": 0.13809771835803986,
    "r2": -0.018940329551696777
  },
  "test_metrics": {
    "mse": 0.04024888202548027,
    "rmse": 0.20062124021518826,
    "mae": 0.14680102467536926,
    "r2": -0.029146552085876465
  },
  "per_language_metrics": {
    "train": {
      "ar": {
        "mse": 0.013705212622880936,
        "rmse": 0.11706926421089754,
        "mae": 0.09510893374681473,
        "r2": 0.29315680265426636
      },
      "en": {
        "mse": 0.013454869389533997,
        "rmse": 0.11599512657665406,
        "mae": 0.09104233235120773,
        "r2": 0.35770100355148315
      },
      "fi": {
        "mse": 0.011142820119857788,
        "rmse": 0.10555955721704116,
        "mae": 0.08381985127925873,
        "r2": 0.2398276925086975
      },
      "id": {
        "mse": 0.0188254676759243,
        "rmse": 0.13720593163534986,
        "mae": 0.11350302398204803,
        "r2": 0.412064790725708
      },
      "ja": {
        "mse": 0.013818268664181232,
        "rmse": 0.11755113212632719,
        "mae": 0.09640863537788391,
        "r2": 0.33506160974502563
      },
      "ko": {
        "mse": 0.006532938685268164,
        "rmse": 0.08082659639789469,
        "mae": 0.06046469137072563,
        "r2": 0.3407338261604309
      },
      "ru": {
        "mse": 0.01121448166668415,
        "rmse": 0.1058984497841406,
        "mae": 0.0842820480465889,
        "r2": 0.23021429777145386
      }
    },
    "val": {
      "ar": {
        "mse": 0.05599318444728851,
        "rmse": 0.2366287904023695,
        "mae": 0.16653765738010406,
        "r2": -0.07804644107818604
      },
      "en": {
        "mse": 0.03901885077357292,
        "rmse": 0.19753189811666602,
        "mae": 0.14223234355449677,
        "r2": -0.06473839282989502
      },
      "fi": {
        "mse": 0.02063741162419319,
        "rmse": 0.1436572713933868,
        "mae": 0.1168207898736,
        "r2": -0.12024760246276855
      },
      "id": {
        "mse": 0.03555780649185181,
        "rmse": 0.18856777691814636,
        "mae": 0.15280285477638245,
        "r2": -0.0698094367980957
      },
      "ja": {
        "mse": 0.023765794932842255,
        "rmse": 0.15416158708589586,
        "mae": 0.12480528652667999,
        "r2": -0.1894376277923584
      },
      "ko": {
        "mse": 0.04452982544898987,
        "rmse": 0.2110209123499135,
        "mae": 0.14211545884609222,
        "r2": -0.03329670429229736
      },
      "ru": {
        "mse": 0.022872308269143105,
        "rmse": 0.15123593577302685,
        "mae": 0.12497001141309738,
        "r2": -0.1620880365371704
      }
    },
    "test": {
      "ar": {
        "mse": 0.07715597003698349,
        "rmse": 0.27776963483610567,
        "mae": 0.19456002116203308,
        "r2": -0.03008115291595459
      },
      "en": {
        "mse": 0.02653144858777523,
        "rmse": 0.16288477088965447,
        "mae": 0.1370604932308197,
        "r2": -0.40270090103149414
      },
      "fi": {
        "mse": 0.018031546846032143,
        "rmse": 0.13428159533618947,
        "mae": 0.10243447870016098,
        "r2": -0.30412912368774414
      },
      "id": {
        "mse": 0.028325526043772697,
        "rmse": 0.16830188960250178,
        "mae": 0.13866068422794342,
        "r2": 0.04112815856933594
      },
      "ja": {
        "mse": 0.062894307076931,
        "rmse": 0.2507873742374823,
        "mae": 0.18687736988067627,
        "r2": -0.054239869117736816
      },
      "ko": {
        "mse": 0.06829623132944107,
        "rmse": 0.2613354765994106,
        "mae": 0.18843907117843628,
        "r2": -0.6377769708633423
      },
      "ru": {
        "mse": 0.01528488751500845,
        "rmse": 0.12363206507621091,
        "mae": 0.1004607081413269,
        "r2": -0.3436696529388428
      }
    }
  },