{
  "train_time": 47.28286290168762,
  "train_metrics": {
    "loss": 0.044469665239254635,
    "mse": 0.0444079153239727,
    "rmse": 0.210731856452632,
    "r2": -0.10838747024536133
  },
  "val_metrics": {
    "loss": 0.06287324180205663,
    "mse": 0.062481433153152466,
    "rmse": 0.24996286354807282,
    "r2": -0.018317699432373047
  },
  "test_metrics": {
    "loss": 0.06133861653506756,
    "mse": 0.06218917295336723,
    "rmse": 0.24937757107119163,
    "r2": -0.19460058212280273
  },
  "language": "ja",
  "task": "complexity",
  "task_type": "regression",
  "model_type": "lm_probe",
  "is_control": true,
  "control_index": 2
}