{"dev_accuracy":0.564625850340136,"test_precision":0.5016501650165016,"_runtime":204.798604257,"_wandb":{"runtime":204},"_timestamp":1.7429044313042464e+09,"test_recall":0.4318181818181818,"test_accuracy":0.5118219749652295,"test_f1":0.46412213740458014,"_step":4,"training_time":200.358784198761,"dev_confusion_matrix":{"path":"media/images/dev_confusion_matrix_2_5242f88f85f70910eafe.png","format":"png","width":800,"height":600,"_type":"image-file","sha256":"5242f88f85f70910eafe533afed586adaaefd3d99dd4e10afd08f85dd5befdbe","size":24872},"dev_f1":0.5247524752475248,"dev_precision":0.5698924731182796,"test_confusion_matrix":{"height":600,"_type":"image-file","sha256":"334f0ce933aaf9f433c6109dfc23a53266c161b82957e308b717f0ef6bffc865","size":24714,"path":"media/images/test_confusion_matrix_4_334f0ce933aaf9f433c6.png","format":"png","width":800},"dev_recall":0.48623853211009177}