{
  "fi": {
    "train_time": 61.200926542282104,
    "train_metrics": {
      "loss": 0.0040078068928172195,
      "mse": 0.004010692238807678,
      "rmse": 0.06333002636038988,
      "r2": 0.8015299439430237
    },
    "val_metrics": {
      "loss": 0.021481669042259455,
      "mse": 0.021481405943632126,
      "rmse": 0.1465653640654303,
      "r2": 0.6723424792289734
    },
    "test_metrics": {
      "loss": 0.02050557985369648,
      "mse": 0.020402418449521065,
      "rmse": 0.14283703458669628,
      "r2": 0.48331308364868164
    },
    "language": "fi",
    "task": "complexity",
    "task_type": "regression",
    "model_type": "lm_probe",
    "is_control": false,
    "control_index": null
  }
}