{
  "train_time": 19.79795002937317,
  "train_metrics": {
    "loss": 0.01399345872613291,
    "mse": 0.013964958488941193,
    "rmse": 0.11817342547688627,
    "r2": -0.002705693244934082
  },
  "val_metrics": {
    "loss": 0.05653080251067877,
    "mse": 0.056527696549892426,
    "rmse": 0.23775553947256922,
    "r2": -0.1614006757736206
  },
  "test_metrics": {
    "loss": 0.05324124518249716,
    "mse": 0.053323037922382355,
    "rmse": 0.23091781638146147,
    "r2": -0.20114171504974365
  },
  "language": "fi",
  "task": "single_submetric",
  "task_type": "regression",
  "model_type": "lm_probe",
  "is_control": true,
  "control_index": 3,
  "submetric": "avg_subordinate_chain_len"
}