{
  "ko": {
    "train_time": 35.68400001525879,
    "train_metrics": {
      "loss": 0.027672365862638392,
      "accuracy": 0.9959404600811907,
      "f1": 0.9955817378497791
    },
    "val_metrics": {
      "loss": 0.17437340654432773,
      "accuracy": 0.9444444444444444,
      "f1": 0.9444444444444444
    },
    "test_metrics": {
      "loss": 0.4235080565725054,
      "accuracy": 0.8727272727272727,
      "f1": 0.86
    },
    "language": "ko",
    "task": "question_type",
    "task_type": "classification",
    "model_type": "lm_probe",
    "is_control": false,
    "control_index": null
  }
}