{
  "fi": {
    "train_time": 38.42765545845032,
    "train_metrics": {
      "loss": 0.03983937422434489,
      "mse": 0.03976435959339142,
      "rmse": 0.19941002881849101,
      "r2": 0.005851864814758301
    },
    "val_metrics": {
      "loss": 0.036497863940894604,
      "mse": 0.0365997776389122,
      "rmse": 0.19131068354619457,
      "r2": -0.031611084938049316
    },
    "test_metrics": {
      "loss": 0.05278298471655164,
      "mse": 0.05302439630031586,
      "rmse": 0.23027026794685382,
      "r2": -0.18569481372833252
    },
    "language": "fi",
    "task": "single_submetric",
    "task_type": "regression",
    "model_type": "lm_probe",
    "is_control": true,
    "control_index": 1,
    "submetric": "lexical_density"
  }
}