{
  "train_time": 41.59194612503052,
  "train_metrics": {
    "loss": 0.009942691825951139,
    "mse": 0.009982779622077942,
    "rmse": 0.09991386101076237,
    "r2": -0.07321906089782715
  },
  "val_metrics": {
    "loss": 0.018180140915016334,
    "mse": 0.018596237525343895,
    "rmse": 0.13636802237087658,
    "r2": -0.04310595989227295
  },
  "test_metrics": {
    "loss": 0.09669520209232967,
    "mse": 0.09586033970117569,
    "rmse": 0.30961320982990326,
    "r2": -1.254525899887085
  },
  "language": "ja",
  "task": "single_submetric",
  "task_type": "regression",
  "model_type": "lm_probe",
  "is_control": true,
  "control_index": 3,
  "submetric": "avg_links_len"
}