{
  "ru": {
    "train_time": 32.130654096603394,
    "train_metrics": {
      "loss": 0.013696211279990772,
      "mse": 0.013650205917656422,
      "rmse": 0.11683409569837232,
      "r2": -4.4226646423339844e-05
    },
    "val_metrics": {
      "loss": 0.05844530668109656,
      "mse": 0.06357815861701965,
      "rmse": 0.2521470971814263,
      "r2": -0.1691889762878418
    },
    "test_metrics": {
      "loss": 0.05397435809884753,
      "mse": 0.05365737900137901,
      "rmse": 0.23164062467835606,
      "r2": -0.4207528829574585
    },
    "language": "ru",
    "task": "single_submetric",
    "task_type": "regression",
    "model_type": "lm_probe",
    "is_control": true,
    "control_index": 2,
    "submetric": "avg_subordinate_chain_len"
  }
}