{
  "fi": {
    "train_time": 80.59027767181396,
    "train_metrics": {
      "loss": 0.04496981429557006,
      "mse": 0.04500962421298027,
      "rmse": 0.21215471763074295,
      "r2": 0.00277864933013916
    },
    "val_metrics": {
      "loss": 0.06578926183283329,
      "mse": 0.06590994447469711,
      "rmse": 0.2567293214159557,
      "r2": -0.07320749759674072
    },
    "test_metrics": {
      "loss": 0.09389674503888402,
      "mse": 0.09392458200454712,
      "rmse": 0.30647117646615174,
      "r2": -0.3273364305496216
    },
    "language": "fi",
    "task": "single_submetric",
    "task_type": "regression",
    "model_type": "lm_probe",
    "is_control": true,
    "control_index": 3,
    "submetric": "avg_verb_edges"
  }
}