{
  "fi": {
    "train_time": 45.55937719345093,
    "train_metrics": {
      "loss": 0.008120895827499528,
      "mse": 0.008126022294163704,
      "rmse": 0.090144452375971,
      "r2": -0.07545912265777588
    },
    "val_metrics": {
      "loss": 0.0192885585129261,
      "mse": 0.019321676343679428,
      "rmse": 0.13900243286964234,
      "r2": -0.12341737747192383
    },
    "test_metrics": {
      "loss": 0.022629519924521446,
      "mse": 0.02269599214196205,
      "rmse": 0.15065189060201684,
      "r2": -0.2514115571975708
    },
    "language": "fi",
    "task": "single_submetric",
    "task_type": "regression",
    "model_type": "lm_probe",
    "is_control": true,
    "control_index": 2,
    "submetric": "avg_links_len"
  }
}