{
  "model_type": "XGBRegressor",
  "training_time": 172.73836302757263,
  "train_metrics": {
    "mse": 0.008111970499157906,
    "rmse": 0.09006647822113345,
    "mae": 0.07011350244283676,
    "r2": 0.6813427209854126
  },
  "val_metrics": {
    "mse": 0.018239542841911316,
    "rmse": 0.1350538516367131,
    "mae": 0.10044150054454803,
    "r2": 0.5186128616333008
  },
  "test_metrics": {
    "mse": 0.024972688406705856,
    "rmse": 0.15802749256602744,
    "mae": 0.1162642389535904,
    "r2": 0.3930591940879822
  },
  "per_language_metrics": {
    "train": {
      "ar": {
        "mse": 0.007797964848577976,
        "rmse": 0.08830608613554321,
        "mae": 0.07078423351049423,
        "r2": 0.6332669258117676
      },
      "en": {
        "mse": 0.007647305727005005,
        "rmse": 0.08744887493275717,
        "mae": 0.06722664088010788,
        "r2": 0.6971657276153564
      },
      "fi": {
        "mse": 0.010520362295210361,
        "rmse": 0.10256881736283383,
        "mae": 0.08225006610155106,
        "r2": 0.6607152223587036
      },
      "id": {
        "mse": 0.008909241296350956,
        "rmse": 0.09438877738561378,
        "mae": 0.07238204032182693,
        "r2": 0.6900434494018555
      },
      "ja": {
        "mse": 0.006681148428469896,
        "rmse": 0.08173829230213889,
        "mae": 0.06208660453557968,
        "r2": 0.6090792417526245
      },
      "ko": {
        "mse": 0.006063808221369982,
        "rmse": 0.07787045795017505,
        "mae": 0.0603889562189579,
        "r2": 0.7923882603645325
      },
      "ru": {
        "mse": 0.008484994061291218,
        "rmse": 0.09211402749468302,
        "mae": 0.07250282913446426,
        "r2": 0.60210120677948
      }
    },
    "val": {
      "ar": {
        "mse": 0.019715890288352966,
        "rmse": 0.14041328387425803,
        "mae": 0.10714749991893768,
        "r2": 0.47613757848739624
      },
      "en": {
        "mse": 0.014487836509943008,
        "rmse": 0.12036542904814077,
        "mae": 0.08586379885673523,
        "r2": 0.5916786193847656
      },
      "fi": {
        "mse": 0.023320728912949562,
        "rmse": 0.15271125994159554,
        "mae": 0.1287432312965393,
        "r2": 0.48946261405944824
      },
      "id": {
        "mse": 0.02450060471892357,
        "rmse": 0.15652669011680906,
        "mae": 0.11430341750383377,
        "r2": 0.398592472076416
      },
      "ja": {
        "mse": 0.019048025831580162,
        "rmse": 0.1380145855755114,
        "mae": 0.08518435060977936,
        "r2": 0.3474462628364563
      },
      "ko": {
        "mse": 0.014466939494013786,
        "rmse": 0.12027859117072243,
        "mae": 0.08981633186340332,
        "r2": 0.5681830048561096
      },
      "ru": {
        "mse": 0.013638008385896683,
        "rmse": 0.11678188380864851,
        "mae": 0.09266792982816696,
        "r2": 0.621410608291626
      }
    },
    "test": {
      "ar": {
        "mse": 0.028475962579250336,
        "rmse": 0.16874822244767598,
        "mae": 0.13149099051952362,
        "r2": 0.4226328134536743
      },
      "en": {
        "mse": 0.011661158874630928,
        "rmse": 0.10798684584073621,
        "mae": 0.08047199994325638,
        "r2": 0.5874890685081482
      },
      "fi": {
        "mse": 0.017241161316633224,
        "rmse": 0.13130560276177564,
        "mae": 0.10373643785715103,
        "r2": 0.4345881938934326
      },
      "id": {
        "mse": 0.028502922505140305,
        "rmse": 0.16882808565265528,
        "mae": 0.12120091170072556,
        "r2": 0.11526095867156982
      },
      "ja": {
        "mse": 0.06332645565271378,
        "rmse": 0.2516474829055792,
        "mae": 0.18521615862846375,
        "r2": 0.0644688606262207
      },
      "ko": {
        "mse": 0.017996717244386673,
        "rmse": 0.13415184398429517,
        "mae": 0.10867191851139069,
        "r2": 0.4845556616783142
      },
      "ru": {
        "mse": 0.014931497164070606,
        "rmse": 0.12219450545777664,
        "mae": 0.09891228377819061,
        "r2": 0.38784730434417725
      }
    }
  },