{
  "train_time": 45.193094968795776,
  "train_metrics": {
    "loss": 0.011023644501581154,
    "mse": 0.010962415486574173,
    "rmse": 0.10470155436560707,
    "r2": -0.1062631607055664
  },
  "val_metrics": {
    "loss": 0.04299591705203056,
    "mse": 0.04706105217337608,
    "rmse": 0.21693559452836705,
    "r2": -0.092032790184021
  },
  "test_metrics": {
    "loss": 0.06607790717056819,
    "mse": 0.06554746627807617,
    "rmse": 0.25602239409488414,
    "r2": -0.5718601942062378
  },
  "language": "ko",
  "task": "single_submetric",
  "task_type": "regression",
  "model_type": "lm_probe",
  "is_control": true,
  "control_index": 1,
  "submetric": "n_tokens"
}