{
  "train_time": 44.60282039642334,
  "train_metrics": {
    "loss": 0.01815022200656434,
    "mse": 0.018190007656812668,
    "rmse": 0.13487033645992239,
    "r2": 0.004214584827423096
  },
  "val_metrics": {
    "loss": 0.04945685938000679,
    "mse": 0.04531196877360344,
    "rmse": 0.21286608178289804,
    "r2": -0.2279108762741089
  },
  "test_metrics": {
    "loss": 0.03490936356995787,
    "mse": 0.03474173694849014,
    "rmse": 0.1863913542750579,
    "r2": -0.564886212348938
  },
  "language": "id",
  "task": "single_submetric",
  "task_type": "regression",
  "model_type": "lm_probe",
  "is_control": true,
  "control_index": 1,
  "submetric": "avg_links_len"
}