{
  "train_time": 25.791617393493652,
  "train_metrics": {
    "loss": 0.6931397143999736,
    "accuracy": 0.4995801847187238,
    "f1": 0.0
  },
  "val_metrics": {
    "loss": 0.6934061447779337,
    "accuracy": 0.4782608695652174,
    "f1": 0.0
  },
  "test_metrics": {
    "loss": 0.6938696901003519,
    "accuracy": 0.40217391304347827,
    "f1": 0.0
  },
  "language": "ja",
  "task": "question_type",
  "task_type": "classification",
  "model_type": "lm_probe",
  "is_control": true,
  "control_index": 1
}