{
  "en": {
    "train_time": 31.81989312171936,
    "train_metrics": {
      "loss": 0.0207074370700866,
      "mse": 0.020492371171712875,
      "rmse": 0.14315156712978339,
      "r2": -0.0028629302978515625
    },
    "val_metrics": {
      "loss": 0.05486260876059532,
      "mse": 0.05735878273844719,
      "rmse": 0.23949693680389147,
      "r2": -0.18721628189086914
    },
    "test_metrics": {
      "loss": 0.026867053072367395,
      "mse": 0.026656953617930412,
      "rmse": 0.16326957346036772,
      "r2": -0.08989369869232178
    },
    "language": "en",
    "task": "single_submetric",
    "task_type": "regression",
    "model_type": "lm_probe",
    "is_control": true,
    "control_index": 3,
    "submetric": "avg_subordinate_chain_len"
  }
}