{
  "train_time": 34.94885301589966,
  "train_metrics": {
    "loss": 0.04146006073625315,
    "mse": 0.04171150177717209,
    "rmse": 0.2042339388475189,
    "r2": 0.029751121997833252
  },
  "val_metrics": {
    "loss": 0.03479676817854246,
    "mse": 0.034460220485925674,
    "rmse": 0.18563464247258826,
    "r2": -0.0022829771041870117
  },
  "test_metrics": {
    "loss": 0.06281108036637306,
    "mse": 0.06273730844259262,
    "rmse": 0.2504741672160876,
    "r2": -0.08111023902893066
  },
  "language": "ar",
  "task": "single_submetric",
  "task_type": "regression",
  "model_type": "lm_probe",
  "is_control": true,
  "control_index": 3,
  "submetric": "lexical_density"
}