{
  "train_time": 57.18842148780823,
  "train_metrics": {
    "loss": 0.016092608341326316,
    "mse": 0.01609233021736145,
    "rmse": 0.12685554862662277,
    "r2": 0.20366722345352173
  },
  "val_metrics": {
    "loss": 0.052649449557065964,
    "mse": 0.05263611674308777,
    "rmse": 0.22942562355388244,
    "r2": 0.19713729619979858
  },
  "test_metrics": {
    "loss": 0.06552910166127342,
    "mse": 0.0652022436261177,
    "rmse": 0.25534730001728567,
    "r2": -0.6918679475784302
  }
}