{
  "fi": {
    "train_time": 59.07524871826172,
    "train_metrics": {
      "loss": 0.020418092049658297,
      "mse": 0.020427383482456207,
      "rmse": 0.14292439778587912,
      "r2": -0.010853886604309082
    },
    "val_metrics": {
      "loss": 0.07557953428477049,
      "mse": 0.07543202489614487,
      "rmse": 0.2746489120607341,
      "r2": -0.15057051181793213
    },
    "test_metrics": {
      "loss": 0.03784942307642528,
      "mse": 0.03803301602602005,
      "rmse": 0.19502055282974676,
      "r2": 0.036821961402893066
    },
    "language": "fi",
    "task": "complexity",
    "task_type": "regression",
    "model_type": "lm_probe",
    "is_control": true,
    "control_index": 3
  }
}