{
  "train_time": 73.30121874809265,
  "train_metrics": {
    "loss": 0.04354534787436326,
    "mse": 0.04349416494369507,
    "rmse": 0.2085525472002082,
    "r2": 0.03635472059249878
  },
  "val_metrics": {
    "loss": 0.060028521344065666,
    "mse": 0.0601353794336319,
    "rmse": 0.2452251606863209,
    "r2": 0.020819425582885742
  },
  "test_metrics": {
    "loss": 0.08503251416342598,
    "mse": 0.08489381521940231,
    "rmse": 0.29136543243734714,
    "r2": -0.19971418380737305
  },
  "language": "fi",
  "task": "single_submetric",
  "task_type": "regression",
  "model_type": "lm_probe",
  "is_control": true,
  "control_index": 3,
  "submetric": "avg_verb_edges"
}