{
  "train_time": 21.551372528076172,
  "train_metrics": {
    "loss": 0.6932591370173863,
    "accuracy": 0.5005025125628141,
    "f1": 0.0
  },
  "val_metrics": {
    "loss": 0.6920299331347147,
    "accuracy": 0.5454545454545454,
    "f1": 0.0
  },
  "test_metrics": {
    "loss": 0.6880574584007263,
    "accuracy": 0.7142857142857143,
    "f1": 0.0
  },
  "language": "ar",
  "task": "question_type",
  "task_type": "classification",
  "model_type": "lm_probe",
  "is_control": true,
  "control_index": 3
}