{
  "ja": {
    "train_time": 31.53763484954834,
    "train_metrics": {
      "loss": 0.6934392778078715,
      "accuracy": 0.4995801847187238,
      "f1": 0.0
    },
    "val_metrics": {
      "loss": 0.6944656372070312,
      "accuracy": 0.4782608695652174,
      "f1": 0.0
    },
    "test_metrics": {
      "loss": 0.6975822647412618,
      "accuracy": 0.40217391304347827,
      "f1": 0.0
    },
    "language": "ja",
    "task": "question_type",
    "task_type": "classification",
    "model_type": "lm_probe",
    "is_control": true,
    "control_index": 1
  }
}