{
  "train_time": 46.90896511077881,
  "train_metrics": {
    "loss": 0.692325434088707,
    "accuracy": 0.5209643605870021,
    "f1": 0.0
  },
  "val_metrics": {
    "loss": 0.6939292430877686,
    "accuracy": 0.5,
    "f1": 0.0
  },
  "test_metrics": {
    "loss": 0.6956661939620972,
    "accuracy": 0.5,
    "f1": 0.0
  },
  "language": "id",
  "task": "question_type",
  "task_type": "classification",
  "model_type": "lm_probe",
  "is_control": true,
  "control_index": 2
}