{
  "train_time": 56.70313286781311,
  "train_metrics": {
    "loss": 0.016092608341326316,
    "mse": 0.01609233021736145,
    "rmse": 0.12685554862662277,
    "r2": 0.20366722345352173
  },
  "val_metrics": {
    "loss": 0.052649449557065964,
    "mse": 0.05263611674308777,
    "rmse": 0.22942562355388244,
    "r2": 0.19713729619979858
  },
  "test_metrics": {
    "loss": 0.08569352169122015,
    "mse": 0.08625207096338272,
    "rmse": 0.2936870289328126,
    "r2": -1.1153638362884521
  },
  "train_language": "fi",
  "eval_language": "id",
  "task": "complexity",
  "task_type": "regression",
  "model_type": "lm_probe"
}