{
  "train_time": 55.99419069290161,
  "train_metrics": {
    "loss": 0.016092608341326316,
    "mse": 0.01609233021736145,
    "rmse": 0.12685554862662277,
    "r2": 0.20366722345352173
  },
  "val_metrics": {
    "loss": 0.052649449557065964,
    "mse": 0.05263611674308777,
    "rmse": 0.22942562355388244,
    "r2": 0.19713729619979858
  },
  "test_metrics": {
    "loss": 0.12583787615100542,
    "mse": 0.12798233330249786,
    "rmse": 0.3577461855876284,
    "r2": -1.458430528640747
  }
}