{
  "train_time": 79.24408411979675,
  "train_metrics": {
    "loss": 0.6931473596890767,
    "accuracy": 0.4995801847187238,
    "f1": 0.0
  },
  "val_metrics": {
    "loss": 0.6939565936724345,
    "accuracy": 0.4782608695652174,
    "f1": 0.0
  },
  "test_metrics": {
    "loss": 0.695773204167684,
    "accuracy": 0.40217391304347827,
    "f1": 0.0
  },
  "language": "ja",
  "task": "question_type",
  "task_type": "classification",
  "model_type": "lm_probe",
  "is_control": true,
  "control_index": 2
}