{
  "train_time": 48.67692017555237,
  "train_metrics": {
    "loss": 0.021848434377461673,
    "mse": 0.02186848782002926,
    "rmse": 0.1478799777523288,
    "r2": 0.18488365411758423
  },
  "val_metrics": {
    "loss": 0.03582490757107735,
    "mse": 0.03637943044304848,
    "rmse": 0.190733925778946,
    "r2": 0.1307436227798462
  },
  "test_metrics": {
    "loss": 0.11138247485671725,
    "mse": 0.11182496696710587,
    "rmse": 0.3344024027531888,
    "r2": -1.8319432735443115
  },
  "train_language": "en",
  "eval_language": "fi",
  "task": "complexity",
  "task_type": "regression",
  "model_type": "lm_probe"
}