{
  "id": {
    "train_time": 47.997390031814575,
    "train_metrics": {
      "loss": 0.034794640618686874,
      "mse": 0.034871943295001984,
      "rmse": 0.18674030977537223,
      "r2": 0.038989245891571045
    },
    "val_metrics": {
      "loss": 0.060471180081367495,
      "mse": 0.05911896005272865,
      "rmse": 0.2431439081135463,
      "r2": -0.4140193462371826
    },
    "test_metrics": {
      "loss": 0.04881769312279565,
      "mse": 0.048809587955474854,
      "rmse": 0.22092892059545952,
      "r2": -0.1970731019973755
    },
    "language": "id",
    "task": "complexity",
    "task_type": "regression",
    "model_type": "lm_probe",
    "is_control": true,
    "control_index": 2
  }
}