{
  "train_time": 52.93154859542847,
  "train_metrics": {
    "loss": 0.029496364354928757,
    "mse": 0.029136646538972855,
    "rmse": 0.17069460020449637,
    "r2": 0.0024239420890808105
  },
  "val_metrics": {
    "loss": 0.030542506277561186,
    "mse": 0.031924471259117126,
    "rmse": 0.1786742042352984,
    "r2": 0.04710119962692261
  },
  "test_metrics": {
    "loss": 0.033660574683121273,
    "mse": 0.03381003439426422,
    "rmse": 0.18387505103810092,
    "r2": 0.031646132469177246
  },
  "language": "ko",
  "task": "single_submetric",
  "task_type": "regression",
  "model_type": "lm_probe",
  "is_control": true,
  "control_index": 3,
  "submetric": "avg_max_depth"
}