{
  "train_time": 19.561036586761475,
  "train_metrics": {
    "loss": 0.03364278497795264,
    "mse": 0.03367879241704941,
    "rmse": 0.18351782588361656,
    "r2": -0.010201573371887207
  },
  "val_metrics": {
    "loss": 0.030889608711004258,
    "mse": 0.03128577768802643,
    "rmse": 0.17687786093241412,
    "r2": -0.04827845096588135
  },
  "test_metrics": {
    "loss": 0.018386538938752243,
    "mse": 0.018352612853050232,
    "rmse": 0.13547181571474648,
    "r2": -0.08949601650238037
  },
  "language": "ru",
  "task": "single_submetric",
  "task_type": "regression",
  "model_type": "lm_probe",
  "is_control": true,
  "control_index": 3,
  "submetric": "avg_links_len"
}