{
  "ja": {
    "train_time": 31.192925691604614,
    "train_metrics": {
      "loss": 0.017039025699098907,
      "mse": 0.017060866579413414,
      "rmse": 0.13061725222731266,
      "r2": 0.001751244068145752
    },
    "val_metrics": {
      "loss": 0.030097273799280327,
      "mse": 0.029337391257286072,
      "rmse": 0.17128161389152682,
      "r2": -0.005050301551818848
    },
    "test_metrics": {
      "loss": 0.08263053807119529,
      "mse": 0.08392468839883804,
      "rmse": 0.2896975809337007,
      "r2": -0.23983192443847656
    },
    "language": "ja",
    "task": "single_submetric",
    "task_type": "regression",
    "model_type": "lm_probe",
    "is_control": true,
    "control_index": 2,
    "submetric": "avg_max_depth"
  }
}