{
  "ru": {
    "train_time": 81.67202949523926,
    "train_metrics": {
      "loss": 0.015172775660951932,
      "mse": 0.015078233554959297,
      "rmse": 0.12279345892578845,
      "r2": -0.03500175476074219
    },
    "val_metrics": {
      "loss": 0.02127827946096659,
      "mse": 0.020023351535201073,
      "rmse": 0.14150389229700033,
      "r2": -0.017339229583740234
    },
    "test_metrics": {
      "loss": 0.01419410907796451,
      "mse": 0.01431593019515276,
      "rmse": 0.11964919638323009,
      "r2": -0.2584902048110962
    },
    "language": "ru",
    "task": "single_submetric",
    "task_type": "regression",
    "model_type": "lm_probe",
    "is_control": true,
    "control_index": 3,
    "submetric": "n_tokens"
  }
}