{
  "model_type": "Ridge",
  "training_time": 0.17505741119384766,
  "train_metrics": {
    "mse": 0.01032713173986608,
    "rmse": 0.10162249622926058,
    "mae": 0.07731720946403041,
    "r2": 0.5690358668680707
  },
  "val_metrics": {
    "mse": 0.03581541510415109,
    "rmse": 0.18924961057859824,
    "mae": 0.14046781338005374,
    "r2": -0.06725636314744987
  },
  "test_metrics": {
    "mse": 0.043692348168484677,
    "rmse": 0.20902714696537547,
    "mae": 0.15396859707536947,
    "r2": -0.11719454854675804
  },
  "per_language_metrics": {
    "train": {
      "ar": {
        "mse": 0.01086977032031079,
        "rmse": 0.10425819066294403,
        "mae": 0.0811848033159988,
        "r2": 0.4393940010120644
      },
      "en": {
        "mse": 0.010537508791172488,
        "rmse": 0.10265236865836311,
        "mae": 0.07842047869238496,
        "r2": 0.49696791084392367
      },
      "fi": {
        "mse": 0.007904396729107317,
        "rmse": 0.08890667426637507,
        "mae": 0.06685419972266297,
        "r2": 0.46075561615263716
      },
      "id": {
        "mse": 0.016764385876463533,
        "rmse": 0.12947735661675958,
        "mae": 0.10316356798650833,
        "r2": 0.4764340957491433
      },
      "ja": {
        "mse": 0.012808261416172426,
        "rmse": 0.11317358974677982,
        "mae": 0.09126974379777464,
        "r2": 0.38366338522035726
      },
      "ko": {
        "mse": 0.005606238676879213,
        "rmse": 0.07487482004572173,
        "mae": 0.05080499017706093,
        "r2": 0.43425096047439904
      },
      "ru": {
        "mse": 0.007393335749840492,
        "rmse": 0.08598450877827059,
        "mae": 0.06530513196751797,
        "r2": 0.49250582939151344
      }
    },
    "val": {
      "ar": {
        "mse": 0.06125589506089311,
        "rmse": 0.2474992829502605,
        "mae": 0.17369626947741137,
        "r2": -0.17937035275814583
      },
      "en": {
        "mse": 0.03800945553144665,
        "rmse": 0.1949601383140837,
        "mae": 0.14339101283747924,
        "r2": -0.03719432981699833
      },
      "fi": {
        "mse": 0.020277999668159474,
        "rmse": 0.14240084152897228,
        "mae": 0.11278204640730151,
        "r2": -0.1007379650482203
      },
      "id": {
        "mse": 0.0351301017826903,
        "rmse": 0.18743025845015074,
        "mae": 0.15085453616000505,
        "r2": -0.056941324362518086
      },
      "ja": {
        "mse": 0.024189862025224097,
        "rmse": 0.15553090376264164,
        "mae": 0.13285920554725014,
        "r2": -0.2106614958009303
      },
      "ko": {
        "mse": 0.050635323588193525,
        "rmse": 0.22502294013765248,
        "mae": 0.15276899068907862,
        "r2": -0.17497233250433797
      },
      "ru": {
        "mse": 0.024962494736516423,
        "rmse": 0.15799523643615468,
        "mae": 0.1236365362129385,
        "r2": -0.2682854558715817
      }
    },
    "test": {
      "ar": {
        "mse": 0.08646721608740546,
        "rmse": 0.29405308379169476,
        "mae": 0.2096013037006191,
        "r2": -0.15439228066393218
      },
      "en": {
        "mse": 0.030527336371699236,
        "rmse": 0.1747207382416273,
        "mae": 0.14720239970675264,
        "r2": -0.6139606660824197
      },
      "fi": {
        "mse": 0.01803810032309102,
        "rmse": 0.1343059951122474,
        "mae": 0.10403946271887982,
        "r2": -0.3046033658802789
      },
      "id": {
        "mse": 0.03544996025591669,
        "rmse": 0.18828159829339852,
        "mae": 0.15318198462467558,
        "r2": -0.2000473462435739
      },
      "ja": {
        "mse": 0.06391729464148352,
        "rmse": 0.25281869915313526,
        "mae": 0.18998886221077782,
        "r2": -0.07138734447617079
      },
      "ko": {
        "mse": 0.07183751579951075,
        "rmse": 0.26802521485768976,
        "mae": 0.19591054523754886,
        "r2": -0.7226984360597348
      },
      "ru": {
        "mse": 0.01575101077154392,
        "rmse": 0.12550303092572673,
        "mae": 0.10043965851988318,
        "r2": -0.38464567410142925
      }
    }
  },
  "feature_importances": null
}