{
  "train": {
    "ar": {
      "mse": 0.012176958844065666,
      "rmse": 0.11034925846631534,
      "mae": 0.057912811636924744,
      "r2": 0.30699628591537476
    },
    "en": {
      "mse": 0.014127717353403568,
      "rmse": 0.11886007468197035,
      "mae": 0.06092027202248573,
      "r2": 0.30861276388168335
    },
    "fi": {
      "mse": 0.009684424847364426,
      "rmse": 0.09840947539421407,
      "mae": 0.05038134753704071,
      "r2": 0.30464333295822144
    },
    "id": {
      "mse": 0.02378375455737114,
      "rmse": 0.1542198254355488,
      "mae": 0.09631940722465515,
      "r2": 0.36309605836868286
    },
    "ja": {
      "mse": 0.03323466703295708,
      "rmse": 0.18230377679290433,
      "mae": 0.1624813824892044,
      "r2": 0.48459142446517944
    },
    "ko": {
      "mse": 0.03139160946011543,
      "rmse": 0.17717677460693157,
      "mae": 0.1586974561214447,
      "r2": 0.5116338729858398
    },
    "ru": {
      "mse": 0.01046807412058115,
      "rmse": 0.1023136067225721,
      "mae": 0.05252036452293396,
      "r2": 0.2330857515335083
    }
  },
  "val": {
    "ar": {
      "mse": 0.06078570708632469,
      "rmse": 0.2465475757056327,
      "mae": 0.13856078684329987,
      "r2": -0.08539927005767822
    },
    "en": {
      "mse": 0.056265003979206085,
      "rmse": 0.23720245356911063,
      "mae": 0.1464620679616928,
      "r2": -0.16457724571228027
    },
    "fi": {
      "mse": 0.05453714355826378,
      "rmse": 0.23353188981007236,
      "mae": 0.1342180073261261,
      "r2": -0.12050342559814453
    },
    "id": {
      "mse": 0.06510192155838013,
      "rmse": 0.2551507820062093,
      "mae": 0.18475213646888733,
      "r2": -0.3075979948043823
    },
    "ja": {
      "mse": 0.0630737692117691,
      "rmse": 0.2511449167547874,
      "mae": 0.22423337399959564,
      "r2": -0.08287310600280762
    },
    "ko": {
      "mse": 0.08091031014919281,
      "rmse": 0.28444737676623566,
      "mae": 0.25015708804130554,
      "r2": -0.2339162826538086
    },
    "ru": {
      "mse": 0.06381040066480637,
      "rmse": 0.25260720628043526,
      "mae": 0.1404685378074646,
      "r2": -0.17345988750457764
    }
  },
  "test": {
    "ar": {
      "mse": 0.07188030332326889,
      "rmse": 0.2681050229355446,
      "mae": 0.18214069306850433,
      "r2": -0.30149853229522705
    },
    "en": {
      "mse": 0.02765467017889023,
      "rmse": 0.1662969337627433,
      "mae": 0.10859822481870651,
      "r2": -0.13068616390228271
    },
    "fi": {
      "mse": 0.053669899702072144,
      "rmse": 0.23166764923500247,
      "mae": 0.13858024775981903,
      "r2": -0.20895493030548096
    },
    "id": {
      "mse": 0.07882215082645416,
      "rmse": 0.28075282870605983,
      "mae": 0.20615331828594208,
      "r2": -0.5033503770828247
    },
    "ja": {
      "mse": 0.11337921768426895,
      "rmse": 0.33671830613180054,
      "mae": 0.2852959930896759,
      "r2": -0.5408269166946411
    },
    "ko": {
      "mse": 0.06612715125083923,
      "rmse": 0.2571520002855106,
      "mae": 0.22804315388202667,
      "r2": -0.30866098403930664
    },
    "ru": {
      "mse": 0.05525985360145569,
      "rmse": 0.23507414490210463,
      "mae": 0.1655866503715515,
      "r2": -0.46318352222442627
    }
  }
}