{
  "ko": {
    "train_time": 37.15531063079834,
    "train_metrics": {
      "loss": 0.029082160403436804,
      "mse": 0.02915225178003311,
      "rmse": 0.1707403050835775,
      "r2": -0.3095344305038452
    },
    "val_metrics": {
      "loss": 0.04067513011395931,
      "mse": 0.04226531460881233,
      "rmse": 0.20558529764750283,
      "r2": 0.10285496711730957
    },
    "test_metrics": {
      "loss": 0.027877257338591983,
      "mse": 0.027889927849173546,
      "rmse": 0.16700277796843244,
      "r2": 0.1340126395225525
    },
    "language": "ko",
    "task": "complexity",
    "task_type": "regression",
    "model_type": "lm_probe",
    "is_control": true,
    "control_index": 2
  }
}