{
  "train_time": 39.475665807724,
  "train_metrics": {
    "loss": 0.018126394025360544,
    "mse": 0.018171250820159912,
    "rmse": 0.13480078197161882,
    "r2": 0.005241572856903076
  },
  "val_metrics": {
    "loss": 0.05086297877132893,
    "mse": 0.04658918082714081,
    "rmse": 0.21584527056931502,
    "r2": -0.2625221014022827
  },
  "test_metrics": {
    "loss": 0.036028024341378896,
    "mse": 0.03587104007601738,
    "rmse": 0.18939651548013595,
    "r2": -0.6157540082931519
  },
  "language": "id",
  "task": "single_submetric",
  "task_type": "regression",
  "model_type": "lm_probe",
  "is_control": true,
  "control_index": 2,
  "submetric": "avg_links_len"
}