{
  "en": {
    "train_time": 53.09819030761719,
    "train_metrics": {
      "loss": 0.021328609641641377,
      "mse": 0.021375857293605804,
      "rmse": 0.14620484702500736,
      "r2": -0.02042555809020996
    },
    "val_metrics": {
      "loss": 0.03426445331424475,
      "mse": 0.036494508385658264,
      "rmse": 0.19103535899319335,
      "r2": 0.004145324230194092
    },
    "test_metrics": {
      "loss": 0.024845925558890616,
      "mse": 0.024917801842093468,
      "rmse": 0.15785373559752544,
      "r2": -0.31738829612731934
    },
    "language": "en",
    "task": "single_submetric",
    "task_type": "regression",
    "model_type": "lm_probe",
    "is_control": true,
    "control_index": 2,
    "submetric": "n_tokens"
  }
}