{
  "fi": {
    "train_time": 40.92535877227783,
    "train_metrics": {
      "loss": 0.04537227064371109,
      "mse": 0.045405056327581406,
      "rmse": 0.21308462245685728,
      "r2": -0.005982398986816406
    },
    "val_metrics": {
      "loss": 0.06450240314006805,
      "mse": 0.06453501433134079,
      "rmse": 0.2540374270286581,
      "r2": -0.0508195161819458
    },
    "test_metrics": {
      "loss": 0.08786451071500778,
      "mse": 0.08783113956451416,
      "rmse": 0.29636318861240873,
      "r2": -0.2412242889404297
    },
    "language": "fi",
    "task": "single_submetric",
    "task_type": "regression",
    "model_type": "lm_probe",
    "is_control": true,
    "control_index": 3,
    "submetric": "avg_verb_edges"
  }
}