{
  "train_time": 53.4577910900116,
  "train_metrics": {
    "loss": 0.026421258014937242,
    "mse": 0.02648383006453514,
    "rmse": 0.1627385328203961,
    "r2": -0.048763155937194824
  },
  "val_metrics": {
    "loss": 0.034254564344882964,
    "mse": 0.035438552498817444,
    "rmse": 0.1882513014531837,
    "r2": 0.0012091398239135742
  },
  "test_metrics": {
    "loss": 0.028523968931819712,
    "mse": 0.028575243428349495,
    "rmse": 0.16904213506800456,
    "r2": -0.01084291934967041
  },
  "language": "en",
  "task": "single_submetric",
  "task_type": "regression",
  "model_type": "lm_probe",
  "is_control": true,
  "control_index": 1,
  "submetric": "avg_max_depth"
}