{
  "model_type": "XGBClassifier",
  "training_time": 145.28761529922485,
  "train_metrics": {
    "accuracy": 0.9746648793565683,
    "f1": 0.9741556132913989
  },
  "val_metrics": {
    "accuracy": 0.8616780045351474,
    "f1": 0.8564705882352941
  },
  "test_metrics": {
    "accuracy": 0.7649513212795549,
    "f1": 0.7623066104078763
  },
  "per_language_metrics": {
    "train": {
      "ar": {
        "accuracy": 1.0,
        "f1": 1.0
      },
      "en": {
        "accuracy": 0.988255033557047,
        "f1": 0.9882154882154882
      },
      "fi": {
        "accuracy": 0.9891213389121339,
        "f1": 0.9890295358649789
      },
      "id": {
        "accuracy": 0.9685534591194969,
        "f1": 0.9669603524229075
      },
      "ja": {
        "accuracy": 0.9899244332493703,
        "f1": 0.9899497487437185
      },
      "ko": {
        "accuracy": 0.9472259810554804,
        "f1": 0.9418777943368107
      },
      "ru": {
        "accuracy": 0.9321608040201005,
        "f1": 0.9309462915601023
      }
    },
    "val": {
      "ar": {
        "accuracy": 1.0,
        "f1": 1.0
      },
      "en": {
        "accuracy": 0.7916666666666666,
        "f1": 0.7692307692307693
      },
      "fi": {
        "accuracy": 0.873015873015873,
        "f1": 0.8571428571428571
      },
      "id": {
        "accuracy": 0.8055555555555556,
        "f1": 0.7941176470588235
      },
      "ja": {
        "accuracy": 0.8913043478260869,
        "f1": 0.8888888888888888
      },
      "ko": {
        "accuracy": 0.8472222222222222,
        "f1": 0.8450704225352113
      },
      "ru": {
        "accuracy": 0.8888888888888888,
        "f1": 0.9
      }
    },
    "test": {
      "ar": {
        "accuracy": 0.987012987012987,
        "f1": 0.9767441860465116
      },
      "en": {
        "accuracy": 0.7363636363636363,
        "f1": 0.6947368421052632
      },
      "fi": {
        "accuracy": 0.8090909090909091,
        "f1": 0.8108108108108109
      },
      "id": {
        "accuracy": 0.6909090909090909,
        "f1": 0.6666666666666666
      },
      "ja": {
        "accuracy": 0.6413043478260869,
        "f1": 0.6796116504854369
      },
      "ko": {
        "accuracy": 0.6636363636363637,
        "f1": 0.7218045112781954
      },
      "ru": {
        "accuracy": 0.8727272727272727,
        "f1": 0.8870967741935484
      }
    }
  },
  "feature_importances": [
    [
      14529,
      0.03800918161869049
    ],
    [
      86932,
      0.03453468158841133
    ],
    [
      1779,
      0.03352298587560654
    ],
    [
      1996,
      0.025378944352269173
    ],
    [
      47503,
      0.02356298267841339
    ],
    [
      545,
      0.023398492485284805
    ],
    [
      24,
      0.022556612268090248
    ],
    [
      9007,
      0.01590675860643387
    ],
    [
      45841,
      0.01582995429635048
    ],
    [
      67398,
      0.0154490377753973
    ],
    [
      66274,
      0.015046348795294762
    ],
    [
      117,
      0.014943423680961132
    ],
    [
      34226,
      0.01474840473383665
    ],
    [
      75136,
      0.013528223149478436
    ],
    [
      1932,
      0.013432004489004612
    ],
    [
      1513,
      0.013090142980217934
    ],
    [
      17724,
      0.012679818086326122
    ],
    [
      30858,
      0.012478820979595184
    ],
    [
      41918,
      0.012247476726770401
    ],
    [
      149,
      0.012006952427327633
    ],
    [
      50560,
      0.011884625069797039
    ],
    [
      3018,
      0.011792398057878017
    ],
    [
      8,
      0.011762776412069798
    ],
    [
      121905,
      0.01146808173507452
    ],
    [
      39112,
      0.011016267351806164
    ],
    [
      16990,
      0.0106060691177845
    ],
    [
      15796,
      0.010523435659706593
    ],
    [
      177,
      0.010304286144673824
    ],
    [
      68756,
      0.01003384031355381
    ],
    [
      6653,
      0.00994068942964077
    ],
    [
      1071,
      0.009901712648570538
    ],
    [
      9367,
      0.009690238162875175
    ],
    [
      2282,
      0.009629620239138603
    ],
    [
      5411,
      0.009531785733997822
    ],
    [
      40260,
      0.008914503268897533
    ],
    [
      8628,
      0.008749693632125854
    ],
    [
      306,
      0.008607224561274052
    ],
    [
      129,
      0.008256430737674236
    ],
    [
      43499,
      0.008115086704492569
    ],
    [
      12022,
      0.008054562844336033
    ],
    [
      119782,
      0.008054062724113464
    ],
    [
      35346,
      0.00788899976760149
    ],
    [
      63438,
      0.007769012823700905
    ],
    [
      22,
      0.007735435850918293
    ],
    [
      57308,
      0.007239687722176313
    ],
    [
      347,
      0.007118241395801306
    ],
    [
      431,
      0.0070434678345918655
    ],
    [
      100,
      0.006562508177012205
    ],
    [
      70539,
      0.006324544083327055
    ],
    [
      2596,
      0.006095253396779299
    ],
    [
      101709,
      0.005942284129559994
    ],
    [
      55777,
      0.005926977377384901
    ],
    [
      116001,
      0.005877139512449503
    ],
    [
      10259,
      0.005757317878305912
    ],
    [
      10212,
      0.005749319214373827
    ],
    [
      632,
      0.0055742464028298855
    ],
    [
      2616,
      0.005338353104889393
    ],
    [
      8667,
      0.0053310273215174675
    ],
    [
      2197,
      0.005268877372145653
    ],
    [
      1781,
      0.005258523393422365
    ],
    [
      5976,
      0.00519221555441618
    ],
    [
      375,
      0.005085550714284182
    ],
    [
      13089,
      0.005027107894420624
    ],
    [
      1946,
      0.004940977785736322
    ],
    [
      1197,
      0.004918042104691267
    ],
    [
      83558,
      0.004839340690523386
    ],
    [
      52789,
      0.004825672600418329
    ],
    [
      70478,
      0.004798571113497019
    ],
    [
      4322,
      0.00476258946582675
    ],
    [
      3239,
      0.004642670042812824
    ],
    [
      101204,
      0.004512351006269455
    ],
    [
      118453,
      0.004478125367313623
    ],
    [
      684,
      0.004429829306900501
    ],
    [
      26469,
      0.004340664949268103
    ],
    [
      87070,
      0.004326051101088524
    ],
    [
      9826,
      0.0041850293055176735
    ],
    [
      7246,
      0.004146818071603775
    ],
    [
      24612,
      0.003958717919886112
    ],
    [
      5,
      0.003931804560124874
    ],
    [
      105,
      0.003826900850981474
    ],
    [
      13844,
      0.003814800176769495
    ],
    [
      7911,
      0.0037785694003105164
    ],
    [
      79103,
      0.0037459773011505604
    ],
    [
      1398,
      0.003683066228404641
    ],
    [
      102578,
      0.003642881289124489
    ],
    [
      122204,
      0.003510117530822754
    ],
    [
      2633,
      0.0034990813583135605
    ],
    [
      16450,
      0.0034380790311843157
    ],
    [
      12533,
      0.003412575926631689
    ],
    [
      15939,
      0.0034080767072737217
    ],
    [
      894,
      0.0033797449432313442
    ],
    [
      1735,
      0.003359005320817232
    ],
    [
      4034,
      0.0033047718461602926
    ],
    [
      790,
      0.003303406061604619
    ],
    [
      5323,
      0.003290021326392889
    ],
    [
      2555,
      0.0032735480926930904
    ],
    [
      11015,
      0.003231191076338291
    ],
    [
      6897,
      0.0032275181729346514
    ],
    [
      14456,
      0.0031811704393476248
    ],
    [
      650,
      0.003079215530306101
    ]
  ]
}