{
  "en": {
    "train_time": 36.57636594772339,
    "train_metrics": {
      "loss": 0.01729135268057386,
      "mse": 0.017337320372462273,
      "rmse": 0.13167125871830296,
      "r2": 0.35377633571624756
    },
    "val_metrics": {
      "loss": 0.032273650914430616,
      "mse": 0.03215527534484863,
      "rmse": 0.1793189207664619,
      "r2": 0.23167634010314941
    },
    "test_metrics": {
      "loss": 0.022267448449773446,
      "mse": 0.022306712344288826,
      "rmse": 0.14935431813070832,
      "r2": 0.42118537425994873
    },
    "language": "en",
    "task": "complexity",
    "task_type": "regression",
    "model_type": "lm_probe",
    "is_control": false,
    "control_index": null
  }
}