{
  "train": {
    "ar": {
      "mse": 0.019391480833292007,
      "rmse": 0.13925329738750178,
      "mae": 0.10952852666378021,
      "r2": -0.00011134147644042969
    },
    "en": {
      "mse": 0.02231111004948616,
      "rmse": 0.14936903979568913,
      "mae": 0.10833293199539185,
      "r2": -0.0650719404220581
    },
    "fi": {
      "mse": 0.019410153850913048,
      "rmse": 0.1393203282041535,
      "mae": 0.11638053506612778,
      "r2": -0.324176549911499
    },
    "id": {
      "mse": 0.039400070905685425,
      "rmse": 0.198494511021553,
      "mae": 0.15033204853534698,
      "r2": -0.23049747943878174
    },
    "ja": {
      "mse": 0.02830602042376995,
      "rmse": 0.1682439313133462,
      "mae": 0.1280393749475479,
      "r2": -0.3620924949645996
    },
    "ko": {
      "mse": 0.024391328915953636,
      "rmse": 0.1561772355881408,
      "mae": 0.1451510787010193,
      "r2": -1.4614310264587402
    },
    "ru": {
      "mse": 0.017046131193637848,
      "rmse": 0.13056083330630916,
      "mae": 0.10917286574840546,
      "r2": -0.17008233070373535
    }
  },
  "val": {
    "ar": {
      "mse": 0.05393782630562782,
      "rmse": 0.2322451857533926,
      "mae": 0.16238126158714294,
      "r2": -0.038474202156066895
    },
    "en": {
      "mse": 0.03735608235001564,
      "rmse": 0.1932772163241587,
      "mae": 0.13347679376602173,
      "r2": -0.01936519145965576
    },
    "fi": {
      "mse": 0.021623333916068077,
      "rmse": 0.1470487467340952,
      "mae": 0.12504294514656067,
      "r2": -0.17376577854156494
    },
    "id": {
      "mse": 0.03560196980834007,
      "rmse": 0.1886848425505877,
      "mae": 0.14502011239528656,
      "r2": -0.07113814353942871
    },
    "ja": {
      "mse": 0.02753889001905918,
      "rmse": 0.1659484559104398,
      "mae": 0.1350606381893158,
      "r2": -0.37827467918395996
    },
    "ko": {
      "mse": 0.043476760387420654,
      "rmse": 0.2085108159962467,
      "mae": 0.17082074284553528,
      "r2": -0.00886070728302002
    },
    "ru": {
      "mse": 0.0203049648553133,
      "rmse": 0.14249549064904932,
      "mae": 0.12264493107795715,
      "r2": -0.031647324562072754
    }
  },
  "test": {
    "ar": {
      "mse": 0.07807542383670807,
      "rmse": 0.27941979857681537,
      "mae": 0.19700777530670166,
      "r2": -0.04235661029815674
    },
    "en": {
      "mse": 0.0232008695602417,
      "rmse": 0.15231831656186887,
      "mae": 0.12590768933296204,
      "r2": -0.22661519050598145
    },
    "fi": {
      "mse": 0.022279972210526466,
      "rmse": 0.14926477216854106,
      "mae": 0.12440349906682968,
      "r2": -0.6113959550857544
    },
    "id": {
      "mse": 0.0297929048538208,
      "rmse": 0.1726062132538131,
      "mae": 0.1298341155052185,
      "r2": -0.008545398712158203
    },
    "ja": {
      "mse": 0.07438185065984726,
      "rmse": 0.2727303625558534,
      "mae": 0.1969784051179886,
      "r2": -0.24679505825042725
    },
    "ko": {
      "mse": 0.046861432492733,
      "rmse": 0.2164750158626464,
      "mae": 0.16002534329891205,
      "r2": -0.12375998497009277
    },
    "ru": {
      "mse": 0.01681213453412056,
      "rmse": 0.1296616155001956,
      "mae": 0.10897538810968399,
      "r2": -0.4779273271560669
    }
  }
}