{
  "train_time": 58.86602163314819,
  "train_metrics": {
    "loss": 0.02765111779173215,
    "mse": 0.027653560042381287,
    "rmse": 0.16629359591512022,
    "r2": -0.0125807523727417
  },
  "val_metrics": {
    "loss": 0.02601858265697956,
    "mse": 0.025380466133356094,
    "rmse": 0.15931247952798958,
    "r2": 0.02725774049758911
  },
  "test_metrics": {
    "loss": 0.028377531096339226,
    "mse": 0.028516946360468864,
    "rmse": 0.16886961349061252,
    "r2": 0.0033358335494995117
  },
  "language": "en",
  "task": "single_submetric",
  "task_type": "regression",
  "model_type": "lm_probe",
  "is_control": true,
  "control_index": 3,
  "submetric": "lexical_density"
}