{
  "ja": {
    "train_time": 61.04124045372009,
    "train_metrics": {
      "loss": 0.005578925927790503,
      "mse": 0.005608920007944107,
      "rmse": 0.0748927233310694,
      "r2": 0.7846031188964844
    },
    "val_metrics": {
      "loss": 0.021102041006088257,
      "mse": 0.020354337990283966,
      "rmse": 0.1426686300147442,
      "r2": 0.24610918760299683
    },
    "test_metrics": {
      "loss": 0.08902848698198795,
      "mse": 0.09075884521007538,
      "rmse": 0.30126208724311027,
      "r2": -0.7320259809494019
    },
    "language": "ja",
    "task": "single_submetric",
    "task_type": "regression",
    "model_type": "lm_probe",
    "is_control": false,
    "control_index": null,
    "submetric": "lexical_density"
  }
}