{
  "train_time": 79.39721632003784,
  "train_metrics": {
    "loss": 0.012017006396005551,
    "mse": 0.012059487402439117,
    "rmse": 0.10981569743182946,
    "r2": 0.038387298583984375
  },
  "val_metrics": {
    "loss": 0.015213268250226975,
    "mse": 0.01466307695955038,
    "rmse": 0.12109119274146399,
    "r2": -0.10121810436248779
  },
  "test_metrics": {
    "loss": 0.010544387457360114,
    "mse": 0.010403581894934177,
    "rmse": 0.10199795044477206,
    "r2": -0.1185297966003418
  },
  "language": "en",
  "task": "single_submetric",
  "task_type": "regression",
  "model_type": "lm_probe",
  "is_control": true,
  "control_index": 3,
  "submetric": "avg_links_len"
}