{
  "train_time": 27.116922855377197,
  "train_metrics": {
    "loss": 0.02771524401341981,
    "mse": 0.02808033674955368,
    "rmse": 0.1675718853195657,
    "r2": 0.0385897159576416
  },
  "val_metrics": {
    "loss": 0.03267698362469673,
    "mse": 0.03394956886768341,
    "rmse": 0.18425408779097252,
    "r2": -0.013344883918762207
  },
  "test_metrics": {
    "loss": 0.03663443454674312,
    "mse": 0.03680095076560974,
    "rmse": 0.19183573902067816,
    "r2": -0.054016828536987305
  },
  "language": "ko",
  "task": "single_submetric",
  "task_type": "regression",
  "model_type": "lm_probe",
  "is_control": true,
  "control_index": 2,
  "submetric": "avg_max_depth"
}