{
  "train_time": 37.0992956161499,
  "train_metrics": {
    "loss": 0.02684981265415748,
    "mse": 0.026831550523638725,
    "rmse": 0.1638033898417207,
    "r2": -0.0001074075698852539
  },
  "val_metrics": {
    "loss": 0.04673475176095963,
    "mse": 0.046536631882190704,
    "rmse": 0.21572350794985395,
    "r2": -0.11195433139801025
  },
  "test_metrics": {
    "loss": 0.039317743320550234,
    "mse": 0.03936335816979408,
    "rmse": 0.19840201150642117,
    "r2": -0.0214005708694458
  },
  "language": "en",
  "task": "complexity",
  "task_type": "regression",
  "model_type": "lm_probe",
  "is_control": true,
  "control_index": 2
}