{
  "ko": {
    "train_time": 34.2342472076416,
    "train_metrics": {
      "loss": 0.20192498563134925,
      "accuracy": 0.9215155615696887,
      "f1": 0.9207650273224044
    },
    "val_metrics": {
      "loss": 0.48203410804271696,
      "accuracy": 0.7777777777777778,
      "f1": 0.8
    },
    "test_metrics": {
      "loss": 0.871658205986023,
      "accuracy": 0.5909090909090909,
      "f1": 0.6853146853146853
    },
    "language": "ko",
    "task": "question_type",
    "task_type": "classification",
    "model_type": "lm_probe",
    "is_control": false,
    "control_index": null
  }
}