{
  "train_time": 69.06789946556091,
  "train_metrics": {
    "loss": 0.017047701769818863,
    "mse": 0.017011404037475586,
    "rmse": 0.13042777325966884,
    "r2": 0.004645347595214844
  },
  "val_metrics": {
    "loss": 0.02911906347920497,
    "mse": 0.028400156646966934,
    "rmse": 0.16852346022725423,
    "r2": 0.027057766914367676
  },
  "test_metrics": {
    "loss": 0.07564682761828105,
    "mse": 0.076783187687397,
    "rmse": 0.27709779444700927,
    "r2": -0.13432955741882324
  },
  "language": "ja",
  "task": "single_submetric",
  "task_type": "regression",
  "model_type": "lm_probe",
  "is_control": true,
  "control_index": 3,
  "submetric": "avg_max_depth"
}