{
  "train_time": 58.23505663871765,
  "train_metrics": {
    "loss": 0.0414248997020343,
    "mse": 0.041635263711214066,
    "rmse": 0.20404720951587177,
    "r2": -0.0200653076171875
  },
  "val_metrics": {
    "loss": 0.062280883391698204,
    "mse": 0.06157216057181358,
    "rmse": 0.2481373824553922,
    "r2": -0.06925702095031738
  },
  "test_metrics": {
    "loss": 0.1140989139676094,
    "mse": 0.11494741588830948,
    "rmse": 0.3390389592485051,
    "r2": -0.6654243469238281
  },
  "language": "ar",
  "task": "single_submetric",
  "task_type": "regression",
  "model_type": "lm_probe",
  "is_control": true,
  "control_index": 3,
  "submetric": "avg_verb_edges"
}