{
  "ko": {
    "train_time": 54.67111659049988,
    "train_metrics": {
      "loss": 0.009556767392031689,
      "mse": 0.009539296850562096,
      "rmse": 0.09766932399971905,
      "r2": 0.5625302791595459
    },
    "val_metrics": {
      "loss": 0.009973705746233463,
      "mse": 0.010317694395780563,
      "rmse": 0.1015760522750346,
      "r2": 0.48734796047210693
    },
    "test_metrics": {
      "loss": 0.020530841845486845,
      "mse": 0.02068951725959778,
      "rmse": 0.14383851104484424,
      "r2": 0.10091960430145264
    },
    "language": "ko",
    "task": "single_submetric",
    "task_type": "regression",
    "model_type": "lm_probe",
    "is_control": false,
    "control_index": null,
    "submetric": "avg_links_len"
  }
}