{
  "train_time": 39.474604845047,
  "train_metrics": {
    "loss": 0.02591604134688775,
    "mse": 0.02595452032983303,
    "rmse": 0.16110406677000128,
    "r2": 0.003280162811279297
  },
  "val_metrics": {
    "loss": 0.02672360899547736,
    "mse": 0.026443911716341972,
    "rmse": 0.1626158409145369,
    "r2": 0.020561516284942627
  },
  "test_metrics": {
    "loss": 0.06204300870498022,
    "mse": 0.06263922154903412,
    "rmse": 0.2502782882094132,
    "r2": -0.1953960657119751
  },
  "language": "ja",
  "task": "single_submetric",
  "task_type": "regression",
  "model_type": "lm_probe",
  "is_control": true,
  "control_index": 1,
  "submetric": "lexical_density"
}