{
  "ar": {
    "train_time": 67.29487705230713,
    "train_metrics": {
      "loss": 0.017901764107158498,
      "mse": 0.018086401745676994,
      "rmse": 0.1344856934609663,
      "r2": 0.5568825602531433
    },
    "val_metrics": {
      "loss": 0.02630321867763996,
      "mse": 0.02616424672305584,
      "rmse": 0.16175366061717378,
      "r2": 0.545633852481842
    },
    "test_metrics": {
      "loss": 0.06517287790775299,
      "mse": 0.06514383107423782,
      "rmse": 0.2552328957525613,
      "r2": 0.05615866184234619
    },
    "language": "ar",
    "task": "single_submetric",
    "task_type": "regression",
    "model_type": "lm_probe",
    "is_control": false,
    "control_index": null,
    "submetric": "avg_verb_edges"
  }
}