{
  "id": {
    "train_time": 64.73579907417297,
    "train_metrics": {
      "loss": 0.010790234350133687,
      "mse": 0.010801817290484905,
      "rmse": 0.10393179152927609,
      "r2": 0.6626501083374023
    },
    "val_metrics": {
      "loss": 0.02036804612725973,
      "mse": 0.01926386170089245,
      "rmse": 0.13879431436803327,
      "r2": 0.4204180836677551
    },
    "test_metrics": {
      "loss": 0.04101954400539398,
      "mse": 0.04086051136255264,
      "rmse": 0.20213983121233836,
      "r2": -0.38320446014404297
    },
    "language": "id",
    "task": "single_submetric",
    "task_type": "regression",
    "model_type": "lm_probe",
    "is_control": false,
    "control_index": null,
    "submetric": "n_tokens"
  }
}