{
  "ja": {
    "train_time": 31.69739294052124,
    "train_metrics": {
      "loss": 0.06442501080532868,
      "mse": 0.06418035924434662,
      "rmse": 0.2533384282819064,
      "r2": 0.01207268238067627
    },
    "val_metrics": {
      "loss": 0.0833920103808244,
      "mse": 0.0847097709774971,
      "rmse": 0.29104943047100623,
      "r2": 0.015271663665771484
    },
    "test_metrics": {
      "loss": 0.10259254897634189,
      "mse": 0.10401833802461624,
      "rmse": 0.3225187405789255,
      "r2": -0.08889126777648926
    },
    "language": "ja",
    "task": "single_submetric",
    "task_type": "regression",
    "model_type": "lm_probe",
    "is_control": true,
    "control_index": 3,
    "submetric": "avg_verb_edges"
  }
}