{
  "train_time": 31.51869773864746,
  "train_metrics": {
    "loss": 0.04050811838378456,
    "mse": 0.041187964379787445,
    "rmse": 0.20294818151387178,
    "r2": -0.11690747737884521
  },
  "val_metrics": {
    "loss": 0.032041392847895624,
    "mse": 0.032141152769327164,
    "rmse": 0.17927953806647082,
    "r2": -0.3082275390625
  },
  "test_metrics": {
    "loss": 0.042770617242370336,
    "mse": 0.0426982045173645,
    "rmse": 0.20663543867731038,
    "r2": -0.23070251941680908
  },
  "language": "ko",
  "task": "single_submetric",
  "task_type": "regression",
  "model_type": "lm_probe",
  "is_control": true,
  "control_index": 2,
  "submetric": "avg_verb_edges"
}