{
  "ar": {
    "train_time": 39.9400532245636,
    "train_metrics": {
      "loss": 0.030526152871076077,
      "mse": 0.03072439134120941,
      "rmse": 0.17528374522815687,
      "r2": -0.0008804798126220703
    },
    "val_metrics": {
      "loss": 0.06539443880319595,
      "mse": 0.0649179145693779,
      "rmse": 0.25478994204908856,
      "r2": -0.0006009340286254883
    },
    "test_metrics": {
      "loss": 0.05656043142080307,
      "mse": 0.056144095957279205,
      "rmse": 0.2369474540004159,
      "r2": 0.032100796699523926
    },
    "language": "ar",
    "task": "complexity",
    "task_type": "regression",
    "model_type": "lm_probe",
    "is_control": true,
    "control_index": 3
  }
}