{
  "id": {
    "train_time": 47.3970091342926,
    "train_metrics": {
      "loss": 0.027333535133705785,
      "mse": 0.02748170495033264,
      "rmse": 0.16577606869006348,
      "r2": 0.04389911890029907
    },
    "val_metrics": {
      "loss": 0.0469999860972166,
      "mse": 0.045590613037347794,
      "rmse": 0.21351958466929397,
      "r2": -0.11909627914428711
    },
    "test_metrics": {
      "loss": 0.035274493374994824,
      "mse": 0.03544432297348976,
      "rmse": 0.1882666273493254,
      "r2": -0.10020220279693604
    },
    "language": "id",
    "task": "single_submetric",
    "task_type": "regression",
    "model_type": "lm_probe",
    "is_control": true,
    "control_index": 2,
    "submetric": "avg_max_depth"
  }
}