{
  "id": {
    "train_time": 57.9259672164917,
    "train_metrics": {
      "loss": 0.01820978244456152,
      "mse": 0.018238792195916176,
      "rmse": 0.13505107254633772,
      "r2": 0.0015441179275512695
    },
    "val_metrics": {
      "loss": 0.048632750660181044,
      "mse": 0.04467158019542694,
      "rmse": 0.2113565239007941,
      "r2": -0.2105569839477539
    },
    "test_metrics": {
      "loss": 0.03463318704494408,
      "mse": 0.03446325659751892,
      "rmse": 0.18564281994604295,
      "r2": -0.5523426532745361
    },
    "language": "id",
    "task": "single_submetric",
    "task_type": "regression",
    "model_type": "lm_probe",
    "is_control": true,
    "control_index": 3,
    "submetric": "avg_links_len"
  }
}