{
  "en": {
    "train_time": 46.55381155014038,
    "train_metrics": {
      "loss": 0.026463913756112258,
      "mse": 0.026445670053362846,
      "rmse": 0.16262124723836935,
      "r2": -0.04725205898284912
    },
    "val_metrics": {
      "loss": 0.03389698155224323,
      "mse": 0.0350562185049057,
      "rmse": 0.1872330593268873,
      "r2": 0.011984646320343018
    },
    "test_metrics": {
      "loss": 0.028325328470340798,
      "mse": 0.028377175331115723,
      "rmse": 0.1684552621057464,
      "r2": -0.0038362741470336914
    },
    "language": "en",
    "task": "single_submetric",
    "task_type": "regression",
    "model_type": "lm_probe",
    "is_control": true,
    "control_index": 3,
    "submetric": "avg_max_depth"
  }
}