{
  "train_time": 65.69598627090454,
  "train_metrics": {
    "loss": 0.036027865825841825,
    "mse": 0.036101918667554855,
    "rmse": 0.19000504905805754,
    "r2": 0.005093216896057129
  },
  "val_metrics": {
    "loss": 0.059061714261770246,
    "mse": 0.05772320553660393,
    "rmse": 0.24025654109015207,
    "r2": -0.3806353807449341
  },
  "test_metrics": {
    "loss": 0.03946293251855033,
    "mse": 0.03944576904177666,
    "rmse": 0.19860958950105267,
    "r2": 0.0325779914855957
  },
  "language": "id",
  "task": "complexity",
  "task_type": "regression",
  "model_type": "lm_probe",
  "is_control": true,
  "control_index": 1
}