{
  "ja": {
    "train_time": 35.774457693099976,
    "train_metrics": {
      "loss": 0.693134294350942,
      "accuracy": 0.4995801847187238,
      "f1": 0.0
    },
    "val_metrics": {
      "loss": 0.6935395995775858,
      "accuracy": 0.4782608695652174,
      "f1": 0.0
    },
    "test_metrics": {
      "loss": 0.694226861000061,
      "accuracy": 0.40217391304347827,
      "f1": 0.0
    },
    "language": "ja",
    "task": "question_type",
    "task_type": "classification",
    "model_type": "lm_probe",
    "is_control": true,
    "control_index": 2
  }
}