{
  "fi": {
    "train_time": 62.01428556442261,
    "train_metrics": {
      "loss": 0.015595194222405552,
      "accuracy": 0.9974895397489539,
      "f1": 0.9974853310980721
    },
    "val_metrics": {
      "loss": 0.013175405096262693,
      "accuracy": 1.0,
      "f1": 1.0
    },
    "test_metrics": {
      "loss": 0.4159316609480551,
      "accuracy": 0.9181818181818182,
      "f1": 0.9217391304347826
    },
    "language": "fi",
    "task": "question_type",
    "task_type": "classification",
    "model_type": "lm_probe",
    "is_control": false,
    "control_index": null
  }
}