language,real,control1,control2,control3
ar,0.1356641252638334,0.1811279764047838,0.178891066107673,
en,0.0880161927701445,0.1355334950273236,0.1316039327360239,
fi,0.1442245805351737,0.1434180695395854,0.1590595186495926,
id,0.1054466581297994,0.1453467201975731,0.1363093385470832,
ja,0.1718663498121665,0.2128096411039866,0.2099816249044033,
ko,0.1172797208780152,0.1494331546000038,0.1502741785317859,
ru,0.0938294298703048,0.1351361504346581,0.1244786327052993,
