language,real,control1,control2,control3
ar,0.0499632582068443,0.065807431936264,0.0540818125009536,0.0572438314557075
en,0.025914566591382,0.0422278828918933,0.0396714024245739,0.0404054336249828
fi,0.0284530334174633,0.0385410338640213,0.039173200726509,0.0383518598973751
id,0.0618425160646438,0.0394457690417766,0.041395790874958,0.0473227463662624
ja,0.0228235013782978,0.0587811879813671,0.0621891729533672,0.0556460209190845
ko,0.0156208472326397,0.0368849225342273,0.0278899278491735,0.0329731293022632
ru,0.0248988457024097,0.0582854300737381,0.0471381060779094,0.0668556168675422
