language,real,control1,control2,control3
ar,0.1697873089576112,0.2336419584756053,0.2271080199099155,0.2418827069459369
en,0.0885437493509399,0.1261133206986071,0.1187081560519824,0.1307746873837294
fi,0.113778911391487,0.1367432625745804,0.1325636837288392,0.142646023964129
id,0.1818208915419358,0.2163426138049659,0.2043736947204003,0.2245749972627797
ja,0.1087627844185546,0.1460309169091457,0.1457806257897784,0.1416564074432972
ko,0.109215566429725,0.1483861883145202,0.1382082108811733,0.1565323023617483
ru,0.1196706655768563,0.191516637716854,0.1791161247095782,0.1842702840632303
