language,real,control1,control2,control3
ar,0.1279963126251007,0.2114283877116402,0.208049342745567,0.2297224952743136
en,0.1446895803237396,0.1769426360939805,0.1826027419433218,0.1795877086739818
fi,0.1611411862570465,0.2275483685437972,0.228384221403795,0.2350387668704605
id,0.1194864699343528,0.1920859994178945,0.1882584672660433,0.2086747905703
ja,0.1127431547273541,0.2201142588901001,0.2188535274608505,0.2092667331356412
ko,0.1332639035589341,0.1950770315338368,0.1956515889747502,0.2035286425639646
ru,0.115754696966205,0.2071675757882564,0.2023827614388405,0.2131022679261233
