language,real,control1,control2,control3
ar,0.041628148406744,0.0654896274209022,0.0677763000130653,0.0658589377999305
en,0.0313834697008132,0.0489022471010685,0.054879929870367,0.0552156679332256
fi,0.0432578139007091,0.053676638752222,0.0646541267633438,0.0678032785654068
id,0.0428838320076465,0.0577124431729316,0.063899278640747,0.0619445890188217
ja,0.0377974472939968,0.0912926271557807,0.0917129069566726,0.08948964625597
ko,0.0260467641055583,0.0285967662930488,0.0299967788159847,0.0284854173660278
ru,0.0328712575137615,0.0476131439208984,0.0502119250595569,0.0509998239576816
