language,real,control1,control2,control3
ar,0.4771044712151971,-0.048648131841664,-0.0077936705129142,
en,0.5767771640043519,-0.102695654968558,-0.1808320400340994,
fi,0.2948918853242591,-0.1312330337746023,-0.1905299724747604,
id,0.3547726368828126,-0.0809642217062709,-0.1120225603524991,
ja,0.2966407240596148,-0.0957678386948202,-0.1026347209518923,
ko,0.4629013124799177,-0.0686732250260893,-0.1370568562280416,
ru,0.5851678208316922,-0.3006994591105658,-0.0437054004412871,
