language,real,control1,control2,control3
ar,0.1301161026143563,0.2600150667465027,0.2534839933672684,0.2648195790201532
en,0.1605327878465855,0.2103483927708414,0.2203727376035211,0.218774402483461
fi,0.1540849957185181,0.2957297117911959,0.2844934730233612,0.2852508570878027
id,0.120227216708266,0.2433593838785087,0.2431439081135463,0.2414028624262973
ja,0.0907887075663614,0.251482694418187,0.2566936519425244,0.2434050962504279
ko,0.1289518593527629,0.2283948921723097,0.2274672349847127,0.2262756570736747
ru,0.1042253795699905,0.2403517878106826,0.2384609967149722,0.2387533982020099
