language,real,control1,control2,control3
ar,0.1530708097203542,0.2647740472263762,0.2503102072077736,0.2829741603352638
en,0.1698830215581052,0.2163466802502314,0.2249179985622358,0.221364632772034
fi,0.2117675598408962,0.2788410840515376,0.2830701822918668,0.2895850799084891
id,0.1616899233574747,0.2320339306537103,0.228355035784695,0.2476075585851839
ja,0.1536938057526191,0.2708629422931145,0.2621717521881253,0.2578339604374163
ko,0.1674401861727669,0.2396985717919626,0.2385300858524484,0.2494246924358163
ru,0.1480074982139399,0.2664479667483816,0.2507294929750113,0.2664836149144902
