language,real,control1,control2,control3
ar,0.0617659412324428,0.0544015303254127,0.0558696918189525,0.056560431420803
en,0.0222674484497734,0.0396990124136209,0.0389531494251319,0.0390756979052509
fi,0.0205055798536964,0.0382818981472935,0.0373460182121821,0.0378494230764252
id,0.0432180693106991,0.039225271237748,0.0417253335139581,0.0422405520720141
ja,0.019516828469932,0.05409019254148,0.0516955601051449,0.0520396595820784
ko,0.0210578508142914,0.0330844029252018,0.0312279430883271,0.0332114621996879
ru,0.0176989353661026,0.0488733202219009,0.046566955479128,0.0479551556387117
