language,real,control1,control2,control3
ar,0.1669691634104154,0.2335672408132602,0.2260819128309036,
en,0.1131424444918214,0.1811006094680647,0.1751253140072199,
fi,0.1733929947342254,0.1859990988639137,0.197495610009402,
id,0.1351462257221805,0.1862392400051463,0.1790087918924446,
ja,0.2303468119808034,0.2890672227947565,0.2866202656089653,
ko,0.1482074198029302,0.19479416482416,0.2019622048752619,
ru,0.118547709499548,0.1748736858087138,0.1573874283600136,
