language,real,control1,control2,control3
ar,0.0279956428954998,0.0660853696366151,0.0632762337724367,0.0623605822523435
en,0.0358249075710773,0.0370748240500688,0.0377844475209713,0.0407990124076604
fi,0.0526494495570659,0.0834594089537859,0.0834403187036514,0.0827148128300905
id,0.0220242567360401,0.0590617142617702,0.058286914974451,0.0583028580993413
ja,0.0152139564355214,0.0755474840601285,0.0628732418020566,0.0607372845212618
ko,0.0144867485389113,0.0551194451749324,0.0406751301139593,0.0490747898817062
ru,0.024336296133697,0.0548250384628772,0.0487199924886226,0.0671785019338131
