language,real,control1,control2,control3
ar,0.0648795068264007,0.0648795068264007,0.0648795068264007,0.0648795068264007
en,0.0468109548091888,0.0468109548091888,0.0468109548091888,0.0468109548091888
fi,0.0739054605364799,0.0739054605364799,0.0739054605364799,0.0739054605364799
id,0.0540173798799514,0.0540173798799514,0.0540173798799514,0.0540173798799514
ja,0.0667889490723609,0.0667889490723609,0.0667889490723609,0.0667889490723609
ko,0.0541733652353286,0.0541733652353286,0.0541733652353286,0.0541733652353286
ru,0.0618498735129833,0.0618498735129833,0.0618498735129833,0.0618498735129833
