language,real,control1,control2,control3
ar,0.0446351137012243,0.0607027746737003,0.0582788459956645,0.0596819318830966
en,0.0127536078382815,0.0400328316858836,0.0393177433205502,0.0391547115785734
fi,0.018430236327861,0.0391419460730893,0.0393481254577636,0.0391905201332909
id,0.0224041579557316,0.0418675669601985,0.0404285102018288,0.0432361295180661
ja,0.018632806216677,0.0597479101270437,0.0569220321873823,0.0577192129567265
ko,0.0132906840049794,0.0328975806811026,0.0341521227466208,0.0358500781336001
ru,0.0297787652484008,0.0495699833014181,0.0548962761781045,0.052833295826401
