language,real,control1,control2,control3
ar,0.0678255595327193,0.0698992936697083,0.0701234784240058,0.07193870324499
en,0.0241041547426598,0.0332386865306844,0.0273206503774156,0.02760084790695
fi,0.0582366677730357,0.0536963600477713,0.0581410275512951,0.0563246009285917
id,0.0378730408992781,0.0607756504481699,0.0767527515976588,0.0605156051166773
ja,0.0770873584933994,0.0620038619409268,0.0622601380175865,0.066531105171678
ko,0.0592314564206086,0.0787504546780209,0.0806955348900667,0.0842903425872647
ru,0.0430950803586705,0.0604120864849273,0.0641448392974655,0.0688094996232158
