language,real,control1,control2,control3
ar,0.017822066321969,0.0619489923119545,0.0630240887403488,0.0649179145693779
en,0.0321552753448486,0.0420959927141666,0.0439026206731796,0.0411827974021434
fi,0.0214814059436321,0.080391839146614,0.0775509476661682,0.0754320248961448
id,0.0160263329744339,0.0494049116969108,0.0464644953608512,0.0478417798876762
ja,0.0128831593319773,0.0613064207136631,0.0600748211145401,0.0607318207621574
ko,0.0173285957425832,0.0495471954345703,0.0473286360502243,0.0503870584070682
ru,0.0131004489958286,0.051169779151678,0.0503305420279502,0.0514554493129253
