language,real,control1,control2,control3
ar,0.10744109749794,0.1229071542620658,0.1257248520851135,0.1239289864897728
en,0.050181571394205,0.0667194575071334,0.0607675164937973,0.0640795156359672
fi,0.0664499998092651,0.0822582095861435,0.0830441415309906,0.0890615209937095
id,0.0773122534155845,0.0700950175523758,0.0740941017866134,0.0747929140925407
ja,0.0968089178204536,0.1080954894423484,0.1070510894060134,0.112199068069458
ko,0.0371718592941761,0.0392042212188243,0.0408824197947979,0.0355036295950412
ru,0.0454679317772388,0.0457377359271049,0.0479658357799053,0.0513028129935264
