language,real,control1,control2,control3
ar,0.2118465122549827,0.2450613588989044,0.2404276450323743,0.2431247786690065
en,0.112758280221406,0.2001431560030214,0.1984020115064211,0.197969728601411
fi,0.1355968355784726,0.1983719480931172,0.1988745314846118,0.1984864031989787
id,0.149106069781021,0.2043696746074025,0.2008758144112903,0.2076762695794672
ja,0.1358711055870436,0.2456939871442756,0.239512553160302,0.2413093659509385
ko,0.1151847085764588,0.1816174071865219,0.1850050091226419,0.189497647510536
ru,0.1722581288702751,0.2222364969726865,0.2339343219646185,0.2294710027778154
