language,real,control1,control2,control3
ar,0.1074824173433438,0.1705240573687566,0.1627406363909884,0.1761148506889023
en,0.0664458877675617,0.0897799213097827,0.0879970133133853,0.0917474709603069
fi,0.0796159313364683,0.1033517741520817,0.0978647001582922,0.1090342568585443
id,0.1286715565711738,0.1655966451271746,0.154957237398926,0.1687228520292549
ja,0.0720034153672186,0.1110967532107345,0.1099273751343864,0.1069180320491694
ko,0.0847376019324472,0.1181345670620385,0.1075575403545889,0.1219255868621988
ru,0.0895957989609008,0.1498364303371149,0.1418206929435402,0.1421816267298976
