language,real,control1,control2,control3
ar,0.2059682782404617,0.2370764494255769,0.2407301075615866,0.2479969409933742
en,0.1238161291816216,0.2003994064191633,0.1995017061787979,0.2046186385910713
fi,0.1393854559410425,0.19479177678117,0.2030384356105097,0.2044102556547362
id,0.1405357700284344,0.204566280492062,0.2013918220554883,0.2000264735135048
ja,0.16810956862866,0.2407609549304726,0.2457787450431157,0.2465260206004696
ko,0.1250980335500895,0.1901250701455232,0.1921006859501015,0.1945021603753599
ru,0.1557557335065381,0.2434366376026631,0.2466066858033458,0.245226041780449
