language,real,control1,control2,control3
ar,0.0209618713706731,0.0564518421888351,0.0489323288202285,0.0559931844472885
en,0.0224803984165191,0.0412620306015014,0.0360496863722801,0.0390188507735729
fi,0.0096738245338201,0.0195243712514638,0.0210067462176084,0.0206374116241931
id,0.0214408002793788,0.031775776296854,0.0329194590449333,0.0355578064918518
ja,0.0062836287543177,0.0254029612988233,0.023760225623846,0.0237657949328422
ko,0.0197620764374732,0.0453749857842922,0.0453701242804527,0.0445298254489898
ru,0.0068967035040259,0.021557493135333,0.0223198272287845,0.0228723082691431
