language,real,control1,control2,control3
ar,0.1697427034378051,0.194325715303421,0.1966325640678405,0.2012155205011367
en,0.0970836356282234,0.1560105085372924,0.1557158231735229,0.1590763628482818
fi,0.106647178530693,0.1530248820781707,0.1612539291381836,0.1635774075984954
id,0.1132050082087516,0.1628017723560333,0.1643399149179458,0.1647278815507888
ja,0.1317500472068786,0.1942154914140701,0.1995788216590881,0.1954790651798248
ko,0.1004330366849899,0.1483700424432754,0.1514995396137237,0.1527741998434066
ru,0.1262738108634948,0.1967202574014663,0.1972987800836563,0.1976601034402847
