language,real,control1,control2,control3
ar,0.2040297733340504,0.2559094125289303,0.2603388177223392,0.2566299627867536
en,0.1771538023888093,0.2211385246877361,0.2342646577492368,0.2349801436998999
fi,0.2079851290374125,0.2316821934293226,0.2542717576990095,0.2603906268770187
id,0.2070841181926961,0.2402341423963956,0.2527830663647133,0.2488866991601233
ja,0.1944156559899351,0.3021466980719478,0.3028413891076856,0.2991482011578374
ko,0.1613900991559221,0.1691057843275884,0.1731957817499743,0.1687762346008105
ru,0.1813043229318085,0.2182043627448783,0.2240801755166149,0.2258314060481439
