language,real,control1,control2,control3
ar,0.158523735268265,0.2002599577110642,0.1934658371898286,0.2174057279879473
en,0.1332785473928935,0.1733243890177984,0.1656452266230005,0.1688374875679168
fi,0.1422800093324729,0.1863867247671714,0.1970653545455179,0.1876996554709511
id,0.1512010436843738,0.2376528196946292,0.2608793032528544,0.2457317455448554
ja,0.1425921315600186,0.1691801703484586,0.186733215936011,0.1683856436443349
ko,0.1664164481544968,0.204082409922567,0.1939527262160859,0.2005809214918533
ru,0.1855998978805346,0.2263125445124331,0.2286722771741914,0.2313585455913005
