language,real,control1,control2,control3
ar,0.0625984594225883,0.053910955786705,0.0553630851209163,0.0561440959572792
en,0.0223067123442888,0.0396901033818721,0.0389800406992435,0.0390859209001064
fi,0.020402418449521,0.0384797230362892,0.0375304408371448,0.03803301602602
id,0.0430702194571495,0.0391544252634048,0.0416170954704284,0.0421061404049396
ja,0.0191846378147602,0.054281186312437,0.0517551377415657,0.0524918101727962
ko,0.020968098193407,0.0331725999712944,0.0313130281865596,0.0332886017858982
ru,0.0176359098404645,0.0486926473677158,0.046375248581171,0.047786246985197
