language,real,control1,control2,control3
ar,0.1246605813503265,0.163601741194725,0.1490247398614883,0.1623140573501587
en,0.1134000867605209,0.1402412056922912,0.1312609314918518,0.1357625275850296
fi,0.1026915982365608,0.1454195827245712,0.1466169953346252,0.1482475399971008
id,0.1149581521749496,0.183649942278862,0.2057837396860122,0.1949510127305984
ja,0.1201911568641662,0.1459104120731353,0.1553904563188552,0.1467244178056717
ko,0.1292066127061844,0.1609858125448227,0.1628481298685073,0.1583850681781768
ru,0.1451061367988586,0.1725668162107467,0.1696214228868484,0.1704243421554565
