language,real,control1,control2,control3
ar,0.0494277986306719,0.0773614504321878,0.079381802476142,0.0839556352924048
en,0.0154628104781148,0.0288806495939968,0.0299724323234565,0.0298526779925206
fi,0.0370485505749417,0.0499807054875461,0.0527445258447442,0.0557158816488653
id,0.0352834767870278,0.0762488177278367,0.0713188638712342,0.0765515879919051
ja,0.0695824108894331,0.1087141779287049,0.1058930582207126,0.1155729896718254
ko,0.0450828193154523,0.0711960917925989,0.0616790738033208,0.0734455531921434
ru,0.0318440036548939,0.0564020633935432,0.053076940649082,0.0575341121028708
