language,real,control1,control2,control3
ar,0.1656768386682672,0.2063690562130302,0.205531411703307,0.2143039841559233
en,0.1127355962688541,0.1614102266601798,0.160322091078948,0.1585170871335377
fi,0.1338945793844053,0.1486801660686496,0.167390330552446,0.1633427203939733
id,0.1149874458134276,0.1661523361133113,0.1712806838768667,0.1771921940628378
ja,0.1484787976328055,0.1940832229539463,0.1924846082355934,0.2079093748208917
ko,0.1134116150054769,0.1481217712806767,0.1538936634270361,0.1590541245554128
ru,0.1285120444937659,0.2048233097230836,0.1927117738082758,0.2023372447152795
