language,real,control1,control2,control3
ar,0.3008597848901304,0.341311372711796,0.3618467256207043,0.3611221348107247
en,0.2128204575053345,0.2657138699596026,0.2526759674440632,0.2551528550788492
fi,0.2571261482366038,0.2901524010416862,0.298972087932026,0.3035011178671505
id,0.2638340998433295,0.2703566281708353,0.2706536701354534,0.2815688137947693
ja,0.3069147316462407,0.3171478598863001,0.3301905320968576,0.3339595939384591
ko,0.1943024807483621,0.1988823148077128,0.2210238389051037,0.18819440666442
ru,0.2048638254133011,0.2300318230249348,0.2152625472343703,0.2329594953614402
