language,real,control1,control2,control3
ar,0.0902339922131813,0.1684085914208683,0.1592053572736504,0.1736962694774113
en,0.1167160623918183,0.1396654971848885,0.1443530061748973,0.1433910128374792
fi,0.0855243982688287,0.1142716440217367,0.1147845752606046,0.1127820464073015
id,0.0948955863192757,0.14138721301413,0.1471257981313583,0.150854536160005
ja,0.0815592948508604,0.1296923911407547,0.1270988567542848,0.1328592055472501
ko,0.1049629699566995,0.1502782329704452,0.1518109797372442,0.1527689906890786
ru,0.0710390025308879,0.130958043681699,0.1308791536374177,0.1236365362129385
