language,real,control1,control2,control3
ar,0.0945892557501792,0.1651951223611831,0.153024286031723,0.166537657380104
en,0.1121175810694694,0.144759401679039,0.1335441023111343,0.1422323435544967
fi,0.0727893784642219,0.1153612285852432,0.117148607969284,0.1168207898736
id,0.1027500554919242,0.1424912363290786,0.1454536020755767,0.1528028547763824
ja,0.0638026967644691,0.1307018399238586,0.130510076880455,0.1248052865266799
ko,0.086750328540802,0.1428194493055343,0.1428286433219909,0.1421154588460922
ru,0.0640349462628364,0.1199207827448844,0.1241313889622688,0.1249700114130973
