language,real,control1,control2,control3
ar,0.2501968413521409,0.2321873290830165,0.2352936147049391,0.2369474540004159
en,0.1493543181307083,0.1992237520524904,0.1974336361900969,0.1977015955932233
fi,0.1428370345866962,0.1961624914102826,0.193727749269806,0.1950205528297467
id,0.207533658612644,0.1978747716698742,0.2040026849588712,0.205197807992531
ja,0.1385086200016454,0.2329832318267498,0.227497555462835,0.2291109123826192
ko,0.1448036539366567,0.1821334674662907,0.1769548761310625,0.1824516423217347
ru,0.1328002629532961,0.2206641052996971,0.2153491318328705,0.2186006564152932
