language,real,control1,control2,control3
ar,0.1690077528476675,0.2572283774437159,0.2569186436455092,0.2577266839282759
en,0.1764920961481844,0.2077265077516481,0.2157235079498539,0.2118872612384564
fi,0.1901073466431274,0.2841251884716598,0.2825048190313505,0.2843590396552344
id,0.1482226422961192,0.2229036412414649,0.2271350909155457,0.2232878327116766
ja,0.1140842872544161,0.255364281178736,0.2524547610264416,0.250269238213631
ko,0.1382654439653592,0.2238424725952084,0.2283155755692956,0.2332693884427969
ru,0.1520944475060374,0.2310951174965737,0.2407164350406006,0.2369048042092225
