language,real,control1,control2,control3
ar,0.0396468728597336,0.0650368838091583,0.0609747123923637,0.0678907438657478
en,0.0063291946217137,0.011205070255704,0.0105996692334925,0.0129460510363453
fi,0.0178179830623748,0.0233950912494846,0.0222270832494752,0.0253820551333931
id,0.0263448763543937,0.0362438350816276,0.0353316097189432,0.0372178580471906
ja,0.0757571722221237,0.1068893062560196,0.1069637187140345,0.1066755145030401
ko,0.0200660760247972,0.0263883658213615,0.0264222607197322,0.0282746872594461
ru,0.0188515791466277,0.0203916007052315,0.0196877436299557,0.0234047423250508
