language,real,control1,control2,control3
ar,0.5597395896911621,-0.0198448896408081,-0.0173903703689575,-0.0238000154495239
en,0.2557094097137451,-0.0310407876968383,-0.1119543313980102,-0.0727578401565551
fi,0.448741614818573,-0.2313369512557983,-0.2173322439193725,-0.2333647012710571
id,0.4745182394981384,-0.1884007453918457,-0.2339485883712768,-0.1925008296966552
ja,0.7878788709640503,-0.0628025531768798,-0.038722276687622,-0.0208154916763305
ko,0.5942057371139526,-0.0635638236999511,-0.1064954996109008,-0.1550320386886596
ru,0.5027269124984741,-0.1480207443237304,-0.2456030845642089,-0.2064683437347412
