language,real,control1,control2,control3
ar,0.1621433475240448,0.2552708124377494,0.238598627816273,0.271823465461613
en,0.16362603349046,0.2124665349667288,0.2215179155576664,0.2214367833886326
fi,0.211044866999555,0.2778541944945724,0.2845410150594135,0.2857750879565068
id,0.1356614510822791,0.233822648544748,0.2314595326751094,0.2436615324867815
ja,0.1639425656768194,0.2604319838151844,0.2637300215291246,0.2697393056633971
ko,0.1574992250147175,0.2335540220994749,0.2311773479235384,0.2346013883132539
ru,0.1247812719273422,0.2495822620143304,0.250003442144539,0.250456571895701
