language,real,control1,control2,control3
ar,0.2427366015476717,0.2427366015476717,0.2427366015476717,0.2427366015476717
en,0.1965719812650669,0.1965719812650669,0.1965719812650669,0.1965719812650669
fi,0.2007060258862857,0.2007060258862857,0.2007060258862857,0.2007060258862857
id,0.2019395624472806,0.2019395624472806,0.2019395624472806,0.2019395624472806
ja,0.2510692410474532,0.2510692410474532,0.2510692410474532,0.2510692410474532
ko,0.1888926168401914,0.1888926168401914,0.1888926168401914,0.1888926168401914
ru,0.243046015692246,0.243046015692246,0.243046015692246,0.243046015692246
