language,real,control1,control2,control3
ar,0.1578634530305862,0.2214891910552978,0.2234418243169784,0.2196466773748397
en,0.1362364888191223,0.1906144022941589,0.197706252336502,0.20070181787014
fi,0.1537642627954483,0.188943326473236,0.2133452445268631,0.2241081893444061
id,0.1612871438264846,0.2064188122749328,0.2115988433361053,0.2041134238243103
ja,0.1465783268213272,0.2644105851650238,0.2652647197246551,0.2635950744152069
ko,0.1257072836160659,0.135389968752861,0.1377953886985778,0.135443165898323
ru,0.1387104094028473,0.1732635200023651,0.1820708662271499,0.1864683330059051
