language,real,control1,control2,control3
ar,0.2929755747318268,0.3157062530517578,0.3200113177299499,0.3191776573657989
en,0.1862455904483795,0.2205032557249069,0.2131672203540802,0.2135279774665832
fi,0.2111571729183197,0.2499325722455978,0.2499060034751892,0.2623269557952881
id,0.2233410775661468,0.2150520533323288,0.2319129407405853,0.2259311228990554
ja,0.2442219108343124,0.2755855917930603,0.2797937095165252,0.2868206202983856
ko,0.1558924466371536,0.1546683758497238,0.1592183262109756,0.1416687071323394
ru,0.1644380390644073,0.1667373776435852,0.1725042462348938,0.1797528862953186
