language,real,control1,control2,control3
ar,0.1506238728761673,0.1923285573720932,0.1903227567672729,0.194560021162033
en,0.1076341792941093,0.1364947706460952,0.1333727538585662,0.1370604932308197
fi,0.0788162872195243,0.1000331789255142,0.1066737174987793,0.1024344787001609
id,0.1424626857042312,0.1405735313892364,0.1413050591945648,0.1386606842279434
ja,0.118540346622467,0.1887653321027755,0.1868615001440048,0.1868773698806762
ko,0.1267116963863372,0.1879052817821502,0.188258409500122,0.1884390711784362
ru,0.071991354227066,0.0974476262927055,0.0982907488942146,0.1004607081413269
