language,real,control1,control2,control3
ar,0.1402836496612716,0.1986618547008621,0.194753560032282,
en,0.1225420768248833,0.1978010176071709,0.2046891177743486,
fi,0.1794672322378256,0.227317749677785,0.2331994251559129,
id,0.1621288805122248,0.209850329444921,0.21284369737343,
ja,0.1432865435258684,0.1788446987610518,0.1794042093612738,
ko,0.1341422275726144,0.1892173399013453,0.1951774137849898,
ru,0.1222439833072133,0.2164610465085723,0.1939010850118656,
