language,real,control1,control2,control3
ar,0.0905166101641355,0.1164934531424105,0.1309330528424253,0.1304091962502552
en,0.0452925471327799,0.0706038606889086,0.0638451445237932,0.0651029794548882
fi,0.0661138561069919,0.0841884158302555,0.0893843093624351,0.0921129285466099
id,0.0696084322401399,0.0730927063959032,0.0732534091577908,0.0792809969017935
ja,0.0941966525014839,0.1005827650304602,0.1090257874864059,0.1115290103835405
ko,0.0377534540249676,0.0395541751432741,0.0488515373643492,0.0354171346997731
ru,0.0419691869629715,0.0529146396041749,0.0463379642418295,0.0542701264790569
