language,real,control1,control2,control3
ar,0.2868666888261001,0.2599265811724578,0.2580299038782034,0.2661280496681463
en,0.1150451658537194,0.2014440528544716,0.2039061528055829,0.2048047105060501
fi,0.1431861740668657,0.2086274405571526,0.2045994121344269,0.2087619346359287
id,0.1588772023545062,0.220431734853319,0.2209289205954595,0.2165775392382831
ja,0.1509993729625718,0.2490982840760317,0.2495464965113308,0.2299947147047182
ko,0.1062237112747403,0.1875849074599594,0.1858707312104643,0.1873810211821264
ru,0.1324764797414926,0.2391907267037616,0.2376943928333254,0.2331168898687914
