language,real,control1,control2,control3
ar,0.208880006055184,0.2607584294228971,0.2462923468686541,0.2535035109357076
en,0.1546159768184212,0.2369879212030579,0.2466944845384491,0.2554666755342076
fi,0.2028021877304757,0.2390533310860755,0.2410016054318874,0.2455095326279308
id,0.1645461277994999,0.25702015328864,0.2553977528765137,0.2603233939892277
ja,0.1799681847910955,0.285505818575515,0.2399821002653713,0.2633846316418368
ko,0.2065714419825125,0.2756734236047167,0.2904227393697289,0.2948180638011083
ru,0.18769443985536,0.2548766883933534,0.2514511444593802,0.2637689251881203
