language,real,control1,control2,control3
ar,0.4761375784873962,-0.0473428964614868,0.0263018012046813,-0.0344293117523193
en,0.5916786193847656,-0.0249081850051879,-0.1787847280502319,-0.1578772068023681
fi,0.4894626140594482,-0.0580590963363647,-0.1158279180526733,-0.0751008987426757
id,0.398592472076416,-0.1722705364227295,-0.1367008686065673,0.0363772511482238
ja,0.3474462628364563,-0.0984731912612915,-0.1354339122772216,-0.0394306182861328
ko,0.5681830048561096,-0.0444947481155395,0.0661625862121582,-0.0880659818649292
ru,0.621410608291626,-0.0880444049835205,-0.0806903839111328,-0.0534820556640625
