language,real,control1,control2,control3
ar,0.5964174866676331,-0.0868769884109497,0.0578974485397338,-0.078046441078186
en,0.3865594863891601,-0.1259498596191406,0.0162835121154785,-0.064738392829895
fi,0.4748818874359131,-0.0598292350769043,-0.1402959823608398,-0.1202476024627685
id,0.3549216389656067,0.0439785718917846,0.0095691084861755,-0.0698094367980957
ja,0.6855150461196899,-0.2713749408721924,-0.1891589164733886,-0.1894376277923584
ko,0.5414289832115173,-0.0529083013534545,-0.0527955293655395,-0.0332967042922973
ru,0.649594783782959,-0.0952852964401245,-0.1340177059173584,-0.1620880365371704
