language,real,control1,control2,control3
ar,0.0448789447546005,0.0600550696253776,0.0578054524958133,0.0591096580028533
en,0.0127144297584891,0.0400572828948497,0.039363358169794,0.0391920134425163
fi,0.0183865018188953,0.0393514297902584,0.0395510792732238,0.0393968522548675
id,0.0222326200455427,0.0417669638991355,0.0403510928153991,0.0431294329464435
ja,0.0184609573334455,0.0603655353188514,0.0573662631213665,0.058230210095644
ko,0.0132675170898437,0.0329848825931549,0.0342268534004688,0.0359093584120273
ru,0.0296728629618883,0.0493890605866909,0.0547252669930458,0.0526569411158561
