language,real,control1,control2,control3
ar,0.1939525368565638,0.2707769934423687,0.268704833626687,0.2777696348361056
en,0.1353747038441744,0.1614003070778596,0.1561825845241795,0.1628847708896544
fi,0.1070018402472232,0.1307655895136018,0.13770975889352,0.1342815953361894
id,0.186913128155931,0.1769379809301288,0.1817111114411899,0.1683018896025017
ja,0.1679789018889894,0.2545422730889535,0.2542909056025873,0.2507873742374823
ko,0.1825168048130461,0.2600491489438647,0.2584779416676311,0.2613354765994106
ru,0.0947758703597995,0.119974338288558,0.1218196240272753,0.1236320650762109
