language,real,control1,control2,control3
ar,0.0180130824446678,0.0621404685080051,0.0632149502635002,0.0653944388031959
en,0.0322736509144306,0.0415132626891136,0.0437683284282684,0.040785963833332
fi,0.0214816690422594,0.0805073734372854,0.0776799768209457,0.0755795342847704
id,0.0163866968825459,0.0501386269927024,0.0466938573867082,0.0485393870621919
ja,0.0130340711524089,0.0609273090958595,0.0597135536372661,0.0604812192420164
ko,0.0169011909514665,0.0474827975034713,0.0454304218292236,0.0481781844049692
ru,0.0154385214671492,0.0534050561487674,0.0534773953258991,0.0545104786753654
