language,real,control1,control2,control3
ar,0.2596975845664071,0.3010035015491816,0.3252437666001918,0.3209965188445727
en,0.1689845482105954,0.2247174040400488,0.2135395882750839,0.2204552124025154
fi,0.2113596670820167,0.2474002233454657,0.2529356460503996,0.2649245668774651
id,0.2028125231103313,0.2285440358740528,0.2262481443283607,0.2410822097560196
ja,0.2441453334551577,0.2679507268002596,0.280925110450291,0.2824877866735603
ko,0.1560901140989352,0.1582666212681319,0.1763019157415811,0.1497387768315362
ru,0.1515807723119949,0.1847685469482706,0.1672387251442647,0.1857871096850705
