language,real,control1,control2,control3
ar,0.2149174809455871,-0.2043461799621582,-0.0522513389587402,-0.3189883232116699
en,0.2269006371498108,-0.196566104888916,-0.0670021772384643,-0.1277852058410644
fi,0.4258203506469726,0.0144156217575073,-0.0313537120819091,-0.0191832780838012
id,0.4718149304389953,-0.08705735206604,-0.3039863109588623,-0.2143826484680175
ja,0.1005319952964782,-0.2132962942123413,-0.3356468677520752,-0.1985810995101928
ko,0.2738125324249267,0.0884637832641601,0.1070627570152282,0.0960428118705749
ru,0.107551097869873,-0.1048238277435302,-0.0698895454406738,-0.0773088932037353
