language,real,control1,control2,control3
ar,0.2235246255043151,0.2565295927105955,0.2325549666228474,0.2392568315758351
en,0.1609800192302822,0.2054942405321701,0.1991768119650826,0.2010110286153046
fi,0.1686802697930712,0.1963187048246328,0.1979222087753395,0.1958363089352306
id,0.2486815555376873,0.1986095895010526,0.203459555870345,0.217537919375594
ja,0.1510744895020261,0.2424483202279758,0.2493775710711916,0.2358940883512864
ko,0.1249833878267019,0.1920544780374239,0.1670027779684324,0.1815850470227746
ru,0.1577936808063293,0.2414237562331803,0.2171131181617303,0.2585645313409058
