language,real,control1,control2,control3
ar,0.5947765111923218,-0.0043814182281494,0.1225300431251525,-0.138859748840332
en,0.3602699041366577,-0.0786314010620117,-0.1724914312362671,-0.1716327667236328
fi,0.3206289410591125,-0.1775826215744018,-0.2349437475204467,-0.2456791400909423
id,0.559808611869812,-0.3076807260513305,-0.2813823223114013,-0.420046329498291
ja,0.5619579553604126,-0.1054037809371948,-0.1335781812667846,-0.1858255863189697
ko,0.4734551310539245,-0.1578525304794311,-0.1344075202941894,-0.1682604551315307
ru,0.6652913093566895,-0.3390463590621948,-0.3435696363449096,-0.3484444618225097
