language,real,control1,control2,control3
ar,0.1991152250826985,0.2550233005220471,0.2469305821326385,0.2605585229190321
en,0.0795562355929044,0.1058540044386796,0.1029546950531762,0.1137807146942986
fi,0.1334840180035606,0.152954539813255,0.1490875019895203,0.1593174665044394
id,0.1623110481587552,0.1903781370893927,0.1879670442363321,0.1929193044959228
ja,0.2752402082220614,0.3269393005681936,0.3270530824102329,0.3266121775179855
ko,0.1416547776278557,0.1624449624376255,0.1625492562878472,0.168150787269778
ru,0.1373010529698434,0.1427991621307056,0.1403130201725974,0.1529860853968453
