language,real,control1,control2,control3
ar,0.2287322753543044,0.2415407990976409,0.2465475757056327,0.2398329148345775
en,0.1804189410976651,0.2442004702652762,0.2372024535691106,0.2441803480257465
fi,0.1737120433640927,0.2394095504094067,0.2335318898100723,0.2407396786379683
id,0.1741912723905422,0.2678933618672167,0.2551507820062093,0.2526459151438496
ja,0.1799581914435119,0.2667212724035644,0.2511449167547874,0.2761213064771287
ko,0.2034234824969381,0.2769705854327317,0.2844473767662356,0.2910239071275534
ru,0.1866663839417541,0.2513489984127749,0.2526072062804352,0.2537129620125499
