language,real,control1,control2,control3
ar,0.1546355982583085,0.1894447090393854,0.1963827157883413,0.1958785385166405
en,0.0987859647792394,0.1171231502406206,0.1213081620951128,0.116332227499056
fi,0.1316592178336804,0.1362150953224783,0.1489156489694931,0.1517349904514017
id,0.1342964609319627,0.2116425051004942,0.2099863874627965,0.2107971133536579
ja,0.2141302089542676,0.2735764694112393,0.2765140166272055,0.2890998473580618
ko,0.1742722301145397,0.2357106719603914,0.2205017442982505,0.2388327588022214
ru,0.1281368618916194,0.1710564522559981,0.1671212538574732,0.1738125830696541
