language,real,control1,control2,control3
ar,0.0286697763949632,0.0664122961461544,0.0663828353087107,0.0667391717433929
en,0.0315393447875976,0.0428138487040996,0.0467347517609596,0.044882895052433
fi,0.0361203597858548,0.0808424036949873,0.0799338053911924,0.0809785667806863
id,0.023684262856841,0.0506480261683464,0.0525201722979545,0.0507710218429565
ja,0.0131146693602204,0.0649788901209831,0.0634080519278844,0.0625108045836289
ko,0.0183150053024292,0.04802156239748,0.0498490538448095,0.0518662638962268
ru,0.0241938311606645,0.0565419368445873,0.0599773555994033,0.0585412375628948
