language,real,control1,control2,control3
ar,0.1447821514230023,0.2375959641678182,0.2212065297865968,0.2366287904023695
en,0.1499346471517479,0.2031305752502598,0.1898675495504171,0.197531898116666
fi,0.0983556024526318,0.1397296362675573,0.1449370422549337,0.1436572713933868
id,0.1464267744621143,0.1782576121708523,0.1814372041366745,0.1885677769181463
ja,0.079269343092508,0.1593830646550108,0.1541435228086021,0.1541615870858958
ko,0.1405776526958438,0.2130140506734056,0.2130026391396424,0.2110209123499135
ru,0.0830463936846503,0.1468247020611077,0.1493982169531636,0.1512359357730268
