language,real,control1,control2,control3
ar,0.0269924942404031,0.0414075031876564,0.0361782163381576,0.0453490987420082
en,0.0201714504510164,0.0312204025685787,0.0278398618102073,0.0294257923960685
fi,0.020370902493596,0.0349668301641941,0.0365906432271003,0.0361588597297668
id,0.0262579936534166,0.0540415570139884,0.0648258775472641,0.0603713579475879
ja,0.0242847856134176,0.0327578522264957,0.0360612012445926,0.0323605574667453
ko,0.0301764272153377,0.0378785207867622,0.0371056459844112,0.0375635772943496
ru,0.0391783155500888,0.0485015287995338,0.0469679199159145,0.0472936294972896
