language,real,control1,control2,control3
ar,0.0196795023622864,0.0394665325131864,0.0379289491452476,
en,0.0150165605925556,0.0391252425664323,0.0418976349352411,
fi,0.0322084874471056,0.0516733593185721,0.0543819718930482,
id,0.0262857738961472,0.0440371607681418,0.0453024395115922,
ja,0.0205310335555905,0.0319854262749313,0.0321858703365437,
ko,0.017994137218143,0.0358032017193412,0.0380942228517971,
ru,0.0149435914548142,0.0468553846555863,0.0375976307687787,
