language,real,control1,control2,control3
ar,0.0376175865530967,0.0733201801776886,0.0722022876143455,0.0771559700369834
en,0.0183263104408979,0.0260500591248273,0.0243929997086524,0.0265314485877752
fi,0.0114493938162922,0.0170996394008398,0.0189639776945114,0.0180315468460321
id,0.0349365174770355,0.0313070490956306,0.0330189280211925,0.0283255260437726
ja,0.0282169114798307,0.0647917687892913,0.0646638646721839,0.062894307076931
ko,0.0333123840391635,0.0676255598664283,0.0668108463287353,0.068296231329441
ru,0.0089824656024575,0.0143938418477773,0.0148400207981467,0.0152848875150084
