language,real,control1,control2,control3
ar,0.1958281866610151,0.2499422561257303,0.2533538681469741,0.2611452556051043
en,0.1424495373001663,0.2063340942253657,0.2043710869499533,0.2062129229597827
fi,0.1677128814970372,0.1935009238667811,0.2086924587362115,0.2047396408700151
id,0.1449780571485742,0.2110646323260836,0.2067912164781101,0.2193629620076561
ja,0.1884448953003067,0.2425321978225872,0.2388665448537519,0.2649332816446894
ko,0.1380542736748969,0.191339742055842,0.1940005510172798,0.2023317576233026
ru,0.1614653823237145,0.2569458455763992,0.2407303070765491,0.2542643148765676
