language,real,control1,control2,control3
ar,0.0589210577309131,0.0589210577309131,0.0589210577309131,0.0589210577309131
en,0.0386405438184738,0.0386405438184738,0.0386405438184738,0.0386405438184738
fi,0.0402829088270664,0.0402829088270664,0.0402829088270664,0.0402829088270664
id,0.0407795868813991,0.0407795868813991,0.0407795868813991,0.0407795868813991
ja,0.0630357638001442,0.0630357638001442,0.0630357638001442,0.0630357638001442
ko,0.0356804206967353,0.0356804206967353,0.0356804206967353,0.0356804206967353
ru,0.0590713657438755,0.0590713657438755,0.0590713657438755,0.0590713657438755
