language,real,control1,control2,control3
ar,0.0424229316413402,0.0562052428722381,0.057950984686613,0.0615024827420711
en,0.01533043384552,0.040159922093153,0.0398009307682514,0.0418687872588634
fi,0.0194283053278923,0.0379438363015651,0.0412246063351631,0.0417835526168346
id,0.019750302657485,0.0418473631143569,0.0405586659908294,0.0400105901062488
ja,0.0282608270645141,0.057965837419033,0.0604071915149688,0.0607750788331031
ko,0.0156495179980993,0.0361475422978401,0.0369026735424995,0.0378310903906822
ru,0.0242598485201597,0.0592613965272903,0.0608148574829101,0.0601358115673065
