language,real,control1,control2,control3
ar,0.2770890593528747,-0.1372874975204467,-0.1769976615905761,-0.1437008380889892
en,0.3864473104476928,0.0439520478248596,-0.0729128122329711,-0.0794764757156372
fi,0.2956357598304748,0.1259866952896118,-0.0527589321136474,-0.1040364503860473
id,0.2886557579040527,0.0426832437515258,-0.0599421262741088,-0.0275183916091918
ja,0.560614824295044,-0.0612522363662719,-0.0661379098892211,-0.0402930974960327
ko,-0.060170292854309,-0.1639618873596191,-0.2209460735321045,-0.1594297885894775
ru,0.3246489763259887,0.0217719078063964,-0.031620979309082,-0.0478085279464721
