language,real,control1,control2,control3
ar,0.0015417299388597,0.6920934518178304,0.69231645266215,0.6921258171399435
en,0.3102338567376136,0.6929066181182861,0.6928566932678223,0.6929909467697144
fi,0.1556056754197925,0.6927643418312073,0.6927233785390854,0.6925091743469238
id,0.5388625621795654,0.6934750199317932,0.6933681011199951,0.6935135126113892
ja,0.1275157717367013,0.6934061447779337,0.6935395995775858,0.692919909954071
ko,0.4820341080427169,0.69362872838974,0.6935706853866577,0.6933960795402527
ru,0.1834732066839933,0.6926943898200989,0.6924953699111939,0.692682945728302
