language,real,control1,control2,control3
ar,1.0,0.5909090909090909,0.6136363636363636,0.5681818181818182
en,0.7916666666666666,0.4861111111111111,0.5138888888888888,0.4583333333333333
fi,0.873015873015873,0.4126984126984127,0.5079365079365079,0.5714285714285714
id,0.8055555555555556,0.5694444444444444,0.5555555555555556,0.6111111111111112
ja,0.8913043478260869,0.6086956521739131,0.4782608695652174,0.6521739130434783
ko,0.8472222222222222,0.6388888888888888,0.6111111111111112,0.375
ru,0.8888888888888888,0.3888888888888889,0.5138888888888888,0.7083333333333334
