language,real,control1,control2,control3
ar,0.7391304347826086,0.0,0.4186046511627907,0.3255813953488372
en,0.9217391304347826,0.7244094488188977,0.5846153846153846,0.0
fi,0.8947368421052632,0.2051282051282051,0.064516129032258,0.0
id,0.6666666666666666,0.5301204819277109,0.0,0.0357142857142857
ja,0.8807339449541285,0.5656565656565656,0.6875,0.5510204081632653
ko,0.86,0.5631067961165048,0.4468085106382978,0.2988505747126437
ru,0.9401709401709402,0.0,0.5486725663716814,0.4468085106382978
