language,real,control1,control2,control3
ar,1.0,0.5454545454545454,0.5454545454545454,0.5454545454545454
en,0.9444444444444444,0.5,0.5,0.5
fi,1.0,0.5238095238095238,0.5238095238095238,0.5238095238095238
id,0.7916666666666666,0.5,0.5,0.5
ja,0.9782608695652174,0.4782608695652174,0.4782608695652174,0.4782608695652174
ko,0.8611111111111112,0.5,0.5,0.5
ru,0.9305555555555556,0.5,0.5,0.5
