language,real,control1,control2,control3
ar,0.0005966431344859,0.6918381055196127,0.6922021508216858,0.6920299331347147
en,0.1499016148969531,0.6929013848304748,0.6928721189498901,0.6929697275161744
fi,0.0131754050962626,0.692599892616272,0.6926878392696381,0.6927317529916763
id,0.4648717999458313,0.6934882044792176,0.6933922886848449,0.6934680938720703
ja,0.1423332324872414,0.6934118072191874,0.69329967101415,0.6929164131482443
ko,0.3775370299816131,0.6936344027519226,0.6934679865837097,0.6934142589569092
ru,0.2435727853327989,0.6925050854682923,0.6924889564514161,0.6926663994789124
