language,real,control1,control2,control3
ar,0.2519281823886558,0.6870930075645447,0.6887916445732116,0.6880574584007263
en,0.2418504038027354,0.6932797857693264,0.693399463381086,0.6932361381394523
fi,0.4159316609480551,0.6932051011494228,0.6931761588369098,0.6931794115475246
id,0.6069695821830204,0.6935313599450248,0.6934569648333958,0.6935417311532157
ja,0.9943307812015216,0.6946298182010651,0.6935178935527802,0.6934770941734314
ko,0.8269902297428676,0.6935704691069466,0.6934082337788173,0.6933533208710807
ru,0.183318380266428,0.693263760634831,0.6933039852551052,0.6932416643415179
