language,real,control1,control2,control3
ar,1.0,0.0,0.0,0.0
en,0.8918918918918919,0.0,0.0,0.0
fi,0.9491525423728814,0.0,0.0,0.0
id,0.7457627118644068,0.0,0.0,0.0
ja,0.979591836734694,0.0,0.0,0.6857142857142857
ko,0.8,0.0,0.0,0.0
ru,0.9428571428571428,0.0,0.0,0.0
