language,real,control1,control2,control3
ar,1.0,0.0,0.0,0.0
en,0.9473684210526316,0.0,0.0,0.0
fi,1.0,0.0,0.0,0.0
id,0.7368421052631579,0.0,0.0,0.0
ja,0.979591836734694,0.0,0.0,0.0
ko,0.8611111111111112,0.0,0.0,0.0
ru,0.927536231884058,0.0,0.0,0.0
