language,real,control1,control2,control3
ar,0.1011278326623141,0.6883245229721069,0.6894025921821594,0.6886619687080383
en,0.3533287857260023,0.6932427627699715,0.6933736034802028,0.6931906087057931
fi,0.4107192898435252,0.6931659153529576,0.693167873791286,0.6932189123971122
id,0.8558764287403652,0.6935529794011798,0.6935095361300877,0.6936147042683193
ja,1.059683794776599,0.6938696901003519,0.694226861000061,0.6924722592035929
ko,0.871658205986023,0.6935953838484628,0.6935357792036874,0.6933482033865792
ru,0.0231478211602994,0.6932508945465088,0.6933002386774335,0.6932358656610761
