language,real,control1,control2,control3
ar,0.9361702127659576,0.0,0.0,0.0
en,0.9230769230769232,0.0,0.0,0.0
fi,0.9217391304347826,0.0,0.0,0.0
id,0.3823529411764705,0.0,0.0,0.0
ja,0.8181818181818182,0.0,0.0,0.0
ko,0.7192982456140351,0.0,0.0,0.0
ru,0.9369369369369368,0.0,0.0,0.0
