language,real,control1,control2,control3
ar,1.0,0.5,0.4545454545454545,0.4545454545454545
en,0.8611111111111112,0.5416666666666666,0.4861111111111111,0.5694444444444444
fi,0.873015873015873,0.4444444444444444,0.5079365079365079,0.5079365079365079
id,0.8055555555555556,0.4722222222222222,0.5416666666666666,0.5
ja,0.9347826086956522,0.5434782608695652,0.4782608695652174,0.6956521739130435
ko,0.7916666666666666,0.6527777777777778,0.4583333333333333,0.4166666666666667
ru,0.875,0.4444444444444444,0.5,0.5972222222222222
