language,real,control1,control2,control3
ar,0.0457845050841569,0.0531313943987091,0.0571913973738749,0.0553130358457565
en,0.0119576957076787,0.0138728249818086,0.0142747983336448,0.0152132682502269
fi,0.0140642281621694,0.0231444253586232,0.0207217275165021,0.0189937255345284
id,0.0444377303123474,0.0513722829520702,0.0508629787713289,0.0503327503800392
ja,0.0110562130187948,0.0179734804357091,0.01864680275321,0.0179198154558738
ko,0.0099737057462334,0.037720975279808,0.020400202833116,0.0197454497218132
ru,0.0162197915837168,0.0297208245843648,0.0290713265538215,0.0293425075709819
