language,real,control1,control2,control3
ar,0.0145422862842679,0.0520913420865933,0.0507044990857442,0.0512405410408973
en,0.0214687387924641,0.0348673034459352,0.0342644533142447,0.0344004223123192
fi,0.0059755003894679,0.0182975600473582,0.0182485468685627,0.0181506322696805
id,0.0203687895089387,0.0333424251526594,0.0342193707823753,0.0345057632774114
ja,0.0038261301039407,0.0195676355312267,0.0197256114333868,0.0202585741256674
ko,0.0202933365479111,0.0452349598519504,0.0447390684857964,0.0446913822554051
ru,0.0050840139854699,0.0205600190907716,0.0201851213350892,0.0213198103010654
