language,real,control1,control2,control3
ar,0.0156963284437855,0.0525378895302613,0.0508698187768459,0.0547312044848998
en,0.0273223349824547,0.0325130388140678,0.0333373183384537,0.0364347036927938
fi,0.0070222317008301,0.0194479271303862,0.0194926098920404,0.0185630172491073
id,0.0203680461272597,0.0329335395246744,0.0331212282180786,0.0353302277624607
ja,0.0118431172644098,0.0198334564144412,0.019594467865924,0.0193589916452765
ko,0.0278856752905994,0.0468008199706673,0.0459289052523672,0.0446068327873945
ru,0.0065672773867845,0.0203540282323956,0.0197750015184283,0.0212782794609665
