language,real,control1,control2,control3
ar,0.0646272997061411,0.0664758818844954,0.0659695739547411,0.0646531383196512
en,0.0352339282631874,0.0554318636655807,0.056326662749052,0.0551767133176326
fi,0.0367068452760577,0.0565978856757283,0.05693912319839,0.055582171306014
id,0.0351688183844089,0.0621563248336315,0.0631455227732658,0.0656457006931305
ja,0.0253352737054228,0.058391568561395,0.0581381966670354,0.0584149633844693
ko,0.0368678428232669,0.0673742190003395,0.0686413079500198,0.0719547890126705
ru,0.0371121370699256,0.0578245881944894,0.0589741507545113,0.0589833000674843
