language,real,control1,control2,control3
ar,0.0349705846359332,0.0659790510932604,0.0667742267251014,0.0624111319581667
en,0.0215710373595356,0.0539772257208824,0.0536097586154937,0.0559002935886383
fi,0.0275433675851672,0.0532488790340721,0.0575877046212554,0.05632986407727
id,0.0248671635985374,0.0623776882886886,0.0607567086815834,0.0578768104314804
ja,0.0220386227592825,0.058348166445891,0.0582336373627185,0.0583853647112846
ko,0.0384051096625626,0.0705550968647003,0.0707916498184204,0.0712530724704265
ru,0.0211781670339405,0.055543559230864,0.0584453066810965,0.0589409163221716
