language,real,control1,control2,control3
ar,0.0533161535859108,0.0562560521066188,0.0538057722151279,0.0532261505722999
en,0.0172598976641893,0.0270406939089298,0.0289990715682506,0.0289698354899883
fi,0.0213652495294809,0.0347876362502574,0.0308553781360387,0.0325933210551738
id,0.0296769924461841,0.0384053587913513,0.0397600643336772,0.0386634096503257
ja,0.047093816101551,0.083739086985588,0.0827429965138435,0.0952530950307846
ko,0.0130961397662758,0.0373022183775901,0.0346234627068042,0.0338100343942642
ru,0.0260002613067626,0.0255182143300771,0.0232960116118192,0.0249656997621059
