language,real,control1,control2,control3
ar,0.0245294757187366,0.0356789156794548,0.0381778813898563,0.0371888615190982
en,0.0146331973373889,0.0265696793794631,0.0266446769237518,0.025380466133356
fi,0.0172620825469493,0.0365997776389122,0.0358709841966629,0.0361490659415721
id,0.0211495235562324,0.0503289327025413,0.0532613731920719,0.0517459772527217
ja,0.0188828632235527,0.0264439117163419,0.0267947521060705,0.0273606237024068
ko,0.0326555520296096,0.0454102344810962,0.0436727218329906,0.0447250567376613
ru,0.0214878376573324,0.052429873496294,0.0611002296209335,0.0497343949973583
