language,real,control1,control2,control3
ar,0.1658003926528185,0.2253094998211519,0.2279648378623491,0.225112583550857
en,0.1015288911743876,0.1690421350680045,0.1665713377857013,0.1684552621057464
fi,0.1429415994931153,0.176669072168171,0.1777991082657742,0.1785808256350451
id,0.1560162106513968,0.1795084206065733,0.1812596684376433,0.1833672445174525
ja,0.2192452393512993,0.2846700494863586,0.2896975809337007,0.2748049602493635
ko,0.1232672904575777,0.1892771641115653,0.1874891715101826,0.1866316755918789
ru,0.0994085924933261,0.1572047449458246,0.1596339419910299,0.1582435509164608
