language,real,control1,control2,control3
ar,0.2367080047107459,0.2484645630833117,0.2494512436171877,0.2457565010085041
en,0.1601182089961706,0.2444099161809338,0.2337954110006232,0.2394969368038914
fi,0.1941146837092137,0.2352534758491427,0.2336210681417056,0.2377555394725692
id,0.163310735495167,0.2401388335008804,0.2402787283915039,0.2412362645246519
ja,0.1528603280778698,0.2419492564940612,0.241875047018357,0.2409742870152264
ko,0.1970770378212855,0.2700285677234183,0.2635291242944622,0.2716298296859345
ru,0.2392655663304321,0.2523588270519534,0.2446487098946928,0.250894377199115
