language,real,control1,control2,control3
ar,0.0597875043749809,0.0802161395549774,0.0813033282756805,0.0784352272748947
en,0.0330370143055915,0.0276437848806381,0.0259768087416887,0.0282158832997083
fi,0.0115458443760871,0.0147038744762539,0.0147446040064096,0.0149563373997807
id,0.0462001450359821,0.0333588942885398,0.0383530966937541,0.0361245013773441
ja,0.0125653883442282,0.0634432435035705,0.0630690082907676,0.0608645305037498
ko,0.0409061275422573,0.0734236910939216,0.0685144960880279,0.0629265382885932
ru,0.0113816289231181,0.0122066792100667,0.0121751623228192,0.0120610939338803
