language,real,control1,control2,control3
ar,0.0560306794941425,0.061734639108181,0.0622259229421615,0.0603962577879428
en,0.0256378408521413,0.0597362071275711,0.0546602942049503,0.0573587827384471
fi,0.037680510431528,0.0553441978991031,0.0545788034796714,0.0565276965498924
id,0.0266703963279724,0.0576666593551635,0.0577338673174381,0.0581949353218078
ja,0.023366279900074,0.058539442718029,0.0585035383701324,0.0580686070024967
ko,0.0388393588364124,0.0729154273867607,0.0694475993514061,0.0737827643752098
ru,0.0572480112314224,0.0636849775910377,0.0598529912531375,0.0629479885101318
