language,real,control1,control2,control3
ar,0.2517613116983718,0.2735640777802108,0.275337146409254,0.2700913869985474
en,0.1264892171695116,0.1669436434408372,0.1595161194215896,0.1632695734603677
fi,0.1919774854120359,0.2275093943364477,0.2263204580660302,0.2309178163814614
id,0.1854749138473894,0.2578872658950788,0.2581733865391801,0.2594641319772709
ja,0.2194522586586767,0.3096410868996858,0.3082889911087652,0.3021094116376643
ko,0.2376555059196867,0.2330650678126447,0.2279776982701091,0.2344562389722471
ru,0.2163715744469124,0.2318804951168314,0.2212720307195435,0.2297886252800017
