language,real,control1,control2,control3
ar,0.060001166909933,0.0816379413008689,0.0830396898090839,0.0798576153814792
en,0.0328967086970806,0.0276087064828191,0.025947366175907,0.0281581120299441
fi,0.0114798149360077,0.0145475490550909,0.0146127671136387,0.0148053368819611
id,0.0462729332170316,0.0333790262894971,0.0384001939424446,0.0361304940389735
ja,0.0126842771812031,0.0635278262197971,0.0632417766998211,0.0610014920433362
ko,0.0411888044327497,0.0741904047983033,0.0692093601184231,0.0635671408048697
ru,0.0113483029417693,0.012071231446628,0.0120479093332375,0.0119373485712068
