language,real,control1,control2,control3
ar,0.1456152819902732,0.1933786016596106,0.1931088684035878,0.1936655414218133
en,0.1188137110972497,0.1882513014531837,0.1904144378816174,0.1872330593268873
fi,0.1337477348706252,0.2147433653307303,0.2171974262192189,0.2175203400725543
id,0.1641958523529205,0.2046352509067246,0.205467562798961,0.2130928566401101
ja,0.1359297465163071,0.1700405933846655,0.1712816138915268,0.1665077488699139
ko,0.108693700185254,0.1828686823467441,0.1817700837364881,0.1796357038729185
ru,0.1127787824684772,0.1913040238477697,0.1908314989573034,0.1997949458009946
