language,real,control1,control2,control3
ar,0.0188488196581602,0.060463473200798,0.0701903849840164,0.0628066956996917
en,0.0150599675253033,0.0514289662241935,0.0540515556931495,0.054479856044054
fi,0.0361247882246971,0.0662210136651992,0.0637018829584121,0.0601353794336319
id,0.0181909818202257,0.0575201362371444,0.0629491955041885,0.0621436052024364
ja,0.0167335700243711,0.0863692536950111,0.085290290415287,0.0847097709774971
ko,0.0275225713849067,0.0252091400325298,0.0294810011982917,0.0295732095837593
ru,0.0252239257097244,0.052604965865612,0.0528806373476982,0.0519000031054019
