language,real,control1,control2,control3
ar,0.4282340407371521,-0.0852234363555908,0.0295077562332153,-0.002282977104187
en,0.3784337639808655,-0.0415664911270141,-0.0018620491027832,0.0457339286804199
fi,0.3422214984893799,0.0802608728408813,0.1020420789718627,0.1199542880058288
id,0.7113473415374756,0.0330327749252319,-0.0438497066497802,0.019423484802246
ja,0.2461091876029968,0.0403798818588256,0.00470632314682,-0.0070580244064331
ko,0.1448246240615844,0.0096822381019592,-0.1671285629272461,-0.2362004518508911
ru,0.4373306035995483,-0.0816154479980468,-0.1105158329010009,-0.2571339607238769
