language,real,control1,control2,control3
ar,0.0510974802076816,0.0630780968815088,0.058737638965249,0.0606288887560367
en,0.0080566246927316,0.009433629490169,0.0092935757046299,0.0096878195514104
fi,0.0232320016782198,0.0232074468263558,0.0226295199245214,0.0229175846491541
id,0.0297956738088812,0.0349093635699578,0.0344092300427811,0.0339109336159059
ja,0.0909062114854653,0.0999724672486384,0.1036243240038553,0.0966952020923296
ko,0.0184112671496612,0.0237621297793728,0.0246903873713953,0.0252277531794139
ru,0.0251611113282186,0.0180757458188704,0.0176042960956692,0.0183865389387522
