language,real,control1,control2,control3
ar,0.0636515572667121,0.0605841025710105,0.0687490068376064,0.0690083190798759
en,0.0197913256872977,0.0285356350775275,0.0282464586198329,0.0283775310963392
fi,0.0394054515553372,0.0527829847165516,0.0510706635458128,0.0528235222612108
id,0.0262590864939349,0.0495421231857367,0.0544932835868426,0.0523320497678858
ja,0.0771974138915538,0.0620430087049802,0.0605633749316136,0.0609944326182206
ko,0.0674757042101451,0.1046928337642124,0.0947191406573568,0.0990635965551648
ru,0.0297624187410942,0.0650253828082765,0.0775602917586054,0.0592326915689877
