language,real,control1,control2,control3
ar,0.5481096506118774,-0.0879533290863037,-0.0372513532638549,-0.0692570209503173
en,0.621414065361023,-0.0167516469955444,0.0073491930961608,-0.0014303922653198
fi,0.4762357473373413,-0.0620548725128173,-0.0026012659072875,-0.0106266736984252
id,0.5402979850769043,0.0238808393478393,0.0409018993377685,0.0081792473793029
ja,0.7979449033737183,0.0013824701309204,-0.0061495304107666,0.0042440295219421
ko,-0.0292191505432128,-0.1244350671768188,-0.2253882884979248,-0.1450767517089843
ru,0.1698713302612304,0.0202138423919677,0.0073561668395996,0.0014547705650329
