language,real,control1,control2,control3
ar,0.1829409599304199,-0.0350953340530395,-0.0271167755126953,-0.1164300441741943
en,0.4217175841331482,-0.001632809638977,-0.0726246833801269,-0.0541518926620483
fi,0.5933965444564819,-0.0683867931365966,-0.0559037923812866,-0.0596057176589965
id,0.216214120388031,-0.0729058980941772,-0.0827155113220214,-0.1251648664474487
ja,0.410144567489624,0.0092189908027648,-0.0035178661346435,-0.0485240221023559
ko,0.6057037115097046,-0.0267668962478637,0.0078739523887634,0.0471011996269226
ru,0.5638325214385986,0.0183096528053283,0.0658817291259765,-0.0728123188018798
