language,real,control1,control2,control3
ar,0.0332675762474536,0.0569119155406951,0.052435528486967,0.054156620055437
en,0.0102100390940904,0.0291571300476789,0.0289073958992958,0.0301593393087387
fi,0.014373461715877,0.0330745726823806,0.0320907309651374,0.0289040226489305
id,0.024705447256565,0.0335699580609798,0.0354443229734897,0.0364855453372001
ja,0.0280161574482917,0.080426275730133,0.084184743463993,0.0773912891745567
ko,0.0131252985447645,0.0368014872074127,0.0368009507656097,0.0359856337308883
ru,0.0125413918867707,0.0239018648862838,0.0244228225201368,0.0232970081269741
