language,real,control1,control2,control3
ar,0.0666626468300819,0.0642575412988662,0.0751023642718791,0.0666346490383148
en,0.0091625708820564,0.0095069434693349,0.0093968933714287,0.0105443874573601
fi,0.0192349408087985,0.0283005848260862,0.0250894761245165,0.0216798691877297
id,0.0308020649743931,0.0364943356918437,0.0360280243413788,0.0367160724209887
ja,0.0756953489035368,0.0910358267525831,0.0973381958901882,0.0965759741763273
ko,0.0205308418454868,0.0577565825411251,0.0273024974656956,0.0257439709135464
ru,0.0172678300046495,0.0169528181265507,0.0180254200739519,0.0216274422460368
