language,real,control1,control2,control3
ar,0.0564656630158424,0.074224978685379,0.0713520720601081,0.0744134560227394
en,0.033796053379774,0.0228481944650411,0.0306636784225702,0.0277339536696672
fi,0.0144758811220526,0.0143787739798426,0.0150596713647246,0.0150811346247792
id,0.058441799134016,0.0316043719649314,0.0388868190348148,0.0306956227868795
ja,0.014022066257894,0.057422112673521,0.0581695549190044,0.0572476163506507
ko,0.0365223623812198,0.0655474662780761,0.0712092146277427,0.0666013062000274
ru,0.0104618724435567,0.0108982445672154,0.0120763750746846,0.0122883133590221
