language,real,control1,control2,control3
ar,0.5287250876426697,-0.0605584383010864,-0.032039999961853,0.0201107263565063
en,0.3659507632255554,-0.0603640079498291,-0.0328538417816162,-0.1050565242767334
fi,-0.0105088949203491,-0.3932318687438965,-0.2000164985656738,-0.1658881902694702
id,0.0203907489776611,-0.3296427726745605,-0.2616007328033447,-0.3171896934509277
ja,0.397688627243042,-0.1141126155853271,-0.0880073308944702,-0.0568677186965942
ko,0.5443624258041382,-0.0318944454193115,-0.0858662128448486,0.0203784704208374
ru,0.6419415473937988,-0.1439484357833862,0.0299478769302368,-0.0524388551712036
