language,real,control1,control2,control3
ar,-0.0790408849716186,-0.1148313283920288,-0.1046144962310791,-0.0815975666046142
en,0.2578141689300537,-0.201457142829895,-0.2217034101486206,-0.1948522329330444
fi,0.246808111667633,-0.1628011465072631,-0.1697772741317749,-0.1417624950408935
id,0.2574609518051147,-0.2014044523239135,-0.2201031446456909,-0.2666842937469482
ja,0.569913387298584,0.000577688217163,0.0047606229782104,1.817941665649414e-05
ko,0.4140333533287048,-0.0340887308120727,-0.0568276643753051,-0.1193532943725586
ru,0.2472438812255859,-0.157248854637146,-0.1797535419464111,-0.1783716678619384
