language,real,control1,control2,control3
ar,0.0633159950375557,0.1187560930848121,0.1084357798099517,0.1149474158883094
en,0.038228940218687,0.0617022588849067,0.059534702450037,0.0603403858840465
fi,0.038667045533657,0.0910769402980804,0.0844967737793922,0.080033004283905
id,0.0479601845145225,0.0632075890898704,0.0616220124065876,0.0652740076184272
ja,0.0780675709247589,0.1015814989805221,0.1005121693015098,0.099510371685028
ko,0.0443187281489372,0.0388897880911827,0.039286583662033,0.0391308553516864
ru,0.0379438884556293,0.0482533499598503,0.043789867311716,0.0440680757164955
