language,real,control1,control2,control3
ar,0.129441206089271,0.1903031638005481,0.1883218555272491,0.1939831987699444
en,0.1181605314877901,0.1873613977750148,0.1868403772827143,0.188667783436135
fi,0.1311191996990681,0.2164951320964303,0.2142245559823782,0.2136920577704306
id,0.1538869385778854,0.2008152086952049,0.1965995723897255,0.1991665528674844
ja,0.1263057341162693,0.1704263652099112,0.1665544517068443,0.1685234602272542
ko,0.1238393619023692,0.1794202205764727,0.1812557223666326,0.1787564370856948
ru,0.1159714306357329,0.1854593572511892,0.1885010896051722,0.1895645246677457
