language,real,control1,control2,control3
ar,0.0426159158349037,0.0653025530278682,0.067133979871869,0.0624805223196744
en,0.010574453510344,0.0105694149886923,0.0118647733969347,0.012759372059788
fi,0.0246543541018451,0.0300664060882159,0.0257616849350077,0.0240033449871199
id,0.0262565620775733,0.0402545716081346,0.0346995831600257,0.0361729599535465
ja,0.0764570916071534,0.1011301030715306,0.1017027683556079,0.1019318662583828
ko,0.0140691632404923,0.0243949767734323,0.0248663394844957,0.0212990386145455
ru,0.0151891533418425,0.0205287048593163,0.0176539326618824,0.0203357855124132
