language,real,control1,control2,control3
ar,0.0638815313577652,0.0600466839969158,0.0686164423823356,0.0687743127346038
en,0.0198686495423316,0.0286673493683338,0.0283721182495355,0.0285169463604688
fi,0.0395857989788055,0.0530243963003158,0.051325224339962,0.0530898906290531
id,0.0263559315353631,0.0499167703092098,0.0549150817096233,0.0527185015380382
ja,0.0785160735249519,0.0626392215490341,0.0610745213925838,0.061514101922512
ko,0.0680183768272399,0.1048463210463523,0.094809353351593,0.0991572886705398
ru,0.0295638032257556,0.0645835474133491,0.0770877003669738,0.0588307380676269
