language,real,control1,control2,control3
ar,0.1794987391956221,0.1909912827160161,0.1954706505394134,0.1903124717499409
en,0.1260091310732834,0.1623487428809751,0.1622489477723744,0.1607047318937813
fi,0.1503367079653754,0.1927075622302599,0.193661732717762,0.1929659260222715
id,0.161970170702436,0.2247307242278839,0.2244175879962644,0.2247689219509112
ja,0.1470857419637603,0.1596639906828061,0.1654202049807396,0.1661989434080129
ko,0.2093355668355255,0.2145258545665926,0.2107633383869591,0.2102949634796457
ru,0.2265637743026149,0.2265125499121116,0.2298768573466072,0.2266861643860971
