language,real,control1,control2,control3
ar,0.020039239898324,0.0375770516693592,0.03317441791296,0.0347967681785424
en,0.0150995034724473,0.0276836236938834,0.0267321458086371,0.0252211689949035
fi,0.0231448919512331,0.0325671015307307,0.0318031874485313,0.0311401942744851
id,0.0148971266113221,0.0473518826067447,0.0505875967442989,0.0484210185706615
ja,0.0211020410060882,0.0261951430390278,0.0272608579446872,0.0275141118715206
ko,0.0388735674321651,0.044289493560791,0.052456746250391,0.0551948770880699
ru,0.0275101955980062,0.0547880340367555,0.0563569448888301,0.0630770586431026
