language,real,control1,control2,control3
ar,0.0115273548290133,0.0507292325297991,0.0492973905056715,0.0530257212618986
en,0.0275468792766332,0.0352423226460814,0.0357659149914979,0.0360280834138393
fi,0.007139749941416,0.0190186963882297,0.0182629923801869,0.016555042238906
id,0.0268040917813777,0.0288368802517652,0.0346820294857025,0.0357335913926363
ja,0.0062178194833298,0.0213010758161544,0.0207702877620855,0.0193896275013685
ko,0.0234330789884552,0.0471013796515762,0.0441046584397554,0.0420891381800174
ru,0.0062678471207618,0.0216606222093105,0.0205436451360583,0.0214542690664529
