language,real,control1,control2,control3
ar,0.0412318743765354,0.0634709522128105,0.0651935115456581,0.0606395862996578
en,0.0104704247787594,0.0104708354920148,0.0117271272465586,0.0125856269150972
fi,0.0246499087661504,0.0301139261573553,0.0258565042167902,0.0240570716559886
id,0.02617241255939,0.0401564799249172,0.034562025219202,0.0360075682401657
ja,0.0754469037055969,0.1004418060183525,0.1007243767380714,0.1010766252875328
ko,0.0141471670940518,0.024496454745531,0.0249799862504005,0.0214287973940372
ru,0.014958425424993,0.0204382687807083,0.0175419170409441,0.0201706513762474
