language,real,control1,control2,control3
ar,0.1534540844129784,0.2248795170200456,0.2200137910123721,0.2237218654515287
en,0.0967497812356126,0.1128997132494083,0.1120622131955124,0.1149022237325453
fi,0.1204684904357944,0.1404346130950375,0.1406187082578567,0.1384817216608866
id,0.1409401739315118,0.2044961118276026,0.2118629270816103,0.2113565239007941
ja,0.1305485920818825,0.1370890575146714,0.1429181877216087,0.1387409253202901
ko,0.0930838561535709,0.139432379838474,0.1399544650558058,0.1395516627119027
ru,0.1155400303882573,0.1694617344246308,0.1695144361517047,0.1709256395761805
