language,real,control1,control2,control3
ar,0.2732829338270498,0.2751177118619476,0.2753197599096801,0.2763124013994201
en,0.1407633604099775,0.1634827429219546,0.1652019081052864,0.1644114745125133
fi,0.1934526006816133,0.2307875739427592,0.232819193545389,0.2303223953424621
id,0.2063063038933018,0.2648242915159241,0.2658035015141073,0.2716490294259221
ja,0.2222815841415942,0.30295024681544,0.3028277714542572,0.3025974825560213
ko,0.2329496354206267,0.2258070732977627,0.2349066585208882,0.2360169908369762
ru,0.1740945745567415,0.2293578058809314,0.2328389216797769,0.230620358596142
