language,real,control1,control2,control3
ar,0.0196038649107019,0.0616994028290112,0.0708840439716975,0.0637988162537415
en,0.0139462864026427,0.0499963782727718,0.0528861738741397,0.0530728250741958
fi,0.0359779116697609,0.066191317513585,0.0636607781052589,0.0600285213440656
id,0.0194147342815995,0.0533608593046665,0.0587037235498428,0.0584224935621023
ja,0.0163700977961222,0.0848607781032721,0.0838641921679178,0.0833920103808244
ko,0.0288689650595188,0.025936734676361,0.0297268480062484,0.0300072643905878
ru,0.02434603869915,0.0536157339811325,0.0538873851299285,0.0523963168263435
