language,real,control1,control2,control3
ar,0.1613123615867319,0.2502973546459865,0.2443954663596795,0.2481373824553922
en,0.1391575595546519,0.22805101488256,0.2253319768119455,0.2263262602281895
fi,0.1793500800550254,0.2553918950378075,0.2481405651942062,0.2491317139638144
id,0.1664734977630901,0.2425818539761294,0.2404575396844007,0.2445251259935758
ja,0.1318388550047008,0.2930948240490476,0.2941980637679189,0.2926745781604884
ko,0.1590167891242458,0.1662096572629436,0.1735105721443473,0.1677283129775974
ru,0.2010092587283875,0.2183780658754542,0.2198062752137059,0.2204586971107884
