language,real,control1,control2,control3
ar,0.0461999541148543,0.0744855538010597,0.0769131764769554,0.0686217729002237
en,0.0227749360991375,0.0263919554916875,0.0261784215856875,0.0273709217352526
fi,0.025235145751919,0.0485617310873099,0.0543001392590148,0.0529642413769449
id,0.0385869153376136,0.0690621605941227,0.0672149775283677,0.0641032696834632
ja,0.0586232021450996,0.0907675915708144,0.0909802677730719,0.0898262610038121
ko,0.0771892363471644,0.0528490612549441,0.0532207994588783,0.0535733407097203
ru,0.0248993286596877,0.0493189016623156,0.0539743580988475,0.0549503969294684
