language,real,control1,control2,control3
ar,0.0162760559469461,0.053800318390131,0.052232526242733,0.0560880862176418
en,0.0287747755646705,0.0345613397657871,0.035435389727354,0.0388478189706802
fi,0.0070618167519569,0.0193590447306633,0.0194249991327524,0.0184903368353843
id,0.0192638617008924,0.0333296135067939,0.0328548848628997,0.0346807017922401
ja,0.0118351643905043,0.0197988580912351,0.0195589009672403,0.0192409958690404
ko,0.0305900648236274,0.0511726886034011,0.0503544732928276,0.0489989817142486
ru,0.0064955833368003,0.0196991264820098,0.0186395868659019,0.020023351535201
