language,real,control1,control2,control3
ar,0.0218736138194799,0.0296473099539677,0.0336341621975104,0.0321293262143929
en,0.0158802824094891,0.028865909576416,0.0277496721595525,0.0264707354828715
fi,0.0222023349488154,0.0356499408371746,0.034497348126024,0.0378258503042161
id,0.0245272487401962,0.0467591278254985,0.0538995794951915,0.0497122973203659
ja,0.0175494672730565,0.0366970722874005,0.0276052542030811,0.0276615985979636
ko,0.0485249511897563,0.0512588091194629,0.0460368186235427,0.046710131317377
ru,0.0444917988032102,0.0521250553429126,0.04917414188385,0.0493384607136249
