language,real,control1,control2,control3
ar,0.029109824138383,0.0369761865586042,0.0365450102835893,0.0396611373871564
en,0.0199140071868896,0.0335785023868083,0.0358668386936187,0.0352448247373104
fi,0.0184623836539685,0.0488952519372105,0.0483044348657131,0.048474047333002
id,0.0328072920441627,0.0457329392433166,0.0463141225278377,0.0480798251926899
ja,0.017664055339992,0.0296965601543585,0.030058485455811,0.0314644531657298
ko,0.0127728775143623,0.0328657440841198,0.0319602739065885,0.0305425062775611
ru,0.0153101451694965,0.0383856941014528,0.0364389196038246,0.041175090521574
