language,real,control1,control2,control3
ar,0.1520937739396336,0.2281610884927332,0.2250725572871289,0.2193121923567885
en,0.0918834714081781,0.118823787075821,0.1172722668834891,0.1213020525071413
fi,0.1318323205522359,0.1547973579868195,0.1436631642719658,0.1416055481448443
id,0.1901294885170754,0.2215085734582114,0.2157664943928661,0.2204688356211473
ja,0.1036236487261394,0.1409330636212249,0.1392721361388464,0.1372646333053971
ko,0.0957612376985832,0.1441111581037107,0.1478318860202861,0.1404135823465261
ru,0.1033741866417637,0.1847729352831562,0.1701502799553492,0.1772285011325045
