language,real,control1,control2,control3
ar,0.0633837580680847,0.0748373046517372,0.0758105441927909,0.0729493573307991
en,0.0159995220601558,0.0278701800853014,0.0254453923553228,0.0266569536179304
fi,0.0368553549051284,0.0517605245113372,0.0512209497392177,0.0533230379223823
id,0.0344009436666965,0.066505841910839,0.0666534975171089,0.0673216357827186
ja,0.0481592938303947,0.0958776026964187,0.0950421020388603,0.0912700966000557
ko,0.0564801394939422,0.0543193258345127,0.0519738309085369,0.0549697279930114
ru,0.0468166582286357,0.0537685640156269,0.0489613115787506,0.052802812308073
