language,real,control1,control2,control3
ar,0.026406996573011,0.0633594840764999,0.0605785685280958,0.0622808833916982
en,0.0191739074885845,0.0506146803498268,0.0495140217244625,0.0499672994017601
fi,0.0321077080443501,0.0651289047673344,0.0615732325240969,0.0621219603344798
id,0.0283203743398189,0.0552000824362039,0.0543663308024406,0.0559206768870353
ja,0.0170907505477468,0.0844590924680233,0.085061593602101,0.0841815856595834
ko,0.0260406717658042,0.0279118295758962,0.0309687588363885,0.0284991297870874
ru,0.0436128459870815,0.0470193266868591,0.0500479184091091,0.0505189895629882
