language,real,control1,control2,control3
ar,0.1589667704158814,0.2377009282197109,0.2442295904188139,0.2497493709493281
en,0.1610007698724832,0.233734479506208,0.2436091780410644,0.2341092589978356
fi,0.1479760576838417,0.2410751145701703,0.2342485802163666,0.2394330375671772
id,0.1487869616275287,0.2394451342271532,0.2490736966745426,0.2459039637495328
ja,0.1262806541577021,0.2403322578686417,0.2432948607139115,0.2439679870573994
ko,0.1829326882565285,0.2615605060952595,0.2600669547214916,0.2625316975393023
ru,0.150389107783207,0.2446426342064674,0.2482045941283849,0.2545799707064738
