language,real,control1,control2,control3
ar,0.0380904488265514,0.061108898371458,0.0622389540076255,0.0642047449946403
en,0.0316313914954662,0.0536891147494316,0.0510806441307067,0.0508081391453743
fi,0.042678490281105,0.0687665566802024,0.0644735097885131,0.0645350143313407
id,0.0317477248609066,0.0600035041570663,0.060401227325201,0.0606505721807479
ja,0.0265802145004272,0.0875529423356056,0.0865946784615516,0.0860931128263473
ko,0.0300625562667846,0.030318047851324,0.0327110439538955,0.0270521864295005
ru,0.0474965125322341,0.0493812970817089,0.0487287454307079,0.0488601997494697
