language,real,control1,control2,control3
ar,0.5202573537826538,-0.0302704572677612,0.0138311386108398,-0.0196903944015502
en,0.2970115542411804,0.0427312850952148,0.0568807721138,0.0084718465805053
fi,0.1561927199363708,-0.1466864347457885,-0.1496948003768921,-0.1150163412094116
id,0.4617010951042175,-0.1332454681396484,-0.2163648605346679,-0.2105569839477539
ja,0.0440224409103393,-0.0541657209396362,-0.1457195281982422,-0.0797233581542968
ko,0.5694844722747803,0.0340217351913452,0.0267742872238159,0.0323682427406311
ru,0.5527043342590332,0.0377830266952514,0.0371844172477722,0.0210868716239929
