language,real,control1,control2,control3
ar,0.0261642467230558,0.0690692737698555,0.0664039775729179,0.0649103373289108
en,0.0234554447233676,0.0509863272309303,0.0515118576586246,0.0532334297895431
fi,0.0298063568770885,0.0658367276191711,0.0648256093263626,0.0659099444746971
id,0.0211999453604221,0.0645157247781753,0.0583690926432609,0.0586682967841625
ja,0.016302989795804,0.0871703326702117,0.0859497040510177,0.0886878445744514
ko,0.0247102826833724,0.0298306047916412,0.0321411527693271,0.0244074147194623
ru,0.0291244219988584,0.0519888736307621,0.0511205606162548,0.0491690300405025
