language,real,control1,control2,control3
ar,0.2054863998316803,0.2793218561484648,0.2672460960249345,0.283286654551775
en,0.17530813125022,0.1516956887068363,0.161896600460378,0.1564056753458599
fi,0.0984573503189047,0.121707365246691,0.1258286339495986,0.1191488482029415
id,0.2021398312123383,0.1994251322872923,0.1919337613528261,0.1938672860533667
ja,0.1660973235667254,0.2432442115538976,0.2500352387626826,0.2502747009969451
ko,0.2077280410713406,0.2657809921433837,0.2695602318482351,0.2632164731127056
ru,0.1109436028440603,0.1054390671251217,0.1098425782088265,0.11964919638323
