language,real,control1,control2,control3
ar,0.0564301952719688,0.0757646903395652,0.0727030403912067,0.0758742645382881
en,0.0337176509201526,0.0227756407111883,0.0305376090109348,0.027638556169612
fi,0.0145386994949408,0.0142413775569626,0.0149182620059166,0.0149396401164787
id,0.0585487101759229,0.0316122791596821,0.0389467360717909,0.0306750678324273
ja,0.0142387972834209,0.0575965289026498,0.0583054733773072,0.0573440423856178
ko,0.0366786893989358,0.0660779071705681,0.0717918047947543,0.0671170997832502
ru,0.0104830690792628,0.010777839725571,0.0119731409608253,0.0121747597253748
