language,real,control1,control2,control3
ar,0.0150421075522899,0.0532653555274009,0.0518220551311969,0.0525020621716976
en,0.0234928056597709,0.0367677323520183,0.0364945083856582,0.0365592092275619
fi,0.005956950597465,0.0182200875133276,0.0181714631617069,0.0180726125836372
id,0.0193560253828763,0.0332363918423652,0.033957652747631,0.0341767817735672
ja,0.0038158148527145,0.0195974614471197,0.0197650343179702,0.0202330499887466
ko,0.0223697256296873,0.0495965890586376,0.0490381084382534,0.0489591881632804
ru,0.0052142897620797,0.0196081399917602,0.0191389545798301,0.0208484772592782
