language,real,control1,control2,control3
ar,0.5743212699890137,0.0376495122909545,0.0412144660949707,-0.0272984504699707
en,0.602084755897522,-0.0436431169509887,-0.0927916765213012,-0.0921283960342407
fi,0.7002589702606201,-0.0144441127777099,-0.0142664909362792,0.0210355520248413
id,0.4855890870094299,-0.0425211191177368,-0.1190962791442871,-0.1169123649597168
ja,0.581694483757019,-0.0043131113052368,0.0042497515678405,0.0455466508865356
ko,0.6369742155075073,-0.0378588438034057,-0.0133448839187622,0.041042149066925
ru,0.5133658051490784,-0.0017763376235961,0.0374690890312194,-0.0404635667800903
