language,real,control1,control2,control3
ar,0.0338902309536933,0.0569108910858631,0.0525057345628738,0.0542108662426471
en,0.0101452374697795,0.0291542211281401,0.0288868796612535,0.0301496147045067
fi,0.0142455057773206,0.0330241740282092,0.0320840999484062,0.0288327586437974
id,0.0247814028656908,0.0334776469639369,0.0352744933749948,0.0363409889063664
ja,0.0280275441085298,0.0791028750439484,0.0828041198352972,0.0761675797402858
ko,0.013045965693891,0.0365989822894334,0.0366344345467431,0.0358507758272545
ru,0.0125128316826054,0.0238532615559441,0.0243814269612942,0.0232511621766856
