language,real,control1,control2,control3
ar,0.0138874094312389,0.0503226419289906,0.0490919016301631,0.0512888928254445
en,0.0290617013350129,0.0323972219601273,0.0341075714677572,0.033668422140181
fi,0.0082705746171996,0.0180747711565345,0.0187030478846281,0.0186876968946307
id,0.0289103586226701,0.0314535789191722,0.0319899816066026,0.0321608763188123
ja,0.0058742243175705,0.0194254548599322,0.0198123380541801,0.0195279739176233
ko,0.0206874640425667,0.0429959170520305,0.0456161218695342,0.0426351083442568
ru,0.0066561159677803,0.0205867711454629,0.019750053808093,0.0206530464813113
