language,real,control1,control2,control3
ar,0.0540954399853944,0.0563645474612712,0.0538969416171312,0.0532527521252632
en,0.0173103011745427,0.0270932166438017,0.0289845865752015,0.0289409144648483
fi,0.0213795314942087,0.0347951645297663,0.030821326055697,0.032564392047269
id,0.0296969360538891,0.038360835718257,0.0398235885160309,0.0384253662611757
ja,0.0464949812740087,0.0823955113689104,0.08146298242112,0.0940465169648329
ko,0.0130397258326411,0.0371716238026108,0.0345072405678885,0.0336605746831212
ru,0.0258925187268427,0.0254781014685119,0.0232488781745944,0.0249491585418581
