language,real,control1,control2,control3
ar,0.54876708984375,-0.0089039802551269,-0.0650858879089355,-0.1137734651565551
en,0.4634801149368286,-0.1307731866836547,-0.2283360958099365,-0.1344023942947387
fi,0.5501127243041992,-0.1940584182739257,-0.1273913383483886,-0.177847146987915
id,0.5553582906723022,-0.1515756845474243,-0.2460520267486572,-0.2145391702651977
ja,0.7262195348739624,0.0083625316619873,-0.0162361860275268,-0.0218672752380371
ko,0.4896543025970459,-0.0433406829833984,-0.0314594507217407,-0.0511029958724975
ru,0.5840802788734436,-0.1006292104721069,-0.1329126358032226,-0.1918600797653198
