language,real,control1,control2,control3
ar,0.0604296177625656,0.0624339915812015,0.0618618167936801,0.0605727992951869
en,0.0358577221632003,0.0580468103289604,0.0590249821543693,0.0577277019619941
fi,0.0366593562066555,0.0565958619117736,0.0569354034960269,0.0555718652904033
id,0.0369690991938114,0.0598148182034492,0.0607457756996154,0.0630649328231811
ja,0.0250511169433593,0.058213036507368,0.057969395071268,0.0582456290721893
ko,0.0384229831397533,0.0678072273731231,0.0692982673645019,0.0733981952071189
ru,0.0409333705902099,0.0629288777709007,0.0641526356339454,0.0640774965286254
