language,real,control1,control2,control3
ar,0.0304519474506378,0.0482096329331398,0.0477525740861892,0.0501079350709915
en,0.0113797345464783,0.0269787590950727,0.0262219998985528,0.026913255985294
fi,0.0237538678837674,0.0300692181502069,0.033944054373673,0.0339850070221083
id,0.0284013104225908,0.0355621235711233,0.0293145275541714,0.032542826075639
ja,0.0351933253308137,0.0842705803612868,0.0784260835498571,0.075646827618281
ko,0.0178558926231094,0.0336309192436082,0.0350334923714399,0.0343250935631139
ru,0.0170642547309398,0.0240767395922115,0.0238303834838526,0.0244593258414949
