language,real,control1,control2,control3
ar,0.0474700890481472,0.0742788836359977,0.076656125485897,0.0684674531221389
en,0.0229877550154924,0.0261887423694133,0.0259720105677843,0.0271549466997385
fi,0.0252304524183273,0.0486420355737209,0.0543825030326843,0.0530442483723163
id,0.0380056612193584,0.0695425495505333,0.0676713436841964,0.064513474702835
ja,0.0585844106972217,0.0924791023135185,0.0927219465374946,0.0915140360593795
ko,0.076912946999073,0.0528460927307605,0.0532078482210636,0.0535586774349212
ru,0.0249023120850324,0.0490022227168083,0.053657379001379,0.054637249559164
