language,real,control1,control2,control3
ar,0.0430214367806911,0.0506806038320064,0.0544905066490173,0.0530263930559158
en,0.0118053704500198,0.0133445309475064,0.0136247025802731,0.0146630769595503
fi,0.0140988836064934,0.0231841094791889,0.0207626987248659,0.019031599164009
id,0.0402097254991531,0.0470986552536487,0.0465891808271408,0.0462292432785034
ja,0.0113560548052191,0.0184004493057727,0.0190826207399368,0.0183421969413757
ko,0.0103176943957805,0.0398339889943599,0.0217173919081687,0.020952258259058
ru,0.0150466859340667,0.0293848849833011,0.0288741663098335,0.0295790471136569
