language,real,control1,control2,control3
ar,0.037904226531585,0.0618575563033421,0.0629509799182415,0.0648964966336886
en,0.0303568638861179,0.0520487926900386,0.0498126447200775,0.0496701292693615
fi,0.0424491451121866,0.0685870386660099,0.0644020494073629,0.064502403140068
id,0.0310580901801586,0.0562092445790767,0.0566896438598632,0.0567688483744859
ja,0.0264362699041763,0.086130013068517,0.0851050019264221,0.0846419172982374
ko,0.0305981416255235,0.0308992426842451,0.0332661554217338,0.0275975577533245
ru,0.0495164208114147,0.0507021434605121,0.0508409962058067,0.0507337242364883
