language,real,control1,control2,control3
ar,0.0196583028882741,0.0373118557035923,0.0333672016859054,0.0344602204859256
en,0.0162176992744207,0.0271762032061815,0.0261402502655982,0.0248983893543481
fi,0.0233368445187807,0.0326307527720928,0.031857993453741,0.0312224999070167
id,0.0143499709665775,0.0480714440345764,0.0518935471773147,0.0487480089068412
ja,0.0203543379902839,0.0259088352322578,0.0268719866871833,0.0271896123886108
ko,0.0355364680290222,0.0411522537469863,0.0484995581209659,0.0513698123395442
ru,0.0247010663151741,0.0474826842546463,0.0487514026463031,0.0551879070699214
