language,real,control1,control2,control3
ar,0.061586820334196,0.0638194188475608,0.0676244646310806,0.06243342384696
en,0.0187021225158657,0.0292428026774099,0.0286712585283177,0.0283360143325158
fi,0.0495421540524278,0.0545170493423938,0.0552922056189605,0.0541977664189679
id,0.0319937849417328,0.0494133830070495,0.0493862756661006,0.0507873365921633
ja,0.0637509220590194,0.0623757857829332,0.0667724975695212,0.0660675801336765
ko,0.0993803313800266,0.1063699711646352,0.1001084436263356,0.0997169337102345
ru,0.0621148092406136,0.0621978134981223,0.0645097877298082,0.062343449464866
