language,real,control1,control2,control3
ar,0.2425523977719273,0.3340423823616177,0.3662117309561716,0.3395733360367433
en,0.1703092008236154,0.2467667897801459,0.2471002929953031,0.2501424294298894
fi,0.2090716046259564,0.2981614423866851,0.2953024171187742,0.2913654324373471
id,0.2121020507250462,0.258523293546005,0.2724271637140916,0.267793067863668
ja,0.2521990529502025,0.3300815898103965,0.3233219175171013,0.3225187405789255
ko,0.2018974699736657,0.1919134484981418,0.1940394492902885,0.1948594847767459
ru,0.1677157526023817,0.2230802564477062,0.2261906564981894,0.2234822061803247
