language,real,control1,control2,control3
ar,0.0231325160712003,0.0520574823021888,0.0506576560437679,0.048097837716341
en,0.0084425723180174,0.01411909237504,0.0137527845799922,0.0147141879424452
fi,0.0173797607421875,0.0239622220396995,0.0206391047686338,0.0200521312654018
id,0.0361492224037647,0.0490660481154918,0.0465551801025867,0.0486065074801445
ja,0.0107378605753183,0.0198621284216642,0.0193967279046773,0.0188415795564651
ko,0.0091702146455645,0.0207680258899927,0.0218542665243148,0.0197159741073846
ru,0.0106862224638462,0.0341410376131534,0.0289511177688837,0.0314099416136741
