language,real,control1,control2,control3
ar,0.137291003558719,0.2458932150361169,0.2649346805988533,0.2506126407420259
en,0.1227190593400363,0.2267795542463949,0.2324899044972696,0.2334092029977696
fi,0.1900652209761089,0.2573344393298326,0.2523923195313442,0.2452251606863209
id,0.1348739478929334,0.2398335594472643,0.2508967825704198,0.2492861913593218
ja,0.1293583009488418,0.2938864639533626,0.2920450143647157,0.2910494304710062
ko,0.165899280845056,0.1587738644504499,0.1717003238153375,0.1719686296501757
ru,0.1588204196875339,0.2293577246695912,0.2299579034251665,0.2278157218134911
