language,real,control1,control2,control3
ar,0.064446173608303,0.0622466765344142,0.0728653520345687,0.0645969808101654
en,0.0090509699657559,0.0094066867604851,0.0092788822948932,0.0104035818949341
fi,0.0192534867674112,0.0283926464617252,0.0251827929168939,0.0217470433562994
id,0.0306069608777761,0.0363233163952827,0.0358710400760173,0.0365465022623539
ja,0.0745879858732223,0.0901926979422569,0.0966832041740417,0.0958518981933593
ko,0.0206895172595977,0.057891272008419,0.0274354927241802,0.025893984362483
ru,0.0169453341513872,0.016896104440093,0.0179498028010129,0.021477673202753
