language,real,control1,control2,control3
ar,0.0262607422967751,0.0598903484642505,0.0635626204311847,0.0664608093599478
en,0.0252304907888174,0.0522947639226913,0.0564231917262077,0.0523579031229019
fi,0.0218477025628089,0.0581506751477718,0.054899810347706,0.0573859522119164
id,0.0212535193189978,0.059218555688858,0.0638708166778087,0.0623391859233379
ja,0.0154807836127777,0.0580880753695964,0.0592839047312736,0.0596377626061439
ko,0.030719471629709,0.0686538681387901,0.0674926869571208,0.0682073548436164
ru,0.0212507233023643,0.0553150044754147,0.0570385038852691,0.0597764102742075
