language,real,control1,control2,control3
ar,0.0585033498704433,0.1106544137001037,0.1329982176423073,0.1144848003983497
en,0.0290381770048822,0.0607279177222933,0.0608870583985533,0.0623828513281686
fi,0.0435278632545045,0.0889362203223364,0.087301773152181,0.0850325141634259
id,0.0452356942530189,0.0670613556035927,0.0745798924139567,0.0720407600913729
ja,0.0632330787678559,0.1074946572383244,0.1031630188226699,0.1025925489763418
ko,0.0409369128090994,0.0369668640196323,0.0378095507621765,0.0381306800991296
ru,0.0286292522879583,0.0501739882997104,0.0516005946057183,0.0503600617604596
