language,real,control1,control2,control3
ar,0.1275776467369818,0.2319489564325112,0.2285443638393496,0.2368292342968701
en,0.1696312929994656,0.1859068039792711,0.18824290086841,0.1970985006809545
fi,0.0840346163908477,0.139136784247241,0.1393735955364301,0.1359791779478916
id,0.1387943143680332,0.1825639983863028,0.181259164907322,0.1862275537943838
ja,0.1087895417331296,0.1407084151400873,0.1398531407128218,0.1387119168241881
ko,0.1749001567284245,0.2262138116990233,0.2243980242623085,0.2213571361267774
ru,0.0805951818460653,0.140353576662691,0.1365268723215394,0.1415038922970003
