language,real,control1,control2,control3
ar,0.1101025793867305,0.2273781661892687,0.2242594190259918,0.232438671883534
en,0.1697841009012649,0.1932113254070147,0.19526642255856,0.1949127111019982
fi,0.0845692666453826,0.1375674878654244,0.1348732919036847,0.1284760680961896
id,0.1568669774181221,0.168282985616321,0.1854180340412883,0.1881878276798027
ja,0.07898958250796,0.1459081952918619,0.1440919243331443,0.1389360530729022
ko,0.161127460275249,0.2270279247305578,0.2199049670426073,0.213993636073984
ru,0.0807635784511639,0.1453873948932943,0.1408942479546372,0.1429678932539487
