language,real,control1,control2,control3
ar,0.6866343021392822,-0.0358268022537231,-0.0056418180465698,-0.0798735618591308
en,0.2147998213768005,0.056897222995758,0.0330463647842407,-0.0600713491439819
fi,0.6166678667068481,-0.0508549213409423,-0.0544350147247314,-0.0036993026733398
id,0.4204180836677551,-0.0027709007263183,0.0115119814872741,-0.0434204339981079
ja,0.4076701402664184,0.0091007947921752,0.0211102962493896,0.0370208621025085
ko,0.2901698350906372,-0.1874417066574096,-0.1684553623199463,-0.1370017528533935
ru,0.6699747443199158,-0.0008660554885864,0.0529666543006897,-0.0173392295837402
