language,real,control1,control2,control3
ar,-0.0004928112030029,-0.1023435592651367,-0.1111160516738891,-0.0784453153610229
en,0.4693461060523987,-0.236424446105957,-0.1313627958297729,-0.1872162818908691
fi,0.2258278727531433,-0.1370849609375,-0.1213593482971191,-0.1614006757736206
id,0.4643144607543945,-0.1582578420639038,-0.1596077680587768,-0.1688684225082397
ja,0.598839282989502,-0.0050262212753295,-0.0044097900390625,0.0030573010444641
ko,0.4076834321022033,-0.1119909286499023,-0.0591050386428833,-0.1252181529998779
ru,-0.0527788400650024,-0.1711534261703491,-0.1006839275360107,-0.1576002836227417
