language,real,control1,control2,control3
ar,0.2066273077439555,0.2641589575438881,0.2679770621297894,0.2765887689776585
en,0.1610954935033153,0.1597890307436166,0.1669300867357013,0.1591964841534545
fi,0.1697888346788877,0.2337757715512123,0.2267082666225109,0.2276226184983291
id,0.1766844012154337,0.2553853893472692,0.2673261388733557,0.2613728643190544
ja,0.2533721441391207,0.3128424079880715,0.3189575566723165,0.3070211539901761
ko,0.2000985167425744,0.230846523759867,0.2279731310292072,0.2326015851531993
ru,0.1604817560026975,0.2206249773873812,0.2265014155024703,0.231680127228503
