language,real,control1,control2,control3
ar,0.0167550258338451,0.0362152941524982,0.035465121269226,0.0376294814050197
en,0.013961911201477,0.0351042933762073,0.034909326583147,0.0355955325067043
fi,0.0171922445297241,0.0468701422214508,0.045892160385847,0.045664295554161
id,0.0236811898648738,0.0403267480432987,0.0386513918638229,0.0396673157811164
ja,0.0159531384706497,0.029045145958662,0.0277403853833675,0.0284001566469669
ko,0.0153361875563859,0.0321916155517101,0.0328536368906497,0.0319538637995719
ru,0.0134493727236986,0.0343951731920242,0.0355326607823371,0.0359347090125083
