language,real,control1,control2,control3
ar,0.0168556639303763,0.0342950842653711,0.0336146627863248,0.0356103396043181
en,0.0130877397023141,0.033501261100173,0.0331858441233634,0.0337477728724479
fi,0.0170420813374221,0.0469523221254348,0.0459837112575769,0.0457713836804032
id,0.0235064517706632,0.0416043851524591,0.0398169431835413,0.0409596677869558
ja,0.0161360939964652,0.0298259786019722,0.0284878310437003,0.0291190634792049
ko,0.0144462048076093,0.0312444880604743,0.0314068511128425,0.0307656802237033
ru,0.0134371047839522,0.0368870347738266,0.0377573940902948,0.0383162181824445
