language,real,control1,control2,control3
ar,0.0235481560230255,0.0505707971751689,0.0484060682356357,0.0500514730811119
en,0.0093605201691389,0.0127463452517986,0.0125579396262764,0.0132025210186839
fi,0.014512657187879,0.0197218805551528,0.0197736211121082,0.0191771872341632
id,0.0198641326278448,0.0418186597526073,0.0448858998715877,0.0446715801954269
ja,0.0170429348945617,0.0187934096902608,0.0204256083816289,0.0192490443587303
ko,0.0086646042764186,0.0194413885474205,0.0195872522890567,0.0194746665656566
ru,0.0133494986221194,0.0287172794342041,0.0287351440638303,0.0292155742645263
