language,real,control1,control2,control3
ar,0.2527479601456067,0.2450442490590542,0.2619474038472908,0.2622485705101248
en,0.1409561972469876,0.1693143507453925,0.1684402512748528,0.1688696134906125
fi,0.1989618028135188,0.2302702679468538,0.2265507103055781,0.2304124359253491
id,0.162345100127362,0.2234206129908559,0.2343396716512663,0.2296050991115795
ja,0.2802071974895576,0.2502782882094132,0.2471325988059524,0.248020365943025
ko,0.2608033297855684,0.323799816316119,0.3079112751290427,0.3148925033571613
ru,0.1719412784230584,0.2541329325635486,0.2776467186317423,0.2425504856058362
