language,real,control1,control2,control3
ar,0.3061727881431579,-0.0557856559753418,-0.020914077758789,-0.0333433151245117
en,0.4045544862747192,-0.0067523717880249,0.0171011686325073,-0.0136318206787109
fi,-0.0664469003677368,-0.1511024236679077,-0.1234173774719238,-0.1305478811264038
id,0.0932822227478027,-0.2279108762741089,-0.2147045135498047,-0.2148419618606567
ja,0.1911205649375915,-0.0719457864761352,-0.1288079023361206,-0.0431059598922729
ko,0.4792189002037048,0.0269067287445068,0.0103338360786437,0.0132655501365661
ru,0.4156708121299743,-0.035954475402832,-0.0159682035446167,-0.0482784509658813
