language,real,control1,control2,control3
ar,0.0153566865871349,0.0343736335635185,0.0341667768855889,0.0365795250982046
en,0.0131727154366672,0.0351534280925989,0.0371354833245277,0.0371196556836366
fi,0.0135793556692078,0.0465067261829972,0.0463917730376124,0.0447796704247593
id,0.022452941071242,0.0438271228224039,0.0469999860972166,0.0469006113708019
ja,0.0124203298861781,0.0300628136222561,0.0298919985070824,0.0287227965891361
ko,0.0112948540598154,0.0340443883091211,0.0326769836246967,0.0308539967983961
ru,0.0177187053486704,0.03891356959939,0.0372608296573162,0.0401116769760847
