language,real,control1,control2,control3
ar,0.0426948443055152,0.0697799548506736,0.071811705827713,0.0765013471245765
en,0.0259517580270767,0.0255325343459844,0.0278656538575887,0.0253435205668211
fi,0.0288282483816146,0.0546511113643646,0.0513966381549835,0.0518120564520359
id,0.0312173776328563,0.0652216970920562,0.0714632645249366,0.0683157742023468
ja,0.0641974434256553,0.097870372235775,0.101733922958374,0.0942619889974594
ko,0.0400394164025783,0.0532901175320148,0.05197174847126,0.054103497415781
ru,0.0257543940097093,0.0486753806471824,0.0513028912246227,0.0536756813526153
