{
  "train": {
    "ar": {
      "mse": 0.021118035539984703,
      "rmse": 0.1453204580917109,
      "mae": 0.11193449795246124,
      "r2": -0.0015953779220581055
    },
    "en": {
      "mse": 0.01356715802103281,
      "rmse": 0.1164781439628603,
      "mae": 0.08383742719888687,
      "r2": -0.08183300495147705
    },
    "fi": {
      "mse": 0.010262957774102688,
      "rmse": 0.10130625732945961,
      "mae": 0.08152570575475693,
      "r2": -0.3582773208618164
    },
    "id": {
      "mse": 0.018357614055275917,
      "rmse": 0.13549027291756377,
      "mae": 0.10350321233272552,
      "r2": -0.004960775375366211
    },
    "ja": {
      "mse": 0.009985791519284248,
      "rmse": 0.09992893234336214,
      "mae": 0.08130081743001938,
      "r2": -0.07354295253753662
    },
    "ko": {
      "mse": 0.021806130185723305,
      "rmse": 0.147668988571478,
      "mae": 0.11244229227304459,
      "r2": -2.372264862060547e-05
    },
    "ru": {
      "mse": 0.036722928285598755,
      "rmse": 0.19163227360128762,
      "mae": 0.1474553942680359,
      "r2": -0.10151076316833496
    }
  },
  "val": {
    "ar": {
      "mse": 0.05255011096596718,
      "rmse": 0.2292381097591916,
      "mae": 0.16347528994083405,
      "r2": -0.0705946683883667
    },
    "en": {
      "mse": 0.015607158653438091,
      "rmse": 0.12492861423003976,
      "mae": 0.08388646692037582,
      "r2": -0.1721198558807373
    },
    "fi": {
      "mse": 0.017543774098157883,
      "rmse": 0.1324529127583002,
      "mae": 0.10554073750972748,
      "r2": -0.020045042037963867
    },
    "id": {
      "mse": 0.044758185744285583,
      "rmse": 0.21156130493142072,
      "mae": 0.15997402369976044,
      "r2": -0.2129039764404297
    },
    "ja": {
      "mse": 0.018717344850301743,
      "rmse": 0.1368113476664189,
      "mae": 0.10912853479385376,
      "r2": -0.04989910125732422
    },
    "ko": {
      "mse": 0.020626047626137733,
      "rmse": 0.1436177134831833,
      "mae": 0.11255677789449692,
      "r2": -0.024840116500854492
    },
    "ru": {
      "mse": 0.03396737575531006,
      "rmse": 0.18430240301013456,
      "mae": 0.13445228338241577,
      "r2": -0.1381295919418335
    }
  },
  "test": {
    "ar": {
      "mse": 0.0636129155755043,
      "rmse": 0.2522160097525617,
      "mae": 0.17158636450767517,
      "r2": -0.37348270416259766
    },
    "en": {
      "mse": 0.01159832626581192,
      "rmse": 0.1076955257464855,
      "mae": 0.07216597348451614,
      "r2": -0.24698138236999512
    },
    "fi": {
      "mse": 0.01975836046040058,
      "rmse": 0.14056443526155746,
      "mae": 0.10842685401439667,
      "r2": -0.08943641185760498
    },
    "id": {
      "mse": 0.03382205590605736,
      "rmse": 0.18390773748284045,
      "mae": 0.14709678292274475,
      "r2": -0.5234607458114624
    },
    "ja": {
      "mse": 0.09550405293703079,
      "rmse": 0.30903730023579806,
      "mae": 0.24535813927650452,
      "r2": -1.2461466789245605
    },
    "ko": {
      "mse": 0.027297599241137505,
      "rmse": 0.16521985123204022,
      "mae": 0.12819801270961761,
      "r2": -0.1862400770187378
    },
    "ru": {
      "mse": 0.021772077307105064,
      "rmse": 0.1475536421343271,
      "mae": 0.11696004867553711,
      "r2": -0.2924913167953491
    }
  }
}