{
  "model_type": "LogisticRegression",
  "training_time": 0.10635161399841309,
  "train_metrics": {
    "accuracy": 0.9861930294906166,
    "f1": 0.9860149355057706
  },
  "val_metrics": {
    "accuracy": 0.8662131519274376,
    "f1": 0.8631090487238979
  },
  "test_metrics": {
    "accuracy": 0.7510431154381085,
    "f1": 0.7672301690507152
  },
  "per_language_metrics": {
    "train": {
      "ar": {
        "accuracy": 1.0,
        "f1": 1.0
      },
      "en": {
        "accuracy": 0.9932885906040269,
        "f1": 0.9933110367892977
      },
      "fi": {
        "accuracy": 0.9933054393305439,
        "f1": 0.9932773109243698
      },
      "id": {
        "accuracy": 0.9790356394129979,
        "f1": 0.9781181619256017
      },
      "ja": {
        "accuracy": 0.9941225860621327,
        "f1": 0.9941225860621327
      },
      "ko": {
        "accuracy": 0.9688768606224628,
        "f1": 0.9663250366032211
      },
      "ru": {
        "accuracy": 0.9690117252931323,
        "f1": 0.9690893901420217
      }
    },
    "val": {
      "ar": {
        "accuracy": 1.0,
        "f1": 1.0
      },
      "en": {
        "accuracy": 0.8611111111111112,
        "f1": 0.8484848484848485
      },
      "fi": {
        "accuracy": 0.873015873015873,
        "f1": 0.8620689655172413
      },
      "id": {
        "accuracy": 0.8055555555555556,
        "f1": 0.7878787878787878
      },
      "ja": {
        "accuracy": 0.9347826086956522,
        "f1": 0.9361702127659575
      },
      "ko": {
        "accuracy": 0.7916666666666666,
        "f1": 0.7945205479452054
      },
      "ru": {
        "accuracy": 0.875,
        "f1": 0.8888888888888888
      }
    },
    "test": {
      "ar": {
        "accuracy": 0.987012987012987,
        "f1": 0.9767441860465116
      },
      "en": {
        "accuracy": 0.7909090909090909,
        "f1": 0.7927927927927928
      },
      "fi": {
        "accuracy": 0.8454545454545455,
        "f1": 0.8571428571428571
      },
      "id": {
        "accuracy": 0.5727272727272728,
        "f1": 0.5436893203883495
      },
      "ja": {
        "accuracy": 0.6521739130434783,
        "f1": 0.7419354838709677
      },
      "ko": {
        "accuracy": 0.6636363636363637,
        "f1": 0.7299270072992701
      },
      "ru": {
        "accuracy": 0.8,
        "f1": 0.8333333333333334
      }
    }
  },
  "feature_importances": null,
  "task": "question_type",
  "languages": [
    "all"
  ],
  "control_index": null,
  "submetric": null
}