{
  "model_type": "Ridge",
  "training_time": 0.08916807174682617,
  "train_metrics": {
    "mse": 0.018057948761773863,
    "rmse": 0.13437986739751556,
    "mae": 0.10640291472108637,
    "r2": 0.643968271548369
  },
  "val_metrics": {
    "mse": 0.04123738419508339,
    "rmse": 0.20306989977611992,
    "mae": 0.16021052514770617,
    "r2": 0.18349826637046707
  },
  "test_metrics": {
    "mse": 0.05930828527397212,
    "rmse": 0.24353292441469207,
    "mae": 0.19259769247684963,
    "r2": -0.3445764425505069
  },
  "per_language_metrics": {
    "train": {
      "ar": {
        "mse": 0.023722458169926075,
        "rmse": 0.15402096665690057,
        "mae": 0.12286003339568104,
        "r2": 0.44819325635926566
      },
      "en": {
        "mse": 0.014774219230992607,
        "rmse": 0.12154924611445604,
        "mae": 0.09949358345237744,
        "r2": 0.4590175895129186
      },
      "fi": {
        "mse": 0.020061234121096144,
        "rmse": 0.1416376860905887,
        "mae": 0.11152883196530713,
        "r2": 0.4984494223678413
      },
      "id": {
        "mse": 0.022934227589033043,
        "rmse": 0.15144050841512993,
        "mae": 0.12116529892707341,
        "r2": 0.48640993076293126
      },
      "ja": {
        "mse": 0.015535521523195954,
        "rmse": 0.12464157221086371,
        "mae": 0.09979317617707333,
        "r2": 0.40339628772965974
      },
      "ko": {
        "mse": 0.020140886130352427,
        "rmse": 0.14191858979835034,
        "mae": 0.11310306335890266,
        "r2": 0.41187452310110895
      },
      "ru": {
        "mse": 0.011941569247327597,
        "rmse": 0.10927748737652965,
        "mae": 0.08510734764763346,
        "r2": 0.4939703261149542
      }
    },
    "val": {
      "ar": {
        "mse": 0.040104050662437225,
        "rmse": 0.2002599577110642,
        "mae": 0.16199445483247865,
        "r2": -0.16643511225697227
      },
      "en": {
        "mse": 0.030041343828393123,
        "rmse": 0.17332438901779842,
        "mae": 0.13575459781663204,
        "r2": -0.1513769620965335
      },
      "fi": {
        "mse": 0.03474001116943332,
        "rmse": 0.18638672476717144,
        "mae": 0.14555531311913666,
        "r2": 0.020808592084484268
      },
      "id": {
        "mse": 0.05647886270880796,
        "rmse": 0.23765281969462926,
        "mae": 0.18878056565872642,
        "r2": -0.13608420928122267
      },
      "ja": {
        "mse": 0.02862193003913349,
        "rmse": 0.16918017034845864,
        "mae": 0.1320783177276999,
        "r2": -0.06010867042177681
      },
      "ko": {
        "mse": 0.04164963003980267,
        "rmse": 0.204082409922567,
        "mae": 0.16884105740374053,
        "r2": -0.002286834479046318
      },
      "ru": {
        "mse": 0.05121736780369205,
        "rmse": 0.22631254451243318,
        "mae": 0.177172365725478,
        "r2": -0.16668838168988942
      }
    },
    "test": {
      "ar": {
        "mse": 0.0698992936697083,
        "rmse": 0.2643847455314098,
        "mae": 0.20622812107111485,
        "r2": -0.20452795165756976
      },
      "en": {
        "mse": 0.03323868653068448,
        "rmse": 0.1823148006352871,
        "mae": 0.14074549679424503,
        "r2": -0.16168845997051817
      },
      "fi": {
        "mse": 0.053696360047771334,
        "rmse": 0.23172475061540435,
        "mae": 0.18252251832500496,
        "r2": -0.20072095502152587
      },
      "id": {
        "mse": 0.06077565044816993,
        "rmse": 0.24652717993797343,
        "mae": 0.19265083219234463,
        "r2": -0.4852552832467303
      },
      "ja": {
        "mse": 0.06200386194092688,
        "rmse": 0.24900574680301432,
        "mae": 0.20170882915467137,
        "r2": -0.18327106042765173
      },
      "ko": {
        "mse": 0.07875045467802093,
        "rmse": 0.2806251141256266,
        "mae": 0.23385007483565823,
        "r2": -0.9700154146930053
      },
      "ru": {
        "mse": 0.06041208648492736,
        "rmse": 0.24578870292372543,
        "mae": 0.19605801681774068,
        "r2": -0.502791719265872
      }
    }
  },
  "feature_importances": null,
  "task": "complexity",
  "languages": [
    "all"
  ],
  "control_index": 1,
  "submetric": "lexical_density"
}