{
  "model_type": "XGBRegressor",
  "training_time": 174.20096015930176,
  "train_metrics": {
    "mse": 0.010691623203456402,
    "rmse": 0.10340030562554639,
    "mae": 0.08027467876672745,
    "r2": 0.7892032265663147
  },
  "val_metrics": {
    "mse": 0.0270399022847414,
    "rmse": 0.16443814121043027,
    "mae": 0.12171370536088943,
    "r2": 0.46460896730422974
  },
  "test_metrics": {
    "mse": 0.05391478165984154,
    "rmse": 0.232195567700681,
    "mae": 0.1815725862979889,
    "r2": -0.22230052947998047
  },
  "per_language_metrics": {
    "train": {
      "ar": {
        "mse": 0.014672606252133846,
        "rmse": 0.12113053393811919,
        "mae": 0.09913057088851929,
        "r2": 0.6587013006210327
      },
      "en": {
        "mse": 0.007500115782022476,
        "rmse": 0.08660320884368244,
        "mae": 0.06772570312023163,
        "r2": 0.7253708839416504
      },
      "fi": {
        "mse": 0.010999533347785473,
        "rmse": 0.10487866011627663,
        "mae": 0.07973746210336685,
        "r2": 0.7250008583068848
      },
      "id": {
        "mse": 0.011325133964419365,
        "rmse": 0.10641961268685093,
        "mae": 0.08490317314863205,
        "r2": 0.7463845014572144
      },
      "ja": {
        "mse": 0.008987417444586754,
        "rmse": 0.09480199072058959,
        "mae": 0.07401512563228607,
        "r2": 0.654860258102417
      },
      "ko": {
        "mse": 0.010387427173554897,
        "rmse": 0.10191872827677402,
        "mae": 0.0760713592171669,
        "r2": 0.6966811418533325
      },
      "ru": {
        "mse": 0.011634156107902527,
        "rmse": 0.10786174534051693,
        "mae": 0.08277428150177002,
        "r2": 0.5069971084594727
      }
    },
    "val": {
      "ar": {
        "mse": 0.026992494240403175,
        "rmse": 0.16429392636492432,
        "mae": 0.12466058135032654,
        "r2": 0.21491748094558716
      },
      "en": {
        "mse": 0.020171450451016426,
        "rmse": 0.14202623155958347,
        "mae": 0.11340008676052094,
        "r2": 0.2269006371498108
      },
      "fi": {
        "mse": 0.020370902493596077,
        "rmse": 0.14272667057560082,
        "mae": 0.10269159823656082,
        "r2": 0.42582035064697266
      },
      "id": {
        "mse": 0.026257993653416634,
        "rmse": 0.1620431845324469,
        "mae": 0.11495815217494965,
        "r2": 0.47181493043899536
      },
      "ja": {
        "mse": 0.024284785613417625,
        "rmse": 0.15583576487256584,
        "mae": 0.12019115686416626,
        "r2": 0.10053199529647827
      },
      "ko": {
        "mse": 0.030176427215337753,
        "rmse": 0.17371363566323098,
        "mae": 0.1292066127061844,
        "r2": 0.27381253242492676
      },
      "ru": {
        "mse": 0.03917831555008888,
        "rmse": 0.19793512965133017,
        "mae": 0.14510613679885864,
        "r2": 0.10755109786987305
      }
    },
    "test": {
      "ar": {
        "mse": 0.06737278401851654,
        "rmse": 0.2595626784006448,
        "mae": 0.19493289291858673,
        "r2": -0.16099035739898682
      },
      "en": {
        "mse": 0.02828405052423477,
        "rmse": 0.1681786268353823,
        "mae": 0.12729063630104065,
        "r2": 0.01147550344467163
      },
      "fi": {
        "mse": 0.05751771852374077,
        "rmse": 0.23982851899584579,
        "mae": 0.18925803899765015,
        "r2": -0.28617143630981445
      },
      "id": {
        "mse": 0.03981025889515877,
        "rmse": 0.19952508337339134,
        "mae": 0.15647508203983307,
        "r2": 0.027103722095489502
      },
      "ja": {
        "mse": 0.077939473092556,
        "rmse": 0.2791764192989014,
        "mae": 0.22938239574432373,
        "r2": -0.4873833656311035
      },
      "ko": {
        "mse": 0.06261684000492096,
        "rmse": 0.2502335708991121,
        "mae": 0.20649898052215576,
        "r2": -0.5664184093475342
      },
      "ru": {
        "mse": 0.05183105170726776,
        "rmse": 0.22766433999919214,
        "mae": 0.17900149524211884,
        "r2": -0.2893325090408325
      }
    }
  },