{
  "train_time": 57.77507209777832,
  "train_metrics": {
    "loss": 0.0616627033551534,
    "mse": 0.06174870580434799,
    "rmse": 0.24849286871930146,
    "r2": 0.042391180992126465
  },
  "val_metrics": {
    "loss": 0.05808807536959648,
    "mse": 0.057759594172239304,
    "rmse": 0.24033225786864174,
    "r2": 0.008362531661987305
  },
  "test_metrics": {
    "loss": 0.09621018792192142,
    "mse": 0.097870372235775,
    "rmse": 0.3128424079880715,
    "r2": -0.3300611972808838
  },
  "language": "ja",
  "task": "single_submetric",
  "task_type": "regression",
  "model_type": "lm_probe",
  "is_control": true,
  "control_index": 1,
  "submetric": "avg_subordinate_chain_len"
}