{
  "model_type": "Ridge",
  "training_time": 0.15175628662109375,
  "train_metrics": {
    "mse": 0.030049661536326735,
    "rmse": 0.17334838198358454,
    "mae": 0.14629567561630902,
    "r2": 0.5093894755483577
  },
  "val_metrics": {
    "mse": 0.06029640025147687,
    "rmse": 0.24555325339216516,
    "mae": 0.20250717124912457,
    "r2": -0.09799504038005225
  },
  "test_metrics": {
    "mse": 0.07718522618795254,
    "rmse": 0.2778222924604009,
    "mae": 0.2293156082600938,
    "r2": -0.22119104509174958
  },
  "per_language_metrics": {
    "train": {
      "ar": {
        "mse": 0.022593831342692893,
        "rmse": 0.15031244573451957,
        "mae": 0.1337494495880045,
        "r2": 0.4464503713955935
      },
      "en": {
        "mse": 0.0288416658185867,
        "rmse": 0.1698283422123254,
        "mae": 0.1474717789117777,
        "r2": 0.4755297804926887
      },
      "fi": {
        "mse": 0.022630697890186586,
        "rmse": 0.15043502880043128,
        "mae": 0.13179842118478396,
        "r2": 0.49860024442954287
      },
      "id": {
        "mse": 0.04955303787315492,
        "rmse": 0.22260511645771963,
        "mae": 0.1895647898904787,
        "r2": 0.49700919923448483
      },
      "ja": {
        "mse": 0.03909620418196554,
        "rmse": 0.1977276009614377,
        "mae": 0.17032193822390518,
        "r2": 0.3981927386689522
      },
      "ko": {
        "mse": 0.019555093612126692,
        "rmse": 0.13983952807459946,
        "mae": 0.11070741267509504,
        "r2": 0.46971816992951054
      },
      "ru": {
        "mse": 0.02678247215194083,
        "rmse": 0.16365351249496857,
        "mae": 0.13357499835164324,
        "r2": 0.48323072156389213
      }
    },
    "val": {
      "ar": {
        "mse": 0.07073554707684779,
        "rmse": 0.2659615518770482,
        "mae": 0.22261269164974148,
        "r2": -0.22838751686240255
      },
      "en": {
        "mse": 0.06341446942092364,
        "rmse": 0.2518222973068978,
        "mae": 0.21480468767672434,
        "r2": -0.2397646258851618
      },
      "fi": {
        "mse": 0.05979887063452835,
        "rmse": 0.24453807604241992,
        "mae": 0.2023658163841573,
        "r2": 0.02629878603623137
      },
      "id": {
        "mse": 0.058626653829219944,
        "rmse": 0.2421294154563215,
        "mae": 0.19850822331885423,
        "r2": 0.027518596035258636
      },
      "ja": {
        "mse": 0.09758285988087242,
        "rmse": 0.31238255373959734,
        "mae": 0.26931715136094175,
        "r2": -0.13437446888832594
      },
      "ko": {
        "mse": 0.0366914326799508,
        "rmse": 0.1915500787782422,
        "mae": 0.15034865284245913,
        "r2": -0.49343565760438857
      },
      "ru": {
        "mse": 0.05268700011191356,
        "rmse": 0.2295364897176777,
        "mae": 0.1915199457934914,
        "r2": -0.08247218329116324
      }
    },
    "test": {
      "ar": {
        "mse": 0.1309330528424253,
        "rmse": 0.36184672562070436,
        "mae": 0.32524376660019183,
        "r2": -0.8970335763123991
      },
      "en": {
        "mse": 0.06384514452379329,
        "rmse": 0.25267596744406323,
        "mae": 0.21353958827508399,
        "r2": -0.07331380366627727
      },
      "fi": {
        "mse": 0.08938430936243513,
        "rmse": 0.29897208793202606,
        "mae": 0.2529356460503996,
        "r2": -0.2631735267238531
      },
      "id": {
        "mse": 0.07325340915779081,
        "rmse": 0.2706536701354534,
        "mae": 0.22624814432836074,
        "r2": -0.14691256231457195
      },
      "ja": {
        "mse": 0.10902578748640598,
        "rmse": 0.33019053209685767,
        "mae": 0.280925110450291,
        "r2": -0.141310718186906
      },
      "ko": {
        "mse": 0.048851537364349225,
        "rmse": 0.2210238389051037,
        "mae": 0.17630191574158116,
        "r2": -0.40806175984514925
      },
      "ru": {
        "mse": 0.04633796424182954,
        "rmse": 0.21526254723437038,
        "mae": 0.16723872514426472,
        "r2": -0.13220160167912742
      }
    }
  },
  "feature_importances": null
}