{
  "model_type": "DummyRegressor",
  "training_time": 0.0005259513854980469,
  "train_metrics": {
    "mse": 0.03549784794449806,
    "rmse": 0.1884087257652842,
    "mae": 0.13217149674892426,
    "r2": 0.0
  },
  "val_metrics": {
    "mse": 0.06466961652040482,
    "rmse": 0.25430221493413074,
    "mae": 0.18674086034297943,
    "r2": -0.13808178901672363
  },
  "test_metrics": {
    "mse": 0.06433608382940292,
    "rmse": 0.253645587048943,
    "mae": 0.19590118527412415,
    "r2": -0.23348426818847656
  },
  "per_language_metrics": {
    "train": {
      "ar": {
        "mse": 0.019350431859493256,
        "rmse": 0.13910582971066762,
        "mae": 0.1027383878827095,
        "r2": -0.10125374794006348
      },
      "en": {
        "mse": 0.021878588944673538,
        "rmse": 0.14791412692732747,
        "mae": 0.10595028847455978,
        "r2": -0.07070207595825195
      },
      "fi": {
        "mse": 0.016536463052034378,
        "rmse": 0.12859417969735012,
        "mae": 0.09668796509504318,
        "r2": -0.18734359741210938
      },
      "id": {
        "mse": 0.03737274184823036,
        "rmse": 0.19332030893889643,
        "mae": 0.1360550820827484,
        "r2": -0.0008026361465454102
      },
      "ja": {
        "mse": 0.07485000044107437,
        "rmse": 0.2735872812121835,
        "mae": 0.20380333065986633,
        "r2": -0.16078591346740723
      },
      "ko": {
        "mse": 0.07564792782068253,
        "rmse": 0.27504168378753524,
        "mae": 0.20692536234855652,
        "r2": -0.1768714189529419
      },
      "ru": {
        "mse": 0.01592642441391945,
        "rmse": 0.12619993824847717,
        "mae": 0.09756753593683243,
        "r2": -0.16680514812469482
      }
    },
    "val": {
      "ar": {
        "mse": 0.05772199481725693,
        "rmse": 0.24025402143826216,
        "mae": 0.16178642213344574,
        "r2": -0.0306931734085083
      },
      "en": {
        "mse": 0.052472472190856934,
        "rmse": 0.22906870626704323,
        "mae": 0.1639745831489563,
        "r2": -0.08607912063598633
      },
      "fi": {
        "mse": 0.05058978125452995,
        "rmse": 0.2249217225048082,
        "mae": 0.15749035775661469,
        "r2": -0.039402127265930176
      },
      "id": {
        "mse": 0.06128458306193352,
        "rmse": 0.24755723189180623,
        "mae": 0.19157153367996216,
        "r2": -0.23092520236968994
      },
      "ja": {
        "mse": 0.06967947632074356,
        "rmse": 0.2639687032978409,
        "mae": 0.20509350299835205,
        "r2": -0.1962822675704956
      },
      "ko": {
        "mse": 0.10146743804216385,
        "rmse": 0.31853953921320954,
        "mae": 0.2586685121059418,
        "r2": -0.5474210977554321
      },
      "ru": {
        "mse": 0.056818895041942596,
        "rmse": 0.2383671433774852,
        "mae": 0.1618676483631134,
        "r2": -0.044887542724609375
      }
    },
    "test": {
      "ar": {
        "mse": 0.06647011637687683,
        "rmse": 0.25781799079365436,
        "mae": 0.19298343360424042,
        "r2": -0.20353913307189941
      },
      "en": {
        "mse": 0.024715645238757133,
        "rmse": 0.1572121027108191,
        "mae": 0.12645898759365082,
        "r2": -0.010521531105041504
      },
      "fi": {
        "mse": 0.04682912304997444,
        "rmse": 0.21640037673251505,
        "mae": 0.1569368541240692,
        "r2": -0.05486130714416504
      },
      "id": {
        "mse": 0.07111184298992157,
        "rmse": 0.2666680389359054,
        "mae": 0.21028952300548553,
        "r2": -0.35629403591156006
      },
      "ja": {
        "mse": 0.130652517080307,
        "rmse": 0.36145887329031917,
        "mae": 0.29813167452812195,
        "r2": -0.7755715847015381
      },
      "ko": {
        "mse": 0.07796146720647812,
        "rmse": 0.27921580758703135,
        "mae": 0.2335725575685501,
        "r2": -0.5428630113601685
      },
      "ru": {
        "mse": 0.04410385340452194,
        "rmse": 0.21000917457225993,
        "mae": 0.16878847777843475,
        "r2": -0.16779232025146484
      }
    }
  },
  "feature_importances": null
}