{
  "fi": {
    "train_time": 68.97861075401306,
    "train_metrics": {
      "loss": 0.00485757120574514,
      "mse": 0.004856526385992765,
      "rmse": 0.06968878235406877,
      "r2": 0.7596736550331116
    },
    "val_metrics": {
      "loss": 0.02367055555805564,
      "mse": 0.023742185905575752,
      "rmse": 0.15408499571851814,
      "r2": 0.6378586292266846
    },
    "test_metrics": {
      "loss": 0.020469119905361106,
      "mse": 0.020502280443906784,
      "rmse": 0.14318617406686576,
      "r2": 0.4807841181755066
    },
    "language": "fi",
    "task": "complexity",
    "task_type": "regression",
    "model_type": "lm_probe",
    "is_control": false,
    "control_index": null
  }
}