{
  "train_time": 80.369802236557,
  "train_metrics": {
    "loss": 0.027578933636347454,
    "accuracy": 0.9933054393305439,
    "f1": 0.9932659932659933
  },
  "val_metrics": {
    "loss": 0.10537567688152194,
    "accuracy": 0.9523809523809523,
    "f1": 0.9491525423728814
  },
  "test_metrics": {
    "loss": 0.7335958083470663,
    "accuracy": 0.6413043478260869,
    "f1": 0.6732673267326733
  }
}