{
  "ru": {
    "train_time": 82.51716303825378,
    "train_metrics": {
      "loss": 0.012212199848145247,
      "mse": 0.012259326875209808,
      "rmse": 0.11072184461618136,
      "r2": 0.7634556293487549
    },
    "val_metrics": {
      "loss": 0.027931968867778777,
      "mse": 0.029124421998858452,
      "rmse": 0.17065878822626876,
      "r2": 0.40162891149520874
    },
    "test_metrics": {
      "loss": 0.02969312242099217,
      "mse": 0.02941780723631382,
      "rmse": 0.17151620108990817,
      "r2": 0.28121811151504517
    },
    "language": "ru",
    "task": "single_submetric",
    "task_type": "regression",
    "model_type": "lm_probe",
    "is_control": false,
    "control_index": null,
    "submetric": "avg_verb_edges"
  }
}