{
  "id": {
    "train_time": 30.92862892150879,
    "train_metrics": {
      "loss": 0.037364126012350125,
      "mse": 0.03734765201807022,
      "rmse": 0.19325540618070747,
      "r2": -0.0001310110092163086
    },
    "val_metrics": {
      "loss": 0.06026345267891884,
      "mse": 0.05819493532180786,
      "rmse": 0.24123626452465197,
      "r2": -0.16886842250823975
    },
    "test_metrics": {
      "loss": 0.06687691541654724,
      "mse": 0.06732163578271866,
      "rmse": 0.2594641319772709,
      "r2": -0.2840045690536499
    },
    "language": "id",
    "task": "single_submetric",
    "task_type": "regression",
    "model_type": "lm_probe",
    "is_control": true,
    "control_index": 3,
    "submetric": "avg_subordinate_chain_len"
  }
}