{
  "ja": {
    "train_time": 80.5073299407959,
    "train_metrics": {
      "loss": 0.016724350151295465,
      "mse": 0.016777262091636658,
      "rmse": 0.12952707088341286,
      "r2": 0.7398155331611633
    },
    "val_metrics": {
      "loss": 0.02533527370542288,
      "mse": 0.025051116943359375,
      "rmse": 0.158275446432349,
      "r2": 0.569913387298584
    },
    "test_metrics": {
      "loss": 0.04916032527883848,
      "mse": 0.04940910264849663,
      "rmse": 0.2222815841415942,
      "r2": 0.32852882146835327
    },
    "language": "ja",
    "task": "single_submetric",
    "task_type": "regression",
    "model_type": "lm_probe",
    "is_control": false,
    "control_index": null,
    "submetric": "avg_subordinate_chain_len"
  }
}