{
  "train_time": 25.94438910484314,
  "train_metrics": {
    "loss": 0.025990954140822094,
    "mse": 0.02604621648788452,
    "rmse": 0.1613884025817361,
    "r2": -0.00024116039276123047
  },
  "val_metrics": {
    "loss": 0.02788732573390007,
    "mse": 0.02762208878993988,
    "rmse": 0.16619894340801292,
    "r2": -0.023076176643371582
  },
  "test_metrics": {
    "loss": 0.06606758013367653,
    "mse": 0.0666833147406578,
    "rmse": 0.2582311265913887,
    "r2": -0.27257275581359863
  },
  "language": "ja",
  "task": "single_submetric",
  "task_type": "regression",
  "model_type": "lm_probe",
  "is_control": true,
  "control_index": 3,
  "submetric": "lexical_density"
}