{
  "model_type": "XGBRegressor",
  "training_time": 167.21388006210327,
  "train_metrics": {
    "mse": 0.024253755807876587,
    "rmse": 0.15573617372940876,
    "mae": 0.12594401836395264,
    "r2": 0.521811306476593
  },
  "val_metrics": {
    "mse": 0.04056672751903534,
    "rmse": 0.2014118355981975,
    "mae": 0.15965475142002106,
    "r2": 0.19677728414535522
  },
  "test_metrics": {
    "mse": 0.05930711328983307,
    "rmse": 0.24353051818988328,
    "mae": 0.19400878250598907,
    "r2": -0.34454989433288574
  },
  "per_language_metrics": {
    "train": {
      "ar": {
        "mse": 0.028156721964478493,
        "rmse": 0.1677996482847282,
        "mae": 0.1368313729763031,
        "r2": 0.34504812955856323
      },
      "en": {
        "mse": 0.02144668810069561,
        "rmse": 0.14644687808449727,
        "mae": 0.12144086509943008,
        "r2": 0.214694082736969
      },
      "fi": {
        "mse": 0.02907223254442215,
        "rmse": 0.17050581381413993,
        "mae": 0.1367795169353485,
        "r2": 0.27316558361053467
      },
      "id": {
        "mse": 0.0335405133664608,
        "rmse": 0.18314069281964837,
        "mae": 0.14977452158927917,
        "r2": 0.24889230728149414
      },
      "ja": {
        "mse": 0.019226502627134323,
        "rmse": 0.13865966474477834,
        "mae": 0.11230570077896118,
        "r2": 0.26165318489074707
      },
      "ko": {
        "mse": 0.02005559764802456,
        "rmse": 0.1416177871879961,
        "mae": 0.12108367681503296,
        "r2": 0.41436493396759033
      },
      "ru": {
        "mse": 0.01917402818799019,
        "rmse": 0.13847031518701108,
        "mae": 0.10809405148029327,
        "r2": 0.18749141693115234
      }
    },
    "val": {
      "ar": {
        "mse": 0.0414075031876564,
        "rmse": 0.20348833673617858,
        "mae": 0.16360174119472504,
        "r2": -0.2043461799621582
      },
      "en": {
        "mse": 0.03122040256857872,
        "rmse": 0.17669296128759265,
        "mae": 0.14024120569229126,
        "r2": -0.19656610488891602
      },
      "fi": {
        "mse": 0.03496683016419411,
        "rmse": 0.1869941982099822,
        "mae": 0.14541958272457123,
        "r2": 0.014415621757507324
      },
      "id": {
        "mse": 0.054041557013988495,
        "rmse": 0.23246840003318406,
        "mae": 0.183649942278862,
        "r2": -0.08705735206604004
      },
      "ja": {
        "mse": 0.03275785222649574,
        "rmse": 0.18099130428419963,
        "mae": 0.14591041207313538,
        "r2": -0.2132962942123413
      },
      "ko": {
        "mse": 0.03787852078676224,
        "rmse": 0.1946240498673333,
        "mae": 0.1609858125448227,
        "r2": 0.08846378326416016
      },
      "ru": {
        "mse": 0.048501528799533844,
        "rmse": 0.22023062638864252,
        "mae": 0.17256681621074677,
        "r2": -0.10482382774353027
      }
    },
    "test": {
      "ar": {
        "mse": 0.06741345673799515,
        "rmse": 0.25964101513049737,
        "mae": 0.2015160322189331,
        "r2": -0.1616913080215454
      },
      "en": {
        "mse": 0.03398545831441879,
        "rmse": 0.1843514532473742,
        "mae": 0.14513467252254486,
        "r2": -0.18778812885284424
      },
      "fi": {
        "mse": 0.05014568567276001,
        "rmse": 0.22393232386763642,
        "mae": 0.17722594738006592,
        "r2": -0.1213231086730957
      },
      "id": {
        "mse": 0.061726853251457214,
        "rmse": 0.24844889464728398,
        "mae": 0.19582338631153107,
        "r2": -0.5085011720657349
      },
      "ja": {
        "mse": 0.06365320831537247,
        "rmse": 0.2522958745508386,
        "mae": 0.2055101990699768,
        "r2": -0.21474683284759521
      },
      "ko": {
        "mse": 0.08103926479816437,
        "rmse": 0.28467396227643366,
        "mae": 0.24230024218559265,
        "r2": -1.0272724628448486
      },
      "ru": {
        "mse": 0.06032895669341087,
        "rmse": 0.24561953646526344,
        "mae": 0.19468505680561066,
        "r2": -0.5007237195968628
      }
    }
  },