{
  "fi": {
    "train_time": 81.3946852684021,
    "train_metrics": {
      "loss": 0.012808171479652325,
      "mse": 0.012828335165977478,
      "rmse": 0.11326224068937307,
      "r2": 0.12484049797058105
    },
    "val_metrics": {
      "loss": 0.016555042238906026,
      "mse": 0.016506100073456764,
      "rmse": 0.12847606809618967,
      "r2": 0.10400974750518799
    },
    "test_metrics": {
      "loss": 0.014805336881961142,
      "mse": 0.01495633739978075,
      "rmse": 0.12229610541542503,
      "r2": -0.08171510696411133
    },
    "language": "fi",
    "task": "single_submetric",
    "task_type": "regression",
    "model_type": "lm_probe",
    "is_control": true,
    "control_index": 3,
    "submetric": "n_tokens"
  }
}