{
  "ru": {
    "train_time": 45.4313530921936,
    "train_metrics": {
      "loss": 0.03311669661353032,
      "mse": 0.03310667723417282,
      "rmse": 0.18195240376035932,
      "r2": 0.006959259510040283
    },
    "val_metrics": {
      "loss": 0.028790118545293807,
      "mse": 0.0287172794342041,
      "rmse": 0.1694617344246308,
      "r2": 0.037783026695251465
    },
    "test_metrics": {
      "loss": 0.016231066547334194,
      "mse": 0.016197819262742996,
      "rmse": 0.12727065358024606,
      "r2": 0.03842240571975708
    },
    "language": "ru",
    "task": "single_submetric",
    "task_type": "regression",
    "model_type": "lm_probe",
    "is_control": true,
    "control_index": 1,
    "submetric": "avg_links_len"
  }
}