{
  "train_time": 31.98195219039917,
  "train_metrics": {
    "loss": 0.021328761676947274,
    "mse": 0.021376173943281174,
    "rmse": 0.14620592991832163,
    "r2": -0.05780506134033203
  },
  "val_metrics": {
    "loss": 0.08102036081254482,
    "mse": 0.08093653619289398,
    "rmse": 0.28449347302336125,
    "r2": -0.23453116416931152
  },
  "test_metrics": {
    "loss": 0.04160477300839765,
    "mse": 0.0418609194457531,
    "rmse": 0.20459941213442695,
    "r2": -0.060118794441223145
  },
  "language": "fi",
  "task": "complexity",
  "task_type": "regression",
  "model_type": "lm_probe",
  "is_control": true,
  "control_index": 2
}