{
  "tfidf_LogisticRegression_question_type": {
    "model_type": "LogisticRegression",
    "training_time": 0.10635161399841309,
    "train_metrics": {
      "accuracy": 0.9861930294906166,
      "f1": 0.9860149355057706
    },
    "val_metrics": {
      "accuracy": 0.8662131519274376,
      "f1": 0.8631090487238979
    },
    "test_metrics": {
      "accuracy": 0.7510431154381085,
      "f1": 0.7672301690507152
    },
    "per_language_metrics": {
      "train": {
        "ar": {
          "accuracy": 1.0,
          "f1": 1.0
        },
        "en": {
          "accuracy": 0.9932885906040269,
          "f1": 0.9933110367892977
        },
        "fi": {
          "accuracy": 0.9933054393305439,
          "f1": 0.9932773109243698
        },
        "id": {
          "accuracy": 0.9790356394129979,
          "f1": 0.9781181619256017
        },
        "ja": {
          "accuracy": 0.9941225860621327,
          "f1": 0.9941225860621327
        },
        "ko": {
          "accuracy": 0.9688768606224628,
          "f1": 0.9663250366032211
        },
        "ru": {
          "accuracy": 0.9690117252931323,
          "f1": 0.9690893901420217
        }
      },
      "val": {
        "ar": {
          "accuracy": 1.0,
          "f1": 1.0
        },
        "en": {
          "accuracy": 0.8611111111111112,
          "f1": 0.8484848484848485
        },
        "fi": {
          "accuracy": 0.873015873015873,
          "f1": 0.8620689655172413
        },
        "id": {
          "accuracy": 0.8055555555555556,
          "f1": 0.7878787878787878
        },
        "ja": {
          "accuracy": 0.9347826086956522,
          "f1": 0.9361702127659575
        },
        "ko": {
          "accuracy": 0.7916666666666666,
          "f1": 0.7945205479452054
        },
        "ru": {
          "accuracy": 0.875,
          "f1": 0.8888888888888888
        }
      },
      "test": {
        "ar": {
          "accuracy": 0.987012987012987,
          "f1": 0.9767441860465116
        },
        "en": {
          "accuracy": 0.7909090909090909,
          "f1": 0.7927927927927928
        },
        "fi": {
          "accuracy": 0.8454545454545455,
          "f1": 0.8571428571428571
        },
        "id": {
          "accuracy": 0.5727272727272728,
          "f1": 0.5436893203883495
        },
        "ja": {
          "accuracy": 0.6521739130434783,
          "f1": 0.7419354838709677
        },
        "ko": {
          "accuracy": 0.6636363636363637,
          "f1": 0.7299270072992701
        },
        "ru": {
          "accuracy": 0.8,
          "f1": 0.8333333333333334
        }
      }
    },
    "feature_importances": null,
    "task": "question_type",
    "languages": [
      "ar",
      "en",
      "fi",
      "id",
      "ja",
      "ko",
      "ru"
    ],
    "control_index": null,
    "submetric": null,
    "source": "tfidf",
    "file_path": "logistic_question_type_all.json"
  },

  "tfidf_LogisticRegression_question_type_control1": {
    "model_type": "LogisticRegression",
    "training_time": 0.2582993507385254,
    "train_metrics": {
      "accuracy": 0.8166219839142091,
      "f1": 0.8103687274743554
    },
    "val_metrics": {
      "accuracy": 0.5147392290249433,
      "f1": 0.4623115577889447
    },
    "test_metrics": {
      "accuracy": 0.48400556328233657,
      "f1": 0.4370257966616085
    },
    "per_language_metrics": {
      "train": {
        "ar": {
          "accuracy": 0.807035175879397,
          "f1": 0.8064516129032258
        },
        "en": {
          "accuracy": 0.837248322147651,
          "f1": 0.8327586206896552
        },
        "fi": {
          "accuracy": 0.8359832635983263,
          "f1": 0.8361204013377926
        },
        "id": {
          "accuracy": 0.8186582809224319,
          "f1": 0.8004613610149942
        },
        "ja": {
          "accuracy": 0.7758186397984886,
          "f1": 0.7776852622814321
        },
        "ko": {
          "accuracy": 0.8064952638700947,
          "f1": 0.7636363636363637
        },
        "ru": {
          "accuracy": 0.8299832495812395,
          "f1": 0.8298407376362112
        }
      },
      "val": {
        "ar": {
          "accuracy": 0.5,
          "f1": 0.45
        },
        "en": {
          "accuracy": 0.5416666666666666,
          "f1": 0.5074626865671642
        },
        "fi": {
          "accuracy": 0.4444444444444444,
          "f1": 0.38596491228070173
        },
        "id": {
          "accuracy": 0.4722222222222222,
          "f1": 0.3870967741935484
        },
        "ja": {
          "accuracy": 0.5434782608695652,
          "f1": 0.5531914893617021
        },
        "ko": {
          "accuracy": 0.6527777777777778,
          "f1": 0.5614035087719298
        },
        "ru": {
          "accuracy": 0.4444444444444444,
          "f1": 0.4117647058823529
        }
      },
      "test": {
        "ar": {
          "accuracy": 0.5194805194805194,
          "f1": 0.39344262295081966
        },
        "en": {
          "accuracy": 0.509090909090909,
          "f1": 0.4807692307692308
        },
        "fi": {
          "accuracy": 0.4727272727272727,
          "f1": 0.4528301886792453
        },
        "id": {
          "accuracy": 0.45454545454545453,
          "f1": 0.3877551020408163
        },
        "ja": {
          "accuracy": 0.5217391304347826,
          "f1": 0.5769230769230769
        },
        "ko": {
          "accuracy": 0.5454545454545454,
          "f1": 0.4186046511627907
        },
        "ru": {
          "accuracy": 0.38181818181818183,
          "f1": 0.32
        }
      }
    },
    "feature_importances": null,
    "task": "question_type",
    "languages": [
      "ar",
      "en",
      "fi",
      "id",
      "ja",
      "ko",
      "ru"
    ],
    "control_index": 1,
    "submetric": null,
    "source": "tfidf",
    "file_path": "logistic_question_type_control1_all.json"
  },

  "tfidf_LogisticRegression_question_type_control2": {
    "model_type": "LogisticRegression",
    "training_time": 0.2916278839111328,
    "train_metrics": {
      "accuracy": 0.8198391420911528,
      "f1": 0.8140564471499724
    },
    "val_metrics": {
      "accuracy": 0.49206349206349204,
      "f1": 0.46411483253588515
    },
    "test_metrics": {
      "accuracy": 0.46870653685674546,
      "f1": 0.4415204678362573
    },
    "per_language_metrics": {
      "train": {
        "ar": {
          "accuracy": 0.8140703517587939,
          "f1": 0.8140703517587939
        },
        "en": {
          "accuracy": 0.8213087248322147,
          "f1": 0.8190314358538657
        },
        "fi": {
          "accuracy": 0.8518828451882845,
          "f1": 0.8516345347862532
        },
        "id": {
          "accuracy": 0.8438155136268344,
          "f1": 0.8331466965285554
        },
        "ja": {
          "accuracy": 0.7850545759865659,
          "f1": 0.7841483979763912
        },
        "ko": {
          "accuracy": 0.7956698240866035,
          "f1": 0.7453625632377741
        },
        "ru": {
          "accuracy": 0.821608040201005,
          "f1": 0.8211586901763224
        }
      },
      "val": {
        "ar": {
          "accuracy": 0.45454545454545453,
          "f1": 0.3684210526315789
        },
        "en": {
          "accuracy": 0.4861111111111111,
          "f1": 0.44776119402985076
        },
        "fi": {
          "accuracy": 0.5079365079365079,
          "f1": 0.5373134328358209
        },
        "id": {
          "accuracy": 0.5416666666666666,
          "f1": 0.49230769230769234
        },
        "ja": {
          "accuracy": 0.4782608695652174,
          "f1": 0.4782608695652174
        },
        "ko": {
          "accuracy": 0.4583333333333333,
          "f1": 0.38095238095238093
        },
        "ru": {
          "accuracy": 0.5,
          "f1": 0.5
        }
      },
      "test": {
        "ar": {
          "accuracy": 0.45454545454545453,
          "f1": 0.25
        },