{
  "train_time": 67.7510826587677,
  "train_metrics": {
    "loss": 0.030993193210590454,
    "mse": 0.030994649976491928,
    "rmse": 0.1760529749151997,
    "r2": -0.009684443473815918
  },
  "val_metrics": {
    "loss": 0.06327623377243678,
    "mse": 0.06293798983097076,
    "rmse": 0.2508744503351642,
    "r2": 0.029916226863861084
  },
  "test_metrics": {
    "loss": 0.05473264753818512,
    "mse": 0.054081812500953674,
    "rmse": 0.23255496662284741,
    "r2": 0.06765365600585938
  },
  "language": "ar",
  "task": "complexity",
  "task_type": "regression",
  "model_type": "lm_probe",
  "is_control": true,
  "control_index": 2
}