{
  "ko": {
    "train_time": 42.80457901954651,
    "train_metrics": {
      "loss": 0.6910455531262337,
      "accuracy": 0.5385656292286874,
      "f1": 0.0
    },
    "val_metrics": {
      "loss": 0.6936471343040467,
      "accuracy": 0.5,
      "f1": 0.0
    },
    "test_metrics": {
      "loss": 0.6933487142835345,
      "accuracy": 0.5,
      "f1": 0.0
    },
    "language": "ko",
    "task": "question_type",
    "task_type": "classification",
    "model_type": "lm_probe",
    "is_control": true,
    "control_index": 2
  }
}