{
  "train_time": 48.97351098060608,
  "train_metrics": {
    "loss": 0.03224476995567481,
    "accuracy": 0.9983221476510067,
    "f1": 0.998324958123953
  },
  "val_metrics": {
    "loss": 0.15795647203922272,
    "accuracy": 0.9444444444444444,
    "f1": 0.9473684210526315
  },
  "test_metrics": {
    "loss": 1.0288172006607055,
    "accuracy": 0.6103896103896104,
    "f1": 0.5588235294117647
  }
}