{
  "id": {
    "train_time": 51.111000776290894,
    "train_metrics": {
      "loss": 0.015131899691186845,
      "mse": 0.015156364068388939,
      "rmse": 0.12311118579718473,
      "r2": 0.4727032780647278
    },
    "val_metrics": {
      "loss": 0.02350645177066326,
      "mse": 0.023681189864873886,
      "rmse": 0.15388693857788543,
      "r2": 0.41870635747909546
    },
    "test_metrics": {
      "loss": 0.0284013104225908,
      "mse": 0.02816733531653881,
      "rmse": 0.16783127037753962,
      "r2": 0.1256777048110962
    },
    "language": "id",
    "task": "single_submetric",
    "task_type": "regression",
    "model_type": "lm_probe",
    "is_control": false,
    "control_index": null,
    "submetric": "avg_max_depth"
  }
}