{
  "fi": {
    "train_time": 79.74528431892395,
    "train_metrics": {
      "loss": 0.009465751529981692,
      "mse": 0.009496827609837055,
      "rmse": 0.09745166807108566,
      "r2": 0.3181130886077881
    },
    "val_metrics": {
      "loss": 0.03670684527605772,
      "mse": 0.0366593562066555,
      "rmse": 0.19146633178356842,
      "r2": 0.24680811166763306
    },
    "test_metrics": {
      "loss": 0.03730583390487092,
      "mse": 0.037423908710479736,
      "rmse": 0.19345260068161332,
      "r2": 0.15699821710586548
    },
    "language": "fi",
    "task": "single_submetric",
    "task_type": "regression",
    "model_type": "lm_probe",
    "is_control": false,
    "control_index": null,
    "submetric": "avg_subordinate_chain_len"
  }
}