{
  "train_time": 37.548110008239746,
  "train_metrics": {
    "loss": 0.010444098796219901,
    "mse": 0.010575497522950172,
    "rmse": 0.10283723801692737,
    "r2": -0.06721770763397217
  },
  "val_metrics": {
    "loss": 0.044691382255405185,
    "mse": 0.04895918816328049,
    "rmse": 0.22126723246626576,
    "r2": -0.1360783576965332
  },
  "test_metrics": {
    "loss": 0.06995208880731038,
    "mse": 0.06941342353820801,
    "rmse": 0.26346427374163656,
    "r2": -0.6645677089691162
  },
  "language": "ko",
  "task": "single_submetric",
  "task_type": "regression",
  "model_type": "lm_probe",
  "is_control": true,
  "control_index": 3,
  "submetric": "n_tokens"
}