{
  "id": {
    "train_time": 47.56483006477356,
    "train_metrics": {
      "loss": 0.017992196783112983,
      "mse": 0.01802068203687668,
      "rmse": 0.13424113392279088,
      "r2": 0.01348412036895752
    },
    "val_metrics": {
      "loss": 0.05231718346476555,
      "mse": 0.0486065074801445,
      "rmse": 0.22046883562114739,
      "r2": -0.31718969345092773
    },
    "test_metrics": {
      "loss": 0.036172959953546524,
      "mse": 0.03600756824016571,
      "rmse": 0.18975660262601066,
      "r2": -0.621903657913208
    },
    "language": "id",
    "task": "single_submetric",
    "task_type": "regression",
    "model_type": "lm_probe",
    "is_control": true,
    "control_index": 3,
    "submetric": "avg_links_len"
  }
}