{
  "train_time": 56.485477685928345,
  "train_metrics": {
    "loss": 0.041169307416393644,
    "mse": 0.041117697954177856,
    "rmse": 0.20277499341432084,
    "r2": -0.007384896278381348
  },
  "val_metrics": {
    "loss": 0.06335948407649994,
    "mse": 0.06264876574277878,
    "rmse": 0.25029735464598657,
    "r2": -0.08795332908630371
  },
  "test_metrics": {
    "loss": 0.11791786402463914,
    "mse": 0.11875609308481216,
    "rmse": 0.3446100594654952,
    "r2": -0.7206065654754639
  },
  "language": "ar",
  "task": "single_submetric",
  "task_type": "regression",
  "model_type": "lm_probe",
  "is_control": true,
  "control_index": 1,
  "submetric": "avg_verb_edges"
}