{
  "train_time": 41.08480644226074,
  "train_metrics": {
    "loss": 0.08110813879304463,
    "accuracy": 1.0,
    "f1": 1.0
  },
  "val_metrics": {
    "loss": 0.17452879001696905,
    "accuracy": 0.9772727272727273,
    "f1": 0.975609756097561
  },
  "test_metrics": {
    "loss": 0.8298325538635254,
    "accuracy": 0.5272727272727272,
    "f1": 0.16129032258064516
  },
  "train_language": "ar",
  "eval_language": "ko",
  "task": "question_type",
  "task_type": "classification",
  "model_type": "lm_probe"
}