{
  "ru": {
    "train_time": 51.65300750732422,
    "train_metrics": {
      "loss": 0.033197099392612776,
      "mse": 0.03329720348119736,
      "rmse": 0.18247521333374941,
      "r2": 0.0012442469596862793
    },
    "val_metrics": {
      "loss": 0.029087540134787558,
      "mse": 0.029215574264526367,
      "rmse": 0.1709256395761805,
      "r2": 0.02108687162399292
    },
    "test_metrics": {
      "loss": 0.016780707452978407,
      "mse": 0.01674143224954605,
      "rmse": 0.1293886867138934,
      "r2": 0.006151020526885986
    },
    "language": "ru",
    "task": "single_submetric",
    "task_type": "regression",
    "model_type": "lm_probe",
    "is_control": true,
    "control_index": 3,
    "submetric": "avg_links_len"
  }
}