{
  "train_time": 66.15184926986694,
  "train_metrics": {
    "loss": 0.07611492052674293,
    "accuracy": 0.9874213836477987,
    "f1": 0.9868995633187773
  },
  "val_metrics": {
    "loss": 0.3570680171251297,
    "accuracy": 0.8611111111111112,
    "f1": 0.84375
  },
  "test_metrics": {
    "loss": 0.6219689071178436,
    "accuracy": 0.8181818181818182,
    "f1": 0.7407407407407407
  }
}