{
  "en": {
    "train_time": 80.06575274467468,
    "train_metrics": {
      "loss": 0.0290983464072148,
      "mse": 0.02904830500483513,
      "rmse": 0.17043563302559453,
      "r2": -0.06365156173706055
    },
    "val_metrics": {
      "loss": 0.028865909576416014,
      "mse": 0.02793111465871334,
      "rmse": 0.1671260442262466,
      "r2": -0.07049953937530518
    },
    "test_metrics": {
      "loss": 0.029582755906241282,
      "mse": 0.029769929125905037,
      "rmse": 0.1725396450845574,
      "r2": -0.04045581817626953
    },
    "language": "en",
    "task": "single_submetric",
    "task_type": "regression",
    "model_type": "lm_probe",
    "is_control": true,
    "control_index": 1,
    "submetric": "lexical_density"
  }
}