{
  "train_time": 80.58088850975037,
  "train_metrics": {
    "loss": 0.012304918933659792,
    "accuracy": 0.9974811083123426,
    "f1": 0.9974768713204374
  },
  "val_metrics": {
    "loss": 0.005798588196436564,
    "accuracy": 1.0,
    "f1": 1.0
  },
  "test_metrics": {
    "loss": 0.3667069013629641,
    "accuracy": 0.8727272727272727,
    "f1": 0.8679245283018868
  }
}