{
  "train_time": 80.61751246452332,
  "train_metrics": {
    "loss": 0.012304918933659792,
    "accuracy": 0.9974811083123426,
    "f1": 0.9974768713204374
  },
  "val_metrics": {
    "loss": 0.005798588196436564,
    "accuracy": 1.0,
    "f1": 1.0
  },
  "test_metrics": {
    "loss": 0.7758827081748417,
    "accuracy": 0.8090909090909091,
    "f1": 0.8372093023255814
  },
  "train_language": "ja",
  "eval_language": "fi",
  "task": "question_type",
  "task_type": "classification",
  "model_type": "lm_probe"
}