{
  "en": {
    "train_time": 65.60022616386414,
    "train_metrics": {
      "loss": 0.05498415539662043,
      "mse": 0.05509761720895767,
      "rmse": 0.23472881631567452,
      "r2": -0.0019207000732421875
    },
    "val_metrics": {
      "loss": 0.04951402172446251,
      "mse": 0.05077449977397919,
      "rmse": 0.22533197681194558,
      "r2": 0.007349193096160889
    },
    "test_metrics": {
      "loss": 0.05938095812286649,
      "mse": 0.059534702450037,
      "rmse": 0.2439973410716539,
      "r2": -0.0008502006530761719
    },
    "language": "en",
    "task": "single_submetric",
    "task_type": "regression",
    "model_type": "lm_probe",
    "is_control": true,
    "control_index": 2,
    "submetric": "avg_verb_edges"
  }
}