{
  "fi": {
    "train_time": 77.95501208305359,
    "train_metrics": {
      "loss": 0.00451899064957009,
      "mse": 0.004536631982773542,
      "rmse": 0.06735452459021252,
      "r2": 0.6742627620697021
    },
    "val_metrics": {
      "loss": 0.02184770256280899,
      "mse": 0.021896913647651672,
      "rmse": 0.14797605768384178,
      "r2": 0.5501127243041992
    },
    "test_metrics": {
      "loss": 0.02883556511785303,
      "mse": 0.028828248381614685,
      "rmse": 0.16978883467888778,
      "r2": 0.3506219983100891
    },
    "language": "fi",
    "task": "single_submetric",
    "task_type": "regression",
    "model_type": "lm_probe",
    "is_control": false,
    "control_index": null,
    "submetric": "avg_subordinate_chain_len"
  }
}