{
  "train_time": 48.697012186050415,
  "train_metrics": {
    "loss": 0.13519096185763677,
    "accuracy": 0.974036850921273,
    "f1": 0.9739714525608733
  },
  "val_metrics": {
    "loss": 0.2806080937385559,
    "accuracy": 0.8888888888888888,
    "f1": 0.8947368421052632
  },
  "test_metrics": {
    "loss": 0.44653514666216715,
    "accuracy": 0.8454545454545455,
    "f1": 0.8571428571428571
  },
  "train_language": "ru",
  "eval_language": "id",
  "task": "question_type",
  "task_type": "classification",
  "model_type": "lm_probe"
}