{
  "ru": {
    "train_time": 66.80322408676147,
    "train_metrics": {
      "loss": 0.01218514369490246,
      "mse": 0.012104037217795849,
      "rmse": 0.11001834945951447,
      "r2": 0.6369372606277466
    },
    "val_metrics": {
      "loss": 0.01621979158371687,
      "mse": 0.015046685934066772,
      "rmse": 0.12266493359581936,
      "r2": 0.4958374500274658
    },
    "test_metrics": {
      "loss": 0.017267830004649504,
      "mse": 0.016945334151387215,
      "rmse": 0.13017424534594857,
      "r2": -0.005953431129455566
    },
    "language": "ru",
    "task": "single_submetric",
    "task_type": "regression",
    "model_type": "lm_probe",
    "is_control": false,
    "control_index": null,
    "submetric": "avg_links_len"
  }
}