{
  "id": {
    "train_time": 38.882159948349,
    "train_metrics": {
      "loss": 0.028547771950252356,
      "mse": 0.02870042249560356,
      "rmse": 0.1694119904127319,
      "r2": 0.0014993548393249512
    },
    "val_metrics": {
      "loss": 0.0398169431835413,
      "mse": 0.03865139186382294,
      "rmse": 0.19659957238972556,
      "r2": 0.051238298416137695
    },
    "test_metrics": {
      "loss": 0.029314527554171427,
      "mse": 0.02939845807850361,
      "rmse": 0.1714597856014745,
      "r2": 0.08746325969696045
    },
    "language": "id",
    "task": "single_submetric",
    "task_type": "regression",
    "model_type": "lm_probe",
    "is_control": true,
    "control_index": 2,
    "submetric": "avg_max_depth"
  }
}