{
  "train_time": 54.3340048789978,
  "train_metrics": {
    "loss": 0.04159602257324026,
    "accuracy": 0.9972936400541272,
    "f1": 0.9970588235294118
  },
  "val_metrics": {
    "loss": 0.14360330924391745,
    "accuracy": 0.9444444444444444,
    "f1": 0.9444444444444444
  },
  "test_metrics": {
    "loss": 0.1173280126282147,
    "accuracy": 0.9727272727272728,
    "f1": 0.9734513274336283
  }
}