{
  "ar": {
    "train_time": 67.0700249671936,
    "train_metrics": {
      "loss": 0.017286247418572504,
      "mse": 0.017490310594439507,
      "rmse": 0.13225093797187037,
      "r2": 0.0046076178550720215
    },
    "val_metrics": {
      "loss": 0.06647588188449542,
      "mse": 0.06243399158120155,
      "rmse": 0.24986794828709336,
      "r2": -0.11483132839202881
    },
    "test_metrics": {
      "loss": 0.07592394649982452,
      "mse": 0.07568975538015366,
      "rmse": 0.27511771186194767,
      "r2": -0.3704742193222046
    },
    "language": "ar",
    "task": "single_submetric",
    "task_type": "regression",
    "model_type": "lm_probe",
    "is_control": true,
    "control_index": 1,
    "submetric": "avg_subordinate_chain_len"
  }
}