{
  "train": {
    "ar": {
      "accuracy": 1.0,
      "f1": 1.0
    },
    "en": {
      "accuracy": 0.988255033557047,
      "f1": 0.9882154882154882
    },
    "fi": {
      "accuracy": 0.9891213389121339,
      "f1": 0.9890295358649789
    },
    "id": {
      "accuracy": 0.9685534591194969,
      "f1": 0.9669603524229075
    },
    "ja": {
      "accuracy": 0.9899244332493703,
      "f1": 0.9899497487437185
    },
    "ko": {
      "accuracy": 0.9472259810554804,
      "f1": 0.9418777943368107
    },
    "ru": {
      "accuracy": 0.9321608040201005,
      "f1": 0.9309462915601023
    }
  },
  "val": {
    "ar": {
      "accuracy": 1.0,
      "f1": 1.0
    },
    "en": {
      "accuracy": 0.7916666666666666,
      "f1": 0.7692307692307693
    },
    "fi": {
      "accuracy": 0.873015873015873,
      "f1": 0.8571428571428571
    },
    "id": {
      "accuracy": 0.8055555555555556,
      "f1": 0.7941176470588235
    },
    "ja": {
      "accuracy": 0.8913043478260869,
      "f1": 0.8888888888888888
    },
    "ko": {
      "accuracy": 0.8472222222222222,
      "f1": 0.8450704225352113
    },
    "ru": {
      "accuracy": 0.8888888888888888,
      "f1": 0.9
    }
  },
  "test": {
    "ar": {
      "accuracy": 0.987012987012987,
      "f1": 0.9767441860465116
    },
    "en": {
      "accuracy": 0.7363636363636363,
      "f1": 0.6947368421052632
    },
    "fi": {
      "accuracy": 0.8090909090909091,
      "f1": 0.8108108108108109
    },
    "id": {
      "accuracy": 0.6909090909090909,
      "f1": 0.6666666666666666
    },
    "ja": {
      "accuracy": 0.6413043478260869,
      "f1": 0.6796116504854369
    },
    "ko": {
      "accuracy": 0.6636363636363637,
      "f1": 0.7218045112781954
    },
    "ru": {
      "accuracy": 0.8727272727272727,
      "f1": 0.8870967741935484
    }
  }
}