{
  "ar": {
    "train_time": 46.60810375213623,
    "train_metrics": {
      "loss": 0.0026221967668139507,
      "mse": 0.0026277275756001472,
      "rmse": 0.05126136533101852,
      "r2": 0.8644755482673645
    },
    "val_metrics": {
      "loss": 0.01388740943123897,
      "mse": 0.014399024657905102,
      "rmse": 0.11999593600578772,
      "r2": 0.7227730751037598
    },
    "test_metrics": {
      "loss": 0.05643019527196884,
      "mse": 0.05646566301584244,
      "rmse": 0.23762504711381424,
      "r2": 0.2461475133895874
    },
    "language": "ar",
    "task": "single_submetric",
    "task_type": "regression",
    "model_type": "lm_probe",
    "is_control": false,
    "control_index": null,
    "submetric": "n_tokens"
  }
}