{
  "model_type": "XGBRegressor",
  "training_time": 166.3066554069519,
  "train_metrics": {
    "mse": 0.04149938002228737,
    "rmse": 0.20371396619350224,
    "mae": 0.1753091961145401,
    "r2": 0.3224537968635559
  },
  "val_metrics": {
    "mse": 0.05805281549692154,
    "rmse": 0.24094151883168982,
    "mae": 0.19948911666870117,
    "r2": -0.05713939666748047
  },
  "test_metrics": {
    "mse": 0.07409242540597916,
    "rmse": 0.2721992384375444,
    "mae": 0.2271486222743988,
    "r2": -0.17225801944732666
  },
  "per_language_metrics": {
    "train": {
      "ar": {
        "mse": 0.035086359828710556,
        "rmse": 0.1873135334905371,
        "mae": 0.17072966694831848,
        "r2": 0.14038300514221191
      },
      "en": {
        "mse": 0.046330567449331284,
        "rmse": 0.21524536568607297,
        "mae": 0.19018597900867462,
        "r2": 0.15750348567962646
      },
      "fi": {
        "mse": 0.03449506312608719,
        "rmse": 0.18572846611676733,
        "mae": 0.1671476811170578,
        "r2": 0.23573648929595947
      },
      "id": {
        "mse": 0.06363959610462189,
        "rmse": 0.2522688964272486,
        "mae": 0.21532998979091644,
        "r2": 0.354022741317749
      },
      "ja": {
        "mse": 0.044709086418151855,
        "rmse": 0.2114452326683008,
        "mae": 0.1850871443748474,
        "r2": 0.3117936849594116
      },
      "ko": {
        "mse": 0.025727616623044014,
        "rmse": 0.16039830617261522,
        "mae": 0.12887375056743622,
        "r2": 0.30233585834503174
      },
      "ru": {
        "mse": 0.037900686264038086,
        "rmse": 0.19468098588212995,
        "mae": 0.1594523936510086,
        "r2": 0.2687041163444519
      }
    },
    "val": {
      "ar": {
        "mse": 0.06777630001306534,
        "rmse": 0.2603388177223392,
        "mae": 0.22344182431697845,
        "r2": -0.17699766159057617
      },
      "en": {
        "mse": 0.05487992987036705,
        "rmse": 0.2342646577492368,
        "mae": 0.19770625233650208,
        "r2": -0.07291281223297119
      },
      "fi": {
        "mse": 0.06465412676334381,
        "rmse": 0.2542717576990095,
        "mae": 0.2133452445268631,
        "r2": -0.05275893211364746
      },
      "id": {
        "mse": 0.06389927864074707,
        "rmse": 0.2527830663647133,
        "mae": 0.21159884333610535,
        "r2": -0.05994212627410889
      },
      "ja": {
        "mse": 0.09171290695667267,
        "rmse": 0.30284138910768565,
        "mae": 0.26526471972465515,
        "r2": -0.06613790988922119
      },
      "ko": {
        "mse": 0.029996778815984726,
        "rmse": 0.1731957817499743,
        "mae": 0.13779538869857788,
        "r2": -0.2209460735321045
      },
      "ru": {
        "mse": 0.05021192505955696,
        "rmse": 0.22408017551661494,
        "mae": 0.18207086622714996,
        "r2": -0.03162097930908203
      }
    },
    "test": {
      "ar": {
        "mse": 0.12572485208511353,
        "rmse": 0.3545770044505333,
        "mae": 0.32001131772994995,
        "r2": -0.8215739727020264
      },
      "en": {
        "mse": 0.0607675164937973,
        "rmse": 0.24651068231173534,
        "mae": 0.2131672203540802,
        "r2": -0.021575331687927246
      },
      "fi": {
        "mse": 0.0830441415309906,
        "rmse": 0.28817380438025697,
        "mae": 0.2499060034751892,
        "r2": -0.17357468605041504
      },
      "id": {
        "mse": 0.07409410178661346,
        "rmse": 0.27220231774658615,
        "mae": 0.23191294074058533,
        "r2": -0.16007506847381592
      },
      "ja": {
        "mse": 0.10705108940601349,
        "rmse": 0.3271866277921723,
        "mae": 0.27979370951652527,
        "r2": -0.12063896656036377
      },
      "ko": {
        "mse": 0.0408824197947979,
        "rmse": 0.20219401522992192,
        "mae": 0.15921832621097565,
        "r2": -0.1783655881881714
      },
      "ru": {
        "mse": 0.04796583577990532,
        "rmse": 0.21901104031510676,
        "mae": 0.1725042462348938,
        "r2": -0.17197632789611816
      }
    }
  },