{
  "train_time": 55.59345626831055,
  "train_metrics": {
    "loss": 0.057568511143326756,
    "mse": 0.05767937749624252,
    "rmse": 0.24016531284980044,
    "r2": -0.439632773399353
  },
  "val_metrics": {
    "loss": 0.06073728452126185,
    "mse": 0.061474353075027466,
    "rmse": 0.2479402207690948,
    "r2": -0.0019044876098632812
  },
  "test_metrics": {
    "loss": 0.056345521161953606,
    "mse": 0.05564602091908455,
    "rmse": 0.23589408835128647,
    "r2": -0.06891214847564697
  },
  "language": "ja",
  "task": "complexity",
  "task_type": "regression",
  "model_type": "lm_probe",
  "is_control": true,
  "control_index": 3
}