{
  "ja": {
    "train_time": 39.90902853012085,
    "train_metrics": {
      "loss": 0.020570324702809253,
      "mse": 0.020690523087978363,
      "rmse": 0.1438420073830255,
      "r2": -0.21062374114990234
    },
    "val_metrics": {
      "loss": 0.03146445316572984,
      "mse": 0.030606387183070183,
      "rmse": 0.1749468124404391,
      "r2": -0.04852402210235596
    },
    "test_metrics": {
      "loss": 0.09404651696483295,
      "mse": 0.0952530950307846,
      "rmse": 0.30863100140910116,
      "r2": -0.40718817710876465
    },
    "language": "ja",
    "task": "single_submetric",
    "task_type": "regression",
    "model_type": "lm_probe",
    "is_control": true,
    "control_index": 3,
    "submetric": "avg_max_depth"
  }
}