{
  "ko": {
    "train_time": 53.81942629814148,
    "train_metrics": {
      "loss": 0.04159602257324026,
      "accuracy": 0.9972936400541272,
      "f1": 0.9970588235294118
    },
    "val_metrics": {
      "loss": 0.14360330924391745,
      "accuracy": 0.9444444444444444,
      "f1": 0.9444444444444444
    },
    "test_metrics": {
      "loss": 0.3398917519620487,
      "accuracy": 0.8636363636363636,
      "f1": 0.8543689320388349
    },
    "language": "ko",
    "task": "question_type",
    "task_type": "classification",
    "model_type": "lm_probe",
    "is_control": false,
    "control_index": null
  }
}