{
  "train": {
    "ar": {
      "mse": 0.0055003871342341965,
      "rmse": 0.07416459488350352,
      "mae": 0.05461388307870241,
      "r2": 0.7391252666815507
    },
    "en": {
      "mse": 0.0036694353274438034,
      "rmse": 0.06057586423191834,
      "mae": 0.044010154748123025,
      "r2": 0.7074025116020042
    },
    "fi": {
      "mse": 0.0023622284094953734,
      "rmse": 0.048602761336115186,
      "mae": 0.03577589334047832,
      "r2": 0.6873648474335567
    },
    "id": {
      "mse": 0.0039451550173299306,
      "rmse": 0.06281046901058716,
      "mae": 0.04548101248685415,
      "r2": 0.7840282556522569
    },
    "ja": {
      "mse": 0.0025838093179064237,
      "rmse": 0.05083118450229567,
      "mae": 0.03605646805082365,
      "r2": 0.7222223259767746
    },
    "ko": {
      "mse": 0.004539815308838453,
      "rmse": 0.0673781515688762,
      "mae": 0.050738128845060584,
      "r2": 0.7918051933005258
    },
    "ru": {
      "mse": 0.006131440595930639,
      "rmse": 0.0783035158593191,
      "mae": 0.05849174083052106,
      "r2": 0.8160863364673417
    }
  },
  "val": {
    "ar": {
      "mse": 0.028827730283067347,
      "rmse": 0.16978730895761127,
      "mae": 0.10748241734334386,
      "r2": 0.4126973905014848
    },
    "en": {
      "mse": 0.007839995549122082,
      "rmse": 0.08854374935093996,
      "mae": 0.06644588776756179,
      "r2": 0.4112051288393034
    },
    "fi": {
      "mse": 0.012945640677431865,
      "rmse": 0.11377891139148706,
      "mae": 0.07961593133646831,
      "r2": 0.24730355931678616
    },
    "id": {
      "mse": 0.0330588366011044,
      "rmse": 0.18182089154193584,
      "mae": 0.1286715565711738,
      "r2": 0.10413724782857825
    },
    "ja": {
      "mse": 0.01182934327447699,
      "rmse": 0.10876278441855464,
      "mae": 0.07200341536721866,
      "r2": 0.3364647873640091
    },
    "ko": {
      "mse": 0.01192803995056569,
      "rmse": 0.10921556642972508,
      "mae": 0.0847376019324472,
      "r2": 0.4073351993485781
    },
    "ru": {
      "mse": 0.01432106819960778,
      "rmse": 0.1196706655768563,
      "mae": 0.08959579896090081,
      "r2": 0.5201503939610929
    }
  },
  "test": {
    "ar": {
      "mse": 0.03964687285973368,
      "rmse": 0.1991152250826985,
      "mae": 0.1403941613726177,
      "r2": 0.14397426821873882
    },
    "en": {
      "mse": 0.006329194621713716,
      "rmse": 0.07955623559290445,
      "mae": 0.05778987012688288,
      "r2": 0.3195235423788443
    },
    "fi": {
      "mse": 0.017817983062374892,
      "rmse": 0.1334840180035606,
      "mae": 0.09972460917393088,
      "r2": 0.017552073791573086
    },
    "id": {
      "mse": 0.026344876354393768,
      "rmse": 0.16231104815875524,
      "mae": 0.12626144814454057,
      "r2": -0.18666298234942458
    },
    "ja": {
      "mse": 0.07575717222212376,
      "rmse": 0.27524020822206147,
      "mae": 0.22175380941738163,
      "r2": -0.7817223835734057
    },
    "ko": {
      "mse": 0.020066076024797243,
      "rmse": 0.1416547776278557,
      "mae": 0.11151071625493267,
      "r2": 0.12801170111325855
    },
    "ru": {
      "mse": 0.01885157914662774,
      "rmse": 0.1373010529698434,
      "mae": 0.1106506251348587,
      "r2": -0.11911697459773851
    }
  }
}