{
  "train_time": 65.43615937232971,
  "train_metrics": {
    "loss": 0.028027841293563446,
    "mse": 0.02795599214732647,
    "rmse": 0.1672004549854051,
    "r2": 0.22958099842071533
  },
  "val_metrics": {
    "loss": 0.022024256736040117,
    "mse": 0.020459331572055817,
    "rmse": 0.14303611981613532,
    "r2": 0.5106495022773743
  },
  "test_metrics": {
    "loss": 0.04486403481236526,
    "mse": 0.044634703546762466,
    "rmse": 0.2112692678710334,
    "r2": -0.1581813097000122
  },
  "train_language": "id",
  "eval_language": "en",
  "task": "complexity",
  "task_type": "regression",
  "model_type": "lm_probe"
}