{
  "ko": {
    "train_time": 40.090373277664185,
    "train_metrics": {
      "loss": 0.02206186498416231,
      "mse": 0.02202194184064865,
      "rmse": 0.14839791723824378,
      "r2": -0.009920835494995117
    },
    "val_metrics": {
      "loss": 0.0186569357290864,
      "mse": 0.019918134436011314,
      "rmse": 0.14113162096430168,
      "r2": 0.010333836078643799
    },
    "test_metrics": {
      "loss": 0.024690387371395315,
      "mse": 0.024845654144883156,
      "rmse": 0.15762504288622148,
      "r2": -0.07968878746032715
    },
    "language": "ko",
    "task": "single_submetric",
    "task_type": "regression",
    "model_type": "lm_probe",
    "is_control": true,
    "control_index": 2,
    "submetric": "avg_links_len"
  }
}