{
  "ko": {
    "train_time": 30.248734712600708,
    "train_metrics": {
      "loss": 0.03666884121187824,
      "mse": 0.037165358662605286,
      "rmse": 0.19278319081964923,
      "r2": -0.007825136184692383
    },
    "val_metrics": {
      "loss": 0.028499129787087442,
      "mse": 0.028132786974310875,
      "rmse": 0.1677283129775974,
      "r2": -0.14507675170898438
    },
    "test_metrics": {
      "loss": 0.03925609588623047,
      "mse": 0.03913085535168648,
      "rmse": 0.19781520505685724,
      "r2": -0.12787985801696777
    },
    "language": "ko",
    "task": "single_submetric",
    "task_type": "regression",
    "model_type": "lm_probe",
    "is_control": true,
    "control_index": 3,
    "submetric": "avg_verb_edges"
  }
}