{
  "train_time": 80.55924201011658,
  "train_metrics": {
    "loss": 0.027578933636347454,
    "accuracy": 0.9933054393305439,
    "f1": 0.9932659932659933
  },
  "val_metrics": {
    "loss": 0.10537567688152194,
    "accuracy": 0.9523809523809523,
    "f1": 0.9491525423728814
  },
  "test_metrics": {
    "loss": 0.7170207798480988,
    "accuracy": 0.7142857142857143,
    "f1": 0.6071428571428571
  },
  "train_language": "fi",
  "eval_language": "ar",
  "task": "question_type",
  "task_type": "classification",
  "model_type": "lm_probe"
}