{
  "train_time": 69.20806670188904,
  "train_metrics": {
    "loss": 0.0077451741773753415,
    "mse": 0.007818627171218395,
    "rmse": 0.08842300136965718,
    "r2": 0.7452996969223022
  },
  "val_metrics": {
    "loss": 0.027995642895499866,
    "mse": 0.02759411372244358,
    "rmse": 0.1661147607000762,
    "r2": 0.5746829509735107
  },
  "test_metrics": {
    "loss": 0.11868484690785408,
    "mse": 0.12007572501897812,
    "rmse": 0.3465194439262797,
    "r2": -1.306551456451416
  },
  "train_language": "ar",
  "eval_language": "ja",
  "task": "complexity",
  "task_type": "regression",
  "model_type": "lm_probe"
}