{
  "train_time": 68.99021220207214,
  "train_metrics": {
    "loss": 0.0077451741773753415,
    "mse": 0.007818627171218395,
    "rmse": 0.08842300136965718,
    "r2": 0.7452996969223022
  },
  "val_metrics": {
    "loss": 0.027995642895499866,
    "mse": 0.02759411372244358,
    "rmse": 0.1661147607000762,
    "r2": 0.5746829509735107
  },
  "test_metrics": {
    "loss": 0.07195033239466804,
    "mse": 0.07184412330389023,
    "rmse": 0.2680375408480876,
    "r2": -1.2307732105255127
  },
  "train_language": "ar",
  "eval_language": "ko",
  "task": "complexity",
  "task_type": "regression",
  "model_type": "lm_probe"
}