{
  "en": {
    "train_time": 32.655731439590454,
    "train_metrics": {
      "loss": 0.05490605096022288,
      "mse": 0.05501460283994675,
      "rmse": 0.23455191928429567,
      "r2": -0.00041103363037109375
    },
    "val_metrics": {
      "loss": 0.050614680349826816,
      "mse": 0.05200726538896561,
      "rmse": 0.22805101488256002,
      "r2": -0.016751646995544434
    },
    "test_metrics": {
      "loss": 0.061529500143868585,
      "mse": 0.06170225888490677,
      "rmse": 0.24839939388997465,
      "r2": -0.03728950023651123
    },
    "language": "en",
    "task": "single_submetric",
    "task_type": "regression",
    "model_type": "lm_probe",
    "is_control": true,
    "control_index": 1,
    "submetric": "avg_verb_edges"
  }
}