{
  "train": {
    "ar": {
      "mse": 0.010161498666681095,
      "rmse": 0.10080425916934807,
      "mae": 0.07865863660706546,
      "r2": 0.7510429405402883
    },
    "en": {
      "mse": 0.012437564326722906,
      "rmse": 0.11152382851535768,
      "mae": 0.08531241435698365,
      "r2": 0.7738295654071096
    },
    "fi": {
      "mse": 0.008405648248598735,
      "rmse": 0.0916823224433082,
      "mae": 0.07048127824615057,
      "r2": 0.8137666810935499
    },
    "id": {
      "mse": 0.017021113953371386,
      "rmse": 0.13046499129410688,
      "mae": 0.10154782663162754,
      "r2": 0.8272262588775514
    },
    "ja": {
      "mse": 0.008646393001869505,
      "rmse": 0.09298598282466829,
      "mae": 0.06956861792170178,
      "r2": 0.8669062073487098
    },
    "ko": {
      "mse": 0.010393191953133464,
      "rmse": 0.10194700561141296,
      "mae": 0.07502451503753631,
      "r2": 0.7181644353896743
    },
    "ru": {
      "mse": 0.013606108979815575,
      "rmse": 0.11664522699114428,
      "mae": 0.0919143595410761,
      "r2": 0.7374693762422968
    }
  },
  "val": {
    "ar": {
      "mse": 0.03306795602218054,
      "rmse": 0.18184596784691306,
      "mae": 0.14227527769776205,
      "r2": 0.42574467768417446
    },
    "en": {
      "mse": 0.02971054450844277,
      "rmse": 0.17236746940314107,
      "mae": 0.13527530991233505,
      "r2": 0.4191533504307683
    },
    "fi": {
      "mse": 0.03548390248266369,
      "rmse": 0.18837171359485927,
      "mae": 0.14001684018255778,
      "r2": 0.42221786871687583
    },
    "id": {
      "mse": 0.03921100501818331,
      "rmse": 0.1980176886497348,
      "mae": 0.1608899130187814,
      "r2": 0.34957957310628274
    },
    "ja": {
      "mse": 0.03234943607658978,
      "rmse": 0.17985948981521596,
      "mae": 0.13943623761716542,
      "r2": 0.6239465167036842
    },
    "ko": {
      "mse": 0.029573007765709973,
      "rmse": 0.171968042861777,
      "mae": 0.13448329028590342,
      "r2": -0.20369745943597173
    },
    "ru": {
      "mse": 0.030422848393870463,
      "rmse": 0.17442146769784522,
      "mae": 0.13205245699799167,
      "r2": 0.3749523212007192
    }
  },
  "test": {
    "ar": {
      "mse": 0.09051661016413556,
      "rmse": 0.30085978489013043,
      "mae": 0.2596975845664071,
      "r2": -0.31145684735540247
    },
    "en": {
      "mse": 0.04529254713277992,
      "rmse": 0.21282045750533457,
      "mae": 0.16898454821059544,
      "r2": 0.23857771168954878
    },
    "fi": {
      "mse": 0.06611385610699194,
      "rmse": 0.2571261482366038,
      "mae": 0.21135966708201678,
      "r2": 0.06568307816360608
    },
    "id": {
      "mse": 0.06960843224013996,
      "rmse": 0.2638340998433295,
      "mae": 0.20281252311033132,
      "r2": -0.08984395807807144
    },
    "ja": {
      "mse": 0.09419665250148397,
      "rmse": 0.3069147316462407,
      "mae": 0.2441453334551577,
      "r2": 0.013924580634872119
    },
    "ko": {
      "mse": 0.03775345402496764,
      "rmse": 0.19430248074836212,
      "mae": 0.15609011409893522,
      "r2": -0.08817854631988054
    },
    "ru": {
      "mse": 0.04196918696297154,
      "rmse": 0.20486382541330117,
      "mae": 0.1515807723119949,
      "r2": -0.02545680368393799
    }
  }
}