{
  "id": {
    "train_time": 65.01088690757751,
    "train_metrics": {
      "loss": 0.037222787148008744,
      "mse": 0.03730852156877518,
      "rmse": 0.19315413940367723,
      "r2": 0.0009170174598693848
    },
    "val_metrics": {
      "loss": 0.06314552277326584,
      "mse": 0.06074577569961548,
      "rmse": 0.2464665813038666,
      "r2": -0.22010314464569092
    },
    "test_metrics": {
      "loss": 0.0701626395540578,
      "mse": 0.07065150141716003,
      "rmse": 0.2658035015141073,
      "r2": -0.3475140333175659
    },
    "language": "id",
    "task": "single_submetric",
    "task_type": "regression",
    "model_type": "lm_probe",
    "is_control": true,
    "control_index": 2,
    "submetric": "avg_subordinate_chain_len"
  }
}