{
  "train_time": 80.94541120529175,
  "train_metrics": {
    "loss": 0.030977377568682036,
    "mse": 0.030897406861186028,
    "rmse": 0.17577658223206533,
    "r2": 0.0035493969917297363
  },
  "val_metrics": {
    "loss": 0.04830443486571312,
    "mse": 0.04823240637779236,
    "rmse": 0.21961877510311445,
    "r2": -0.05590379238128662
  },
  "test_metrics": {
    "loss": 0.030821326055697033,
    "mse": 0.03085537813603878,
    "rmse": 0.1756569900005086,
    "r2": -0.01188051700592041
  },
  "language": "fi",
  "task": "single_submetric",
  "task_type": "regression",
  "model_type": "lm_probe",
  "is_control": true,
  "control_index": 2,
  "submetric": "avg_max_depth"
}