{
  "train_time": 46.890963554382324,
  "train_metrics": {
    "loss": 0.06392642380075252,
    "mse": 0.06434294581413269,
    "rmse": 0.2536591134064233,
    "r2": -0.000997304916381836
  },
  "val_metrics": {
    "loss": 0.07055509686470032,
    "mse": 0.0710718110203743,
    "rmse": 0.2665929688127095,
    "r2": -0.08387494087219238
  },
  "test_metrics": {
    "loss": 0.05284906125494412,
    "mse": 0.052846092730760574,
    "rmse": 0.2298827804137591,
    "r2": -0.04582798480987549
  },
  "language": "ko",
  "task": "single_submetric",
  "task_type": "regression",
  "model_type": "lm_probe",
  "is_control": true,
  "control_index": 1,
  "submetric": "avg_subordinate_chain_len"
}