{
  "id": {
    "train_time": 31.85386562347412,
    "train_metrics": {
      "loss": 0.0986152575040857,
      "mse": 0.09875592589378357,
      "rmse": 0.31425455588389417,
      "r2": -0.002427339553833008
    },
    "val_metrics": {
      "loss": 0.056209244579076764,
      "mse": 0.060003504157066345,
      "rmse": 0.2449561270045441,
      "r2": 0.004679739475250244
    },
    "test_metrics": {
      "loss": 0.06590937450528145,
      "mse": 0.06554821878671646,
      "rmse": 0.2560238637055469,
      "r2": -0.02627396583557129
    },
    "language": "id",
    "task": "single_submetric",
    "task_type": "regression",
    "model_type": "lm_probe",
    "is_control": true,
    "control_index": 1,
    "submetric": "avg_verb_edges"
  }
}