{
  "ja": {
    "train_time": 42.400447845458984,
    "train_metrics": {
      "loss": 0.006753439356883367,
      "mse": 0.00676974980160594,
      "rmse": 0.08227848930070325,
      "r2": 0.27220427989959717
    },
    "val_metrics": {
      "loss": 0.01674999591584007,
      "mse": 0.017042934894561768,
      "rmse": 0.13054859208188255,
      "r2": 0.044022440910339355
    },
    "test_metrics": {
      "loss": 0.09691364504396915,
      "mse": 0.09577763825654984,
      "rmse": 0.3094796249457302,
      "r2": -1.2525811195373535
    },
    "language": "ja",
    "task": "single_submetric",
    "task_type": "regression",
    "model_type": "lm_probe",
    "is_control": false,
    "control_index": null,
    "submetric": "avg_links_len"
  }
}