{
  "fi": {
    "train_time": 54.05644989013672,
    "train_metrics": {
      "loss": 0.028243736810982228,
      "accuracy": 0.994979079497908,
      "f1": 0.9949579831932773
    },
    "val_metrics": {
      "loss": 0.10312559665180743,
      "accuracy": 0.9841269841269841,
      "f1": 0.9830508474576272
    },
    "test_metrics": {
      "loss": 0.3508066785122667,
      "accuracy": 0.8909090909090909,
      "f1": 0.8947368421052632
    },
    "language": "fi",
    "task": "question_type",
    "task_type": "classification",
    "model_type": "lm_probe",
    "is_control": false,
    "control_index": null
  }
}