{
  "en": {
    "train_time": 79.51605701446533,
    "train_metrics": {
      "loss": 0.019946536330195764,
      "mse": 0.020068354904651642,
      "rmse": 0.14166282117991172,
      "r2": 0.017887771129608154
    },
    "val_metrics": {
      "loss": 0.05632666274905205,
      "mse": 0.059024982154369354,
      "rmse": 0.242950575538255,
      "r2": -0.2217034101486206
    },
    "test_metrics": {
      "loss": 0.02750713936984539,
      "mse": 0.027291670441627502,
      "rmse": 0.16520190810528643,
      "r2": -0.11584460735321045
    },
    "language": "en",
    "task": "single_submetric",
    "task_type": "regression",
    "model_type": "lm_probe",
    "is_control": true,
    "control_index": 2,
    "submetric": "avg_subordinate_chain_len"
  }
}