{
  "ko": {
    "train_time": 53.41502046585083,
    "train_metrics": {
      "loss": 0.01302733228720249,
      "mse": 0.013135012239217758,
      "rmse": 0.11460808103802174,
      "r2": 0.7956557273864746
    },
    "val_metrics": {
      "loss": 0.03686784282326698,
      "mse": 0.03842298313975334,
      "rmse": 0.19601781332254817,
      "r2": 0.41403335332870483
    },
    "test_metrics": {
      "loss": 0.05482119481478419,
      "mse": 0.05426553264260292,
      "rmse": 0.23294963542062674,
      "r2": -0.07391870021820068
    },
    "language": "ko",
    "task": "single_submetric",
    "task_type": "regression",
    "model_type": "lm_probe",
    "is_control": false,
    "control_index": null,
    "submetric": "avg_subordinate_chain_len"
  }
}