{
  "train_time": 53.76084089279175,
  "train_metrics": {
    "loss": 0.04647656748110943,
    "mse": 0.046212512999773026,
    "rmse": 0.21497095850317322,
    "r2": -0.349432110786438
  },
  "val_metrics": {
    "loss": 0.04603681862354279,
    "mse": 0.042780403047800064,
    "rmse": 0.20683424051109156,
    "r2": -0.029498696327209473
  },
  "test_metrics": {
    "loss": 0.06872502767613956,
    "mse": 0.06888101994991302,
    "rmse": 0.26245193836188946,
    "r2": -0.7231227159500122
  },
  "language": "ko",
  "task": "single_submetric",
  "task_type": "regression",
  "model_type": "lm_probe",
  "is_control": true,
  "control_index": 2,
  "submetric": "lexical_density"
}