{
  "ar": {
    "train_time": 47.11635422706604,
    "train_metrics": {
      "loss": 0.019113491919438636,
      "mse": 0.01935669779777527,
      "rmse": 0.13912835008644092,
      "r2": 0.001682579517364502
    },
    "val_metrics": {
      "loss": 0.05086981877684593,
      "mse": 0.052232526242733,
      "rmse": 0.2285443638393496,
      "r2": -0.005641818046569824
    },
    "test_metrics": {
      "loss": 0.07301917970180512,
      "mse": 0.07142047584056854,
      "rmse": 0.26724609602493454,
      "r2": 0.04649120569229126
    },
    "language": "ar",
    "task": "single_submetric",
    "task_type": "regression",
    "model_type": "lm_probe",
    "is_control": true,
    "control_index": 2,
    "submetric": "n_tokens"
  }
}