{
  "train": {
    "ar": {
      "mse": 0.01651308871805668,
      "rmse": 0.1285032634529438,
      "mae": 0.10168291628360748,
      "r2": 0.22340047359466553
    },
    "en": {
      "mse": 0.01921321637928486,
      "rmse": 0.13861174690221914,
      "mae": 0.10060480237007141,
      "r2": 0.23915410041809082
    },
    "fi": {
      "mse": 0.02036214806139469,
      "rmse": 0.14269599875747985,
      "mae": 0.1115904226899147,
      "r2": 0.34331464767456055
    },
    "id": {
      "mse": 0.018962312489748,
      "rmse": 0.1377037126941318,
      "mae": 0.09875072538852692,
      "r2": 0.34029263257980347
    },
    "ja": {
      "mse": 0.013492746278643608,
      "rmse": 0.11615828114535617,
      "mae": 0.09210433065891266,
      "r2": 0.21052569150924683
    },
    "ko": {
      "mse": 0.017400044947862625,
      "rmse": 0.13190922995705276,
      "mae": 0.10177391022443771,
      "r2": 0.40425992012023926
    },
    "ru": {
      "mse": 0.016332155093550682,
      "rmse": 0.1277973203692107,
      "mae": 0.09901254624128342,
      "r2": 0.23411309719085693
    }
  },
  "val": {
    "ar": {
      "mse": 0.03893139585852623,
      "rmse": 0.19731040484101753,
      "mae": 0.14260053634643555,
      "r2": -0.034429311752319336
    },
    "en": {
      "mse": 0.04108316823840141,
      "rmse": 0.20268983259749715,
      "mae": 0.1441895216703415,
      "r2": -0.15787720680236816
    },
    "fi": {
      "mse": 0.04910930618643761,
      "rmse": 0.22160619618241184,
      "mae": 0.18220895528793335,
      "r2": -0.07510089874267578
    },
    "id": {
      "mse": 0.03925681114196777,
      "rmse": 0.1981333165875133,
      "mae": 0.1429540067911148,
      "r2": 0.03637725114822388
    },
    "ja": {
      "mse": 0.030340950936079025,
      "rmse": 0.17418654062837066,
      "mae": 0.11299276351928711,
      "r2": -0.03943061828613281
    },
    "ko": {
      "mse": 0.03645290806889534,
      "rmse": 0.1909264467508243,
      "mae": 0.15324416756629944,
      "r2": -0.0880659818649292
    },
    "ru": {
      "mse": 0.0379498153924942,
      "rmse": 0.19480712356711755,
      "mae": 0.1562032699584961,
      "r2": -0.0534820556640625
    }
  },
  "test": {
    "ar": {
      "mse": 0.051333971321582794,
      "rmse": 0.22657001417129935,
      "mae": 0.1750887781381607,
      "r2": -0.040827035903930664
    },
    "en": {
      "mse": 0.029186362400650978,
      "rmse": 0.17084016623923948,
      "mae": 0.12317457795143127,
      "r2": -0.03246104717254639
    },
    "fi": {
      "mse": 0.03434959426522255,
      "rmse": 0.18533643534184677,
      "mae": 0.14848273992538452,
      "r2": -0.1264709234237671
    },
    "id": {
      "mse": 0.028485475108027458,
      "rmse": 0.1687764056615363,
      "mae": 0.1356629580259323,
      "r2": 0.11580252647399902
    },
    "ja": {
      "mse": 0.09023555368185043,
      "rmse": 0.30039233292787354,
      "mae": 0.2196066528558731,
      "r2": -0.33306336402893066
    },
    "ko": {
      "mse": 0.03821311891078949,
      "rmse": 0.1954817610693885,
      "mae": 0.1523667871952057,
      "r2": -0.09446275234222412
    },
    "ru": {
      "mse": 0.02528943307697773,
      "rmse": 0.15902651689884215,
      "mae": 0.12320134788751602,
      "r2": -0.03680121898651123
    }
  }
}