{
  "train_time": 65.15856838226318,
  "train_metrics": {
    "loss": 0.6921527147293091,
    "accuracy": 0.5209643605870021,
    "f1": 0.0
  },
  "val_metrics": {
    "loss": 0.6939095854759216,
    "accuracy": 0.5,
    "f1": 0.0
  },
  "test_metrics": {
    "loss": 0.6944275753838676,
    "accuracy": 0.5,
    "f1": 0.0
  },
  "language": "id",
  "task": "question_type",
  "task_type": "classification",
  "model_type": "lm_probe",
  "is_control": true,
  "control_index": 2
}