{
  "en": {
    "train_time": 80.99817895889282,
    "train_metrics": {
      "loss": 0.020948824311296146,
      "mse": 0.021053284406661987,
      "rmse": 0.1450974996568238,
      "r2": -0.03031301498413086
    },
    "val_metrics": {
      "loss": 0.05229476392269135,
      "mse": 0.054631806910037994,
      "rmse": 0.23373447950620807,
      "r2": -0.13077318668365479
    },
    "test_metrics": {
      "loss": 0.025796044085706984,
      "mse": 0.02553253434598446,
      "rmse": 0.1597890307436166,
      "r2": -0.04392075538635254
    },
    "language": "en",
    "task": "single_submetric",
    "task_type": "regression",
    "model_type": "lm_probe",
    "is_control": true,
    "control_index": 1,
    "submetric": "avg_subordinate_chain_len"
  }
}