{
  "train_time": 40.6038601398468,
  "train_metrics": {
    "loss": 0.020498667924354473,
    "mse": 0.020424941554665565,
    "rmse": 0.14291585480507601,
    "r2": 0.01714688539505005
  },
  "val_metrics": {
    "loss": 0.019389627501368523,
    "mse": 0.019303226843476295,
    "rmse": 0.1389360530729022,
    "r2": 0.03390634059906006
  },
  "test_metrics": {
    "loss": 0.061001492043336235,
    "mse": 0.06086453050374985,
    "rmse": 0.24670737829207673,
    "r2": -0.02021658420562744
  },
  "language": "ja",
  "task": "single_submetric",
  "task_type": "regression",
  "model_type": "lm_probe",
  "is_control": true,
  "control_index": 3,
  "submetric": "n_tokens"
}