{
  "train_time": 39.8047194480896,
  "train_metrics": {
    "loss": 0.04015982617934545,
    "mse": 0.04021300747990608,
    "rmse": 0.2005318116407122,
    "r2": -0.4988819360733032
  },
  "val_metrics": {
    "loss": 0.03707482405006886,
    "mse": 0.038908056914806366,
    "rmse": 0.1972512532654897,
    "r2": 0.07032418251037598
  },
  "test_metrics": {
    "loss": 0.042173106489436965,
    "mse": 0.04222788289189339,
    "rmse": 0.2054942405321701,
    "r2": -0.09572923183441162
  },
  "language": "en",
  "task": "complexity",
  "task_type": "regression",
  "model_type": "lm_probe",
  "is_control": true,
  "control_index": 1
}