{
  "id": {
    "train_time": 39.3505380153656,
    "train_metrics": {
      "loss": 0.03206284465268254,
      "mse": 0.03208193928003311,
      "rmse": 0.17911431902568012,
      "r2": -0.0019459724426269531
    },
    "val_metrics": {
      "loss": 0.03198998160660267,
      "mse": 0.03244318440556526,
      "rmse": 0.18011991673761474,
      "r2": 0.023898541927337646
    },
    "test_metrics": {
      "loss": 0.038946736071790965,
      "mse": 0.038886819034814835,
      "rmse": 0.1971974113288885,
      "r2": -0.3163914680480957
    },
    "language": "id",
    "task": "single_submetric",
    "task_type": "regression",
    "model_type": "lm_probe",
    "is_control": true,
    "control_index": 2,
    "submetric": "n_tokens"
  }
}