{
  "train_time": 40.84400534629822,
  "train_metrics": {
    "loss": 0.02611723614235719,
    "mse": 0.026019752025604248,
    "rmse": 0.1613063917692174,
    "r2": 0.03015124797821045
  },
  "val_metrics": {
    "loss": 0.048866674304008484,
    "mse": 0.04856414347887039,
    "rmse": 0.22037273760352116,
    "r2": -0.16040003299713135
  },
  "test_metrics": {
    "loss": 0.04159392522914069,
    "mse": 0.041577719151973724,
    "rmse": 0.2039061528055829,
    "r2": -0.07885885238647461
  },
  "language": "en",
  "task": "complexity",
  "task_type": "regression",
  "model_type": "lm_probe",
  "is_control": true,
  "control_index": 2
}