{
  "fi": {
    "train_time": 35.41766548156738,
    "train_metrics": {
      "loss": 0.014763906014462312,
      "mse": 0.01480764802545309,
      "rmse": 0.12168667973715566,
      "r2": -0.01018977165222168
    },
    "val_metrics": {
      "loss": 0.0182485468685627,
      "mse": 0.018171463161706924,
      "rmse": 0.13480156958176312,
      "r2": 0.013609886169433594
    },
    "test_metrics": {
      "loss": 0.014801802047129189,
      "mse": 0.014938303269445896,
      "rmse": 0.12222235175877567,
      "r2": -0.08041083812713623
    },
    "language": "fi",
    "task": "single_submetric",
    "task_type": "regression",
    "model_type": "lm_probe",
    "is_control": true,
    "control_index": 2,
    "submetric": "n_tokens"
  }
}