{
  "en": {
    "train_time": 79.5146656036377,
    "train_metrics": {
      "loss": 0.02500070896620552,
      "mse": 0.025108039379119873,
      "rmse": 0.1584551652017689,
      "r2": 0.005718350410461426
    },
    "val_metrics": {
      "loss": 0.03586683869361877,
      "mse": 0.03805828094482422,
      "rmse": 0.19508531709184118,
      "r2": -0.07262468338012695
    },
    "test_metrics": {
      "loss": 0.02898458657520158,
      "mse": 0.028999071568250656,
      "rmse": 0.1702911376679675,
      "r2": -0.025835752487182617
    },
    "language": "en",
    "task": "single_submetric",
    "task_type": "regression",
    "model_type": "lm_probe",
    "is_control": true,
    "control_index": 2,
    "submetric": "avg_max_depth"
  }
}