{
  "train_time": 67.65883541107178,
  "train_metrics": {
    "loss": 0.012388707563901941,
    "mse": 0.012432190589606762,
    "rmse": 0.11149973358536226,
    "r2": 0.008668243885040283
  },
  "val_metrics": {
    "loss": 0.013755365554243327,
    "mse": 0.01320252101868391,
    "rmse": 0.11490222373254536,
    "r2": 0.008471846580505371
  },
  "test_metrics": {
    "loss": 0.009384886029043369,
    "mse": 0.009281416423618793,
    "rmse": 0.09634010807352664,
    "r2": 0.0021185874938964844
  },
  "language": "en",
  "task": "single_submetric",
  "task_type": "regression",
  "model_type": "lm_probe",
  "is_control": true,
  "control_index": 3,
  "submetric": "avg_links_len"
}