{
  "ar": {
    "train_time": 45.77468538284302,
    "train_metrics": {
      "loss": 0.022361809698243935,
      "mse": 0.02131526730954647,
      "rmse": 0.1459974907645555,
      "r2": -0.0024427175521850586
    },
    "val_metrics": {
      "loss": 0.034295084265371166,
      "mse": 0.036215294152498245,
      "rmse": 0.19030316380054813,
      "r2": 0.03773903846740723
    },
    "test_metrics": {
      "loss": 0.048209632933139804,
      "mse": 0.048204466700553894,
      "rmse": 0.21955515639709738,
      "r2": 0.02262556552886963
    },
    "language": "ar",
    "task": "single_submetric",
    "task_type": "regression",
    "model_type": "lm_probe",
    "is_control": true,
    "control_index": 1,
    "submetric": "avg_max_depth"
  }
}