{
  "ko": {
    "train_time": 46.18552827835083,
    "train_metrics": {
      "loss": 0.004430549464465932,
      "mse": 0.004439930897206068,
      "rmse": 0.06663280646352866,
      "r2": 0.5519479513168335
    },
    "val_metrics": {
      "loss": 0.027885675290599467,
      "mse": 0.030590064823627472,
      "rmse": 0.17490015672842454,
      "r2": 0.2901698350906372
    },
    "test_metrics": {
      "loss": 0.043426944475088804,
      "mse": 0.04315093904733658,
      "rmse": 0.20772804107134063,
      "r2": -0.03478062152862549
    },
    "language": "ko",
    "task": "single_submetric",
    "task_type": "regression",
    "model_type": "lm_probe",
    "is_control": false,
    "control_index": null,
    "submetric": "n_tokens"
  }
}