{
  "train_time": 43.97186493873596,
  "train_metrics": {
    "loss": 0.029936012097944817,
    "mse": 0.030029913410544395,
    "rmse": 0.1732914118199295,
    "r2": -0.04475414752960205
  },
  "val_metrics": {
    "loss": 0.04160438515245914,
    "mse": 0.04032674804329872,
    "rmse": 0.20081520869520497,
    "r2": 0.010113894939422607
  },
  "test_metrics": {
    "loss": 0.03556212357112339,
    "mse": 0.03559034690260887,
    "rmse": 0.18865404024989466,
    "r2": -0.10473477840423584
  },
  "language": "id",
  "task": "single_submetric",
  "task_type": "regression",
  "model_type": "lm_probe",
  "is_control": true,
  "control_index": 1,
  "submetric": "avg_max_depth"
}