{
  "id": {
    "train_time": 34.72190594673157,
    "train_metrics": {
      "loss": 0.03745521794383724,
      "mse": 0.03753551095724106,
      "rmse": 0.1937408345115739,
      "r2": -0.005161643028259277
    },
    "val_metrics": {
      "loss": 0.05971503257751465,
      "mse": 0.057666659355163574,
      "rmse": 0.24013883350088044,
      "r2": -0.1582578420639038
    },
    "test_metrics": {
      "loss": 0.06607102176972798,
      "mse": 0.06650584191083908,
      "rmse": 0.2578872658950788,
      "r2": -0.26844513416290283
    },
    "language": "id",
    "task": "single_submetric",
    "task_type": "regression",
    "model_type": "lm_probe",
    "is_control": true,
    "control_index": 1,
    "submetric": "avg_subordinate_chain_len"
  }
}