{
  "ja": {
    "train_time": 79.67127823829651,
    "train_metrics": {
      "loss": 0.012304918933659792,
      "accuracy": 0.9974811083123426,
      "f1": 0.9974768713204374
    },
    "val_metrics": {
      "loss": 0.005798588196436564,
      "accuracy": 1.0,
      "f1": 1.0
    },
    "test_metrics": {
      "loss": 0.42747784755192697,
      "accuracy": 0.8586956521739131,
      "f1": 0.8888888888888888
    },
    "language": "ja",
    "task": "question_type",
    "task_type": "classification",
    "model_type": "lm_probe",
    "is_control": false,
    "control_index": null
  }
}