{
  "train_time": 79.99251818656921,
  "train_metrics": {
    "loss": 0.018884177307287853,
    "mse": 0.018931109458208084,
    "rmse": 0.13759036833371763,
    "r2": 0.1122366189956665
  },
  "val_metrics": {
    "loss": 0.03726082965731621,
    "mse": 0.03467346355319023,
    "rmse": 0.18620811892393477,
    "r2": 0.03746908903121948
  },
  "test_metrics": {
    "loss": 0.024381426961294243,
    "mse": 0.024422822520136833,
    "rmse": 0.15627802955033965,
    "r2": -0.001272439956665039
  },
  "language": "ru",
  "task": "single_submetric",
  "task_type": "regression",
  "model_type": "lm_probe",
  "is_control": true,
  "control_index": 2,
  "submetric": "avg_max_depth"
}