{
  "train_time": 15.875466585159302,
  "train_metrics": {
    "loss": 0.6918070861633788,
    "accuracy": 0.5385656292286874,
    "f1": 0.0
  },
  "val_metrics": {
    "loss": 0.6935706853866577,
    "accuracy": 0.5,
    "f1": 0.0
  },
  "test_metrics": {
    "loss": 0.6935357792036874,
    "accuracy": 0.5,
    "f1": 0.0
  },
  "language": "ko",
  "task": "question_type",
  "task_type": "classification",
  "model_type": "lm_probe",
  "is_control": true,
  "control_index": 2
}