{
  "id": {
    "train_time": 40.83375024795532,
    "train_metrics": {
      "loss": 0.008179360364253322,
      "mse": 0.008216886781156063,
      "rmse": 0.0906470450768036,
      "r2": 0.5501785278320312
    },
    "val_metrics": {
      "loss": 0.0381627157330513,
      "mse": 0.03345940634608269,
      "rmse": 0.18291912515120634,
      "r2": 0.09328222274780273
    },
    "test_metrics": {
      "loss": 0.029795673808881214,
      "mse": 0.02981700375676155,
      "rmse": 0.1726760080519629,
      "r2": -0.3430595397949219
    },
    "language": "id",
    "task": "single_submetric",
    "task_type": "regression",
    "model_type": "lm_probe",
    "is_control": false,
    "control_index": null,
    "submetric": "avg_links_len"
  }
}