{"complexity_stats/train_mean":0.3854530980106147,"complexity_stats/test_median":0.4067475360121304,"complexity_stats/test_mean":0.42937079988114024,"data_columns":11,"question_type_distribution/counts":{"width":1500,"height":800,"_type":"image-file","sha256":"796e1eb484370457b7cc3ca41bca151d032221dbfaecd32f747a4db0ef5ec40a","size":27613,"path":"media/images/question_type_distribution/counts_3_796e1eb484370457b7cc.png","format":"png"},"language_distribution":{"_type":"image-file","sha256":"be5e192f0b028e382e0122890b7144fc5d938aadd39a00750097fb76bea2af7f","size":22462,"path":"media/images/language_distribution_6_be5e192f0b028e382e01.png","format":"png","width":1000,"height":600},"train_data_rows":7460,"_step":8,"complexity_stats/train_median":0.37211796246648804,"_timestamp":1.742841133007157e+09,"question_type_distribution/percentages":{"sha256":"08a4376c9fff28eff79d29bba8e05c3b852fbaebcc237643596c5643f136648a","size":27242,"path":"media/images/question_type_distribution/percentages_4_08a4376c9fff28eff79d.png","format":"png","width":1500,"height":800,"_type":"image-file"},"complexity_distribution/all_splits":{"width":1000,"height":600,"_type":"image-file","sha256":"9842963d253123c0cb74a8586805f8e51d8be927bb2d1300137fd70bf7e6cf77","size":61770,"path":"media/images/complexity_distribution/all_splits_1_9842963d253123c0cb74.png","format":"png"},"_runtime":14.352278234,"destruction_statistics":{"within_lang_shuffle_1":{"fi":{"unchanged_labels_pct":50.1255230125523,"changed_labels_pct":49.8744769874477,"complexity_correlation":0.020543008024812216},"id":{"unchanged_labels_pct":51.78197064989518,"changed_labels_pct":48.21802935010482,"complexity_correlation":0.016018777001981937},"ko":{"complexity_correlation":0.009475769004672327,"unchanged_labels_pct":55.074424898511495,"changed_labels_pct":44.925575101488505},"ja":{"unchanged_labels_pct":49.79009235936188,"changed_labels_pct":50.20990764063812,"complexity_correlation":0.0331359302773916},"ru":{"unchanged_labels_pct":46.901172529313236,"changed_labels_pct":53.098827470686764,"complexity_correlation":-0.04961403899257307},"ar":{"changed_labels_pct":49.849246231155774,"complexity_correlation":0.03795614919018664,"unchanged_labels_pct":50.150753768844226},"en":{"complexity_correlation":0.028674568290708687,"unchanged_labels_pct":51.34228187919463,"changed_labels_pct":48.65771812080537}},"within_lang_shuffle_2":{"ko":{"unchanged_labels_pct":50.20297699594046,"changed_labels_pct":49.79702300405954,"complexity_correlation":0.031691408383715154},"ja":{"changed_labels_pct":49.87405541561712,"complexity_correlation":-0.021806881499509396,"unchanged_labels_pct":50.12594458438288},"ru":{"changed_labels_pct":49.74874371859297,"complexity_correlation":-0.042010346752964806,"unchanged_labels_pct":50.25125628140703},"ar":{"complexity_correlation":0.052752473208521534,"unchanged_labels_pct":49.14572864321608,"changed_labels_pct":50.85427135678392},"en":{"unchanged_labels_pct":48.322147651006716,"changed_labels_pct":51.677852348993284,"complexity_correlation":-0.017093599479156757},"fi":{"unchanged_labels_pct":49.4560669456067,"changed_labels_pct":50.5439330543933,"complexity_correlation":0.015293008765430778},"id":{"changed_labels_pct":48.42767295597484,"complexity_correlation":-0.02626987591545913,"unchanged_labels_pct":51.57232704402516}},"within_lang_shuffle_3":{"id":{"complexity_correlation":-0.03571092266495895,"unchanged_labels_pct":49.266247379454924,"changed_labels_pct":50.733752620545076},"ko":{"complexity_correlation":0.040915989536433245,"unchanged_labels_pct":49.93234100135318,"changed_labels_pct":50.06765899864682},"ja":{"complexity_correlation":0.03308644090572037,"unchanged_labels_pct":51.469353484466836,"changed_labels_pct":48.530646515533164},"ru":{"unchanged_labels_pct":51.42378559463987,"changed_labels_pct":48.57621440536013,"complexity_correlation":-0.019664000933518257},"ar":{"changed_labels_pct":49.849246231155774,"complexity_correlation":-0.04706836304593571,"unchanged_labels_pct":50.150753768844226},"en":{"complexity_correlation":-0.04056228301828528,"unchanged_labels_pct":52.013422818791945,"changed_labels_pct":47.986577181208055},"fi":{"changed_labels_pct":49.372384937238486,"complexity_correlation":0.011596711744046207,"unchanged_labels_pct":50.627615062761514}}},"complexity_stats/dev_mean":0.44659064620477434,"test_data_rows":719,"dev_data_rows":441,"complexity_stats/dev_median":0.4384914696198743,"question_type_stats":{"size":297,"artifact_path":"wandb-client-artifact://teytiv3akjnc8cs4q5dtgjtjd63n39tc53lbwzkfeoebelw1uea5h1yw8qokmk1ivbi3c0on60c4bmi8eyh64fywwf9ywdwq4l5w1xi4pezt1up5d8vv88ghdnxir31f/question_type_stats.table.json","_latest_artifact_path":"wandb-client-artifact://go0gfpvhs427bm1ic03k9syk7z6dftclz0veehcdpkati0ctnj9cgsyvp0bokgm3ir35khdmah2ms6udqc67ac8lnch0tuf9dhv7v25ejeb9cphij0mkdkbcggpguboa:latest/question_type_stats.table.json","path":"media/table/question_type_stats_5_7972432674d5737e2764.table.json","ncols":4,"nrows":6,"_type":"table-file","sha256":"7972432674d5737e2764c6b0f860eaae93fb27cbcb2acf7fab0a16afea2bd5ed"},"language_stats":{"artifact_path":"wandb-client-artifact://21brmoh0koyg3829kobmk1hgbtwjai21ze98j4utwu2i0yx0vmk50xp5ong6ufc4d33muxdcw3g5l0mj6zung7xyavu0k5kriomh6e5c8jgfl616wqq7a5z162emnkpl/language_stats.table.json","_latest_artifact_path":"wandb-client-artifact://w1aywgorsfwcnzgwhc4a6mz69d05h4g8xqulonmdupmpuj78fufofh0in6hnry27oycdgok66cuoitije84o0rr5ykebj9e5laaemqifsxdhaw59tusg9surl8u7duh1:latest/language_stats.table.json","path":"media/table/language_stats_7_01818b008b2574f0e8fc.table.json","ncols":3,"nrows":21,"_type":"table-file","sha256":"01818b008b2574f0e8fc9bc25b1f98805b42ddebed1908fc3e73cafeb939fd2c","size":489},"_wandb":{"runtime":22}}