{
  "model_type": "XGBClassifier",
  "training_time": 147.11417889595032,
  "train_metrics": {
    "accuracy": 0.7383378016085791,
    "f1": 0.7179190751445087
  },
  "val_metrics": {
    "accuracy": 0.5215419501133787,
    "f1": 0.4490861618798956
  },
  "test_metrics": {
    "accuracy": 0.502086230876217,
    "f1": 0.39730639730639733
  },
  "per_language_metrics": {
    "train": {
      "ar": {
        "accuracy": 0.7678391959798995,
        "f1": 0.7545164718384697
      },
      "en": {
        "accuracy": 0.7013422818791947,
        "f1": 0.6721915285451197
      },
      "fi": {
        "accuracy": 0.7196652719665272,
        "f1": 0.7163420829805249
      },
      "id": {
        "accuracy": 0.6876310272536688,
        "f1": 0.6119791666666666
      },
      "ja": {
        "accuracy": 0.7674223341729639,
        "f1": 0.767031118587048
      },
      "ko": {
        "accuracy": 0.774018944519621,
        "f1": 0.7257799671592775
      },
      "ru": {
        "accuracy": 0.7587939698492462,
        "f1": 0.7486910994764397
      }
    },
    "val": {
      "ar": {
        "accuracy": 0.5909090909090909,
        "f1": 0.5263157894736842
      },
      "en": {
        "accuracy": 0.4861111111111111,
        "f1": 0.4126984126984127
      },
      "fi": {
        "accuracy": 0.4126984126984127,
        "f1": 0.3728813559322034
      },
      "id": {
        "accuracy": 0.5694444444444444,
        "f1": 0.39215686274509803
      },
      "ja": {
        "accuracy": 0.6086956521739131,
        "f1": 0.6086956521739131
      },
      "ko": {
        "accuracy": 0.6388888888888888,
        "f1": 0.5666666666666667
      },
      "ru": {
        "accuracy": 0.3888888888888889,
        "f1": 0.3333333333333333
      }
    },
    "test": {
      "ar": {
        "accuracy": 0.5064935064935064,
        "f1": 0.2962962962962963
      },
      "en": {
        "accuracy": 0.5181818181818182,
        "f1": 0.3764705882352941
      },
      "fi": {
        "accuracy": 0.4636363636363636,
        "f1": 0.3917525773195876
      },
      "id": {
        "accuracy": 0.5272727272727272,
        "f1": 0.3953488372093023
      },
      "ja": {
        "accuracy": 0.5108695652173914,
        "f1": 0.4943820224719101
      },
      "ko": {
        "accuracy": 0.5454545454545454,
        "f1": 0.4444444444444444
      },
      "ru": {
        "accuracy": 0.44545454545454544,
        "f1": 0.34408602150537637
      }
    }
  },
  "feature_importances": [
    [
      13089,
      0.0037199517246335745
    ],
    [
      546,
      0.002802895847707987
    ],
    [
      16990,
      0.002792248735204339
    ],
    [
      68,
      0.002792170736938715
    ],
    [
      3837,
      0.0027852533385157585
    ],
    [
      57308,
      0.00277616991661489
    ],
    [
      3239,
      0.002662105020135641
    ],
    [
      86436,
      0.0025986111722886562
    ],
    [
      7052,
      0.0024810328613966703
    ],
    [
      14890,
      0.0024742826353758574
    ],
    [
      3194,
      0.002472363878041506
    ],
    [
      3937,
      0.0024721429217606783
    ],
    [
      48,
      0.002468459540978074
    ],
    [
      55777,
      0.002446271711960435
    ],
    [
      60,
      0.002434731926769018
    ],
    [
      338,
      0.002413748763501644
    ],
    [
      18580,
      0.0024128062650561333
    ],
    [
      1046,
      0.0024104893673211336
    ],
    [
      3090,
      0.002406305866315961
    ],
    [
      40260,
      0.002405395032837987
    ],
    [
      938,
      0.0023884729016572237
    ],
    [
      3,
      0.0023850377183407545
    ],
    [
      35248,
      0.0023806006647646427
    ],
    [
      2747,
      0.0023657686542719603
    ],
    [
      1360,
      0.002365393564105034
    ],
    [
      226,
      0.0023635278921574354
    ],
    [
      99977,
      0.0023586321622133255
    ],
    [
      3889,
      0.002350614406168461
    ],
    [
      946,
      0.0023381183855235577
    ],
    [
      2385,
      0.002337802667170763
    ],
    [
      9746,
      0.0023318578023463488
    ],
    [
      8191,
      0.002328977221623063
    ],
    [
      9031,
      0.0023266063071787357
    ],
    [
      144,
      0.0023018519859761
    ],
    [
      380,
      0.0022941255010664463
    ],
    [
      4217,
      0.002287966897711158
    ],
    [
      665,
      0.0022819978184998035
    ],
    [
      3597,
      0.002279129344969988
    ],
    [
      372,
      0.002268383279442787
    ],
    [
      16450,
      0.0022645029239356518
    ],
    [
      171,
      0.0022621776442974806
    ],
    [
      4570,
      0.002251973142847419
    ],
    [
      155,
      0.00225080456584692
    ],
    [
      7630,
      0.002250304212793708
    ],
    [
      1381,
      0.002247758209705353
    ],
    [
      396,
      0.002244717674329877
    ],
    [
      51422,
      0.0022445395588874817
    ],
    [
      23171,
      0.0022420275490731
    ],
    [
      11821,
      0.0022403958719223738
    ],
    [
      10259,
      0.0022399667650461197
    ],
    [
      623,
      0.0022377173881977797
    ],
    [
      399,
      0.0022335941903293133
    ],
    [
      7584,
      0.0022294004447758198
    ],
    [
      1889,
      0.0022288039326667786
    ],
    [
      2467,
      0.002226180862635374
    ],
    [
      11015,
      0.0022196676582098007
    ],
    [
      11307,
      0.002212646882981062
    ],
    [
      334,
      0.0022115528117865324
    ],
    [
      3417,
      0.0022094929590821266
    ],
    [
      483,
      0.0022073930595070124
    ],
    [
      787,
      0.0022069786209613085
    ],
    [
      2868,
      0.002205764641985297
    ],
    [
      2987,
      0.0022054947912693024
    ],
    [
      10623,
      0.0022015299182385206
    ],
    [
      5061,
      0.0021984968334436417
    ],
    [
      17025,
      0.0021964360494166613
    ],
    [
      13740,
      0.0021948472131043673
    ],
    [
      662,
      0.002192404819652438
    ],
    [
      1903,
      0.002191103994846344
    ],
    [
      3469,
      0.0021796291694045067
    ],
    [
      4878,
      0.00217712321318686
    ],
    [
      12006,
      0.0021771173924207687
    ],
    [
      45043,
      0.002177012385800481
    ],
    [
      1058,
      0.002168379258364439
    ],
    [
      1799,
      0.0021651911083608866
    ],
    [
      3975,
      0.0021642621140927076
    ],
    [
      2736,
      0.0021585177164524794
    ],
    [
      9462,
      0.002154225716367364
    ],
    [
      3018,
      0.0021508231293410063
    ],
    [
      1384,
      0.0021489402279257774
    ],
    [
      1812,
      0.002140756230801344
    ],
    [
      10560,
      0.0021376763470470905
    ],
    [
      353,
      0.002134861657395959
    ],
    [
      3750,
      0.0021309074945747852
    ],
    [
      67623,
      0.0021308644209057093
    ],
    [
      3442,
      0.002129807136952877
    ],
    [
      323,
      0.0021265617106109858
    ],
    [
      8777,
      0.002124735387042165
    ],
    [
      26532,
      0.0021246960386633873
    ],
    [
      8938,
      0.002120222896337509
    ],
    [
      5796,
      0.0021128314547240734
    ],
    [
      4041,
      0.0021125960629433393
    ],
    [
      313,
      0.002112234476953745
    ],
    [
      9727,
      0.0021084214095026255
    ],
    [
      116001,
      0.0021078502759337425
    ],
    [
      231,
      0.002103348495438695
    ],
    [
      15225,
      0.0021016530226916075
    ],
    [
      754,
      0.002100095385685563
    ],
    [
      206,
      0.002097975928336382
    ],
    [
      13974,
      0.0020979184191673994
    ]
  ]
}