{
  "train_time": 53.76467990875244,
  "train_metrics": {
    "loss": 0.01023263253390472,
    "mse": 0.010265916585922241,
    "rmse": 0.10132085957946785,
    "r2": 0.5388495922088623
  },
  "val_metrics": {
    "loss": 0.014486748538911343,
    "mse": 0.014588968828320503,
    "rmse": 0.12078480379716855,
    "r2": 0.6903271675109863
  },
  "test_metrics": {
    "loss": 0.07428581746561187,
    "mse": 0.07402431219816208,
    "rmse": 0.2720740932138929,
    "r2": -0.8723752498626709
  }
}