{
  "ja": {
    "train_time": 51.950371980667114,
    "train_metrics": {
      "loss": 0.041006947606801986,
      "mse": 0.04095985367894173,
      "rmse": 0.2023854087599739,
      "r2": -0.02232646942138672
    },
    "val_metrics": {
      "loss": 0.06340805192788442,
      "mse": 0.06373340636491776,
      "rmse": 0.25245476102644165,
      "r2": -0.03872227668762207
    },
    "test_metrics": {
      "loss": 0.05692203218738238,
      "mse": 0.0573662631213665,
      "rmse": 0.239512553160302,
      "r2": -0.10195660591125488
    },
    "language": "ja",
    "task": "complexity",
    "task_type": "regression",
    "model_type": "lm_probe",
    "is_control": true,
    "control_index": 2
  }
}