{
  "ja": {
    "train_time": 61.22928762435913,
    "train_metrics": {
      "loss": 0.009623562551569194,
      "mse": 0.009689568541944027,
      "rmse": 0.09843560606784532,
      "r2": 0.8508486151695251
    },
    "val_metrics": {
      "loss": 0.01709075054774682,
      "mse": 0.01738148368895054,
      "rmse": 0.13183885500470086,
      "r2": 0.7979449033737183
    },
    "test_metrics": {
      "loss": 0.0767312782506148,
      "mse": 0.07806757092475891,
      "rmse": 0.2794057460482137,
      "r2": 0.1827681064605713
    },
    "language": "ja",
    "task": "single_submetric",
    "task_type": "regression",
    "model_type": "lm_probe",
    "is_control": false,
    "control_index": null,
    "submetric": "avg_verb_edges"
  }
}