{
  "ru": {
    "train_time": 49.42657804489136,
    "train_metrics": {
      "loss": 0.019363217409700154,
      "mse": 0.019355542957782745,
      "rmse": 0.13912419975612705,
      "r2": 0.029174387454986572
    },
    "val_metrics": {
      "loss": 0.05882108360528946,
      "mse": 0.05700318515300751,
      "rmse": 0.23875339820200991,
      "r2": -0.22537028789520264
    },
    "test_metrics": {
      "loss": 0.054500762373209,
      "mse": 0.054343484342098236,
      "rmse": 0.23311688986879145,
      "r2": -0.37456727027893066
    },
    "language": "ru",
    "task": "complexity",
    "task_type": "regression",
    "model_type": "lm_probe",
    "is_control": true,
    "control_index": 3
  }
}