{
  "fi": {
    "train_time": 40.921541690826416,
    "train_metrics": {
      "loss": 0.031244202268620333,
      "mse": 0.03125080466270447,
      "rmse": 0.1767789712118058,
      "r2": -0.007847785949707031
    },
    "val_metrics": {
      "loss": 0.04739926755428314,
      "mse": 0.047315098345279694,
      "rmse": 0.21752034007255436,
      "r2": -0.03582203388214111
    },
    "test_metrics": {
      "loss": 0.03186938565756593,
      "mse": 0.0318911112844944,
      "rmse": 0.17858082563504515,
      "r2": -0.04584670066833496
    },
    "language": "fi",
    "task": "single_submetric",
    "task_type": "regression",
    "model_type": "lm_probe",
    "is_control": true,
    "control_index": 3,
    "submetric": "avg_max_depth"
  }
}