{
  "train_time": 52.51270341873169,
  "train_metrics": {
    "loss": 0.02766841828512649,
    "mse": 0.02776823379099369,
    "rmse": 0.16663803224652435,
    "r2": 0.03393065929412842
  },
  "val_metrics": {
    "loss": 0.043827122822403905,
    "mse": 0.042471032589673996,
    "rmse": 0.20608501301568244,
    "r2": -0.042521119117736816
  },
  "test_metrics": {
    "loss": 0.033477646963936944,
    "mse": 0.03356995806097984,
    "rmse": 0.1832210633660329,
    "r2": -0.04202127456665039
  },
  "language": "id",
  "task": "single_submetric",
  "task_type": "regression",
  "model_type": "lm_probe",
  "is_control": true,
  "control_index": 1,
  "submetric": "avg_max_depth"
}