{
  "id": {
    "train_time": 47.53192400932312,
    "train_metrics": {
      "loss": 0.018313755583949386,
      "mse": 0.018243081867694855,
      "rmse": 0.13506695327760546,
      "r2": 0.0013091564178466797
    },
    "val_metrics": {
      "loss": 0.04889690168201923,
      "mse": 0.04482463374733925,
      "rmse": 0.21171828864635017,
      "r2": -0.2147045135498047
    },
    "test_metrics": {
      "loss": 0.034409230042781146,
      "mse": 0.03423565626144409,
      "rmse": 0.18502879846511486,
      "r2": -0.5420907735824585
    },
    "language": "id",
    "task": "single_submetric",
    "task_type": "regression",
    "model_type": "lm_probe",
    "is_control": true,
    "control_index": 2,
    "submetric": "avg_links_len"
  }
}