{
  "ar": {
    "train_time": 29.537790060043335,
    "train_metrics": {
      "loss": 0.0356805118924332,
      "mse": 0.03485351428389549,
      "rmse": 0.18669095929877133,
      "r2": 0.18927443027496338
    },
    "val_metrics": {
      "loss": 0.032299443458517395,
      "mse": 0.03221979737281799,
      "rmse": 0.17949873919562218,
      "r2": 0.06288021802902222
    },
    "test_metrics": {
      "loss": 0.06158682033419609,
      "mse": 0.061537329107522964,
      "rmse": 0.248067186680389,
      "r2": -0.060431838035583496
    },
    "language": "ar",
    "task": "single_submetric",
    "task_type": "regression",
    "model_type": "lm_probe",
    "is_control": false,
    "control_index": null,
    "submetric": "lexical_density"
  }
}