{
  "en": {
    "train_time": 80.35598754882812,
    "train_metrics": {
      "loss": 0.027153457030653954,
      "mse": 0.02713889628648758,
      "rmse": 0.16473887302785453,
      "r2": 0.0062645673751831055
    },
    "val_metrics": {
      "loss": 0.027749672159552576,
      "mse": 0.026942674070596695,
      "rmse": 0.1641422373144606,
      "r2": -0.03261613845825195
    },
    "test_metrics": {
      "loss": 0.02856352659208434,
      "mse": 0.028713971376419067,
      "rmse": 0.16945197365749112,
      "r2": -0.0035501718521118164
    },
    "language": "en",
    "task": "single_submetric",
    "task_type": "regression",
    "model_type": "lm_probe",
    "is_control": true,
    "control_index": 2,
    "submetric": "lexical_density"
  }
}