{
  "train_time": 40.28676748275757,
  "train_metrics": {
    "loss": 0.6934915606180827,
    "accuracy": 0.499581589958159,
    "f1": 0.0
  },
  "val_metrics": {
    "loss": 0.6921727061271667,
    "accuracy": 0.5238095238095238,
    "f1": 0.0
  },
  "test_metrics": {
    "loss": 0.6930997797421047,
    "accuracy": 0.5,
    "f1": 0.0
  },
  "language": "fi",
  "task": "question_type",
  "task_type": "classification",
  "model_type": "lm_probe",
  "is_control": true,
  "control_index": 2
}