{
  "train_time": 52.545689821243286,
  "train_metrics": {
    "loss": 0.036282071219559044,
    "mse": 0.03687014430761337,
    "rmse": 0.19201600013439862,
    "r2": -0.6562262773513794
  },
  "val_metrics": {
    "loss": 0.049074789881706236,
    "mse": 0.05043980851769447,
    "rmse": 0.22458808632181376,
    "r2": -0.07066094875335693
  },
  "test_metrics": {
    "loss": 0.03280836051063878,
    "mse": 0.03297312930226326,
    "rmse": 0.1815850470227746,
    "r2": -0.023821711540222168
  },
  "language": "ko",
  "task": "complexity",
  "task_type": "regression",
  "model_type": "lm_probe",
  "is_control": true,
  "control_index": 3
}