{
  "fi": {
    "train_time": 80.20610809326172,
    "train_metrics": {
      "loss": 0.014017878888795772,
      "mse": 0.014005066826939583,
      "rmse": 0.11834300497680285,
      "r2": 0.04456287622451782
    },
    "val_metrics": {
      "loss": 0.019447927130386233,
      "mse": 0.0193590447306633,
      "rmse": 0.13913678424724102,
      "r2": -0.05085492134094238
    },
    "test_metrics": {
      "loss": 0.014662420842796564,
      "mse": 0.014812682755291462,
      "rmse": 0.12170736524669105,
      "r2": -0.07132530212402344
    },
    "language": "fi",
    "task": "single_submetric",
    "task_type": "regression",
    "model_type": "lm_probe",
    "is_control": true,
    "control_index": 1,
    "submetric": "n_tokens"
  }
}