{
  "train_time": 73.3659565448761,
  "train_metrics": {
    "loss": 0.007280321153812111,
    "mse": 0.007288336753845215,
    "rmse": 0.08537175618344287,
    "r2": 0.035406529903411865
  },
  "val_metrics": {
    "loss": 0.02060909103602171,
    "mse": 0.020639104768633842,
    "rmse": 0.14366316427196585,
    "r2": -0.20001649856567383
  },
  "test_metrics": {
    "loss": 0.025761684935007776,
    "mse": 0.0258565042167902,
    "rmse": 0.16079957778797244,
    "r2": -0.42567574977874756
  },
  "language": "fi",
  "task": "single_submetric",
  "task_type": "regression",
  "model_type": "lm_probe",
  "is_control": true,
  "control_index": 2,
  "submetric": "avg_links_len"
}