{
  "ar": {
    "train_time": 50.388606548309326,
    "train_metrics": {
      "loss": 0.030216080764870323,
      "mse": 0.030480515211820602,
      "rmse": 0.17458669826713777,
      "r2": 0.00706404447555542
    },
    "val_metrics": {
      "loss": 0.06321495026350021,
      "mse": 0.06302408874034882,
      "rmse": 0.2510459892934934,
      "r2": 0.028589189052581787
    },
    "test_metrics": {
      "loss": 0.05586969181895256,
      "mse": 0.05536308512091637,
      "rmse": 0.23529361470493917,
      "r2": 0.04556506872177124
    },
    "language": "ar",
    "task": "complexity",
    "task_type": "regression",
    "model_type": "lm_probe",
    "is_control": true,
    "control_index": 2
  }
}