{
  "model_type": "XGBRegressor",
  "training_time": 163.0187919139862,
  "train_metrics": {
    "mse": 0.011417537927627563,
    "rmse": 0.10685287982842373,
    "mae": 0.08458741009235382,
    "r2": 0.38642311096191406
  },
  "val_metrics": {
    "mse": 0.028220755979418755,
    "rmse": 0.16799034489939818,
    "mae": 0.12187075614929199,
    "r2": -0.07873392105102539
  },
  "test_metrics": {
    "mse": 0.037155553698539734,
    "rmse": 0.19275775911371176,
    "mae": 0.13937032222747803,
    "r2": -0.345095157623291
  },
  "per_language_metrics": {
    "train": {
      "ar": {
        "mse": 0.013887698762118816,
        "rmse": 0.11784608080932864,
        "mae": 0.09349216520786285,
        "r2": 0.3413282036781311
      },
      "en": {
        "mse": 0.009406067430973053,
        "rmse": 0.09698488248677241,
        "mae": 0.075625941157341,
        "r2": 0.24996858835220337
      },
      "fi": {
        "mse": 0.00661771884188056,
        "rmse": 0.08134936288552333,
        "mae": 0.06492816656827927,
        "r2": 0.12416112422943115
      },
      "id": {
        "mse": 0.014164370484650135,
        "rmse": 0.11901416085764809,
        "mae": 0.09535115212202072,
        "r2": 0.22459226846694946
      },
      "ja": {
        "mse": 0.008123435080051422,
        "rmse": 0.09013010085455038,
        "mae": 0.07158306986093521,
        "r2": 0.12667357921600342
      },
      "ko": {
        "mse": 0.012740624137222767,
        "rmse": 0.11287437325284587,
        "mae": 0.09022075682878494,
        "r2": 0.415718138217926
      },
      "ru": {
        "mse": 0.016443241387605667,
        "rmse": 0.12823120286266393,
        "mae": 0.10667383670806885,
        "r2": 0.506782054901123
      }
    },
    "val": {
      "ar": {
        "mse": 0.052525486797094345,
        "rmse": 0.229184394750372,
        "mae": 0.16130541265010834,
        "r2": -0.07009303569793701
      },
      "en": {
        "mse": 0.013368264771997929,
        "rmse": 0.11562121246552437,
        "mae": 0.07757828384637833,
        "r2": -0.0039757490158081055
      },
      "fi": {
        "mse": 0.01965062879025936,
        "rmse": 0.14018070049139916,
        "mae": 0.10444754362106323,
        "r2": -0.14254367351531982
      },
      "id": {
        "mse": 0.04641774296760559,
        "rmse": 0.21544777317857242,
        "mae": 0.16239316761493683,
        "r2": -0.25787627696990967
      },
      "ja": {
        "mse": 0.01949346251785755,
        "rmse": 0.1396189905344454,
        "mae": 0.10740343481302261,
        "r2": -0.09343326091766357
      },
      "ko": {
        "mse": 0.018375037238001823,
        "rmse": 0.13555455447162895,
        "mae": 0.10436239838600159,
        "r2": 0.08700519800186157
      },
      "ru": {
        "mse": 0.0329437218606472,
        "rmse": 0.18150405466723657,
        "mae": 0.14353853464126587,
        "r2": -0.10383045673370361
      }
    },
    "test": {
      "ar": {
        "mse": 0.05452059954404831,
        "rmse": 0.2334964658063336,
        "mae": 0.15538926422595978,
        "r2": -0.17716825008392334
      },
      "en": {
        "mse": 0.011722857132554054,
        "rmse": 0.10827214384389945,
        "mae": 0.0736885815858841,
        "r2": -0.26037025451660156
      },
      "fi": {
        "mse": 0.021670950576663017,
        "rmse": 0.14721056543829664,
        "mae": 0.11248062551021576,
        "r2": -0.1948927640914917
      },
      "id": {
        "mse": 0.03523055091500282,
        "rmse": 0.18769803119639486,
        "mae": 0.1499434858560562,
        "r2": -0.5869041681289673
      },
      "ja": {
        "mse": 0.10281340777873993,
        "rmse": 0.3206452990123821,
        "mae": 0.2581656873226166,
        "r2": -1.4180543422698975
      },
      "ko": {
        "mse": 0.028540585190057755,
        "rmse": 0.16893959035719766,
        "mae": 0.1296989619731903,
        "r2": -0.24025511741638184
      },
      "ru": {
        "mse": 0.02154344879090786,
        "rmse": 0.14677686735622839,
        "mae": 0.1204705685377121,
        "r2": -0.2789188623428345
      }
    }
  },