{
  "fi": {
    "train_time": 49.043124198913574,
    "train_metrics": {
      "loss": 0.006606350804989536,
      "mse": 0.0066098361276090145,
      "rmse": 0.08130089868881533,
      "r2": 0.6729106903076172
    },
    "val_metrics": {
      "loss": 0.036120359785854816,
      "mse": 0.0361408032476902,
      "rmse": 0.1901073466431274,
      "r2": 0.448741614818573
    },
    "test_metrics": {
      "loss": 0.018430236327861036,
      "mse": 0.01838650181889534,
      "rmse": 0.13559683557847263,
      "r2": 0.5343657732009888
    },
    "language": "fi",
    "task": "complexity",
    "task_type": "regression",
    "model_type": "lm_probe",
    "is_control": false,
    "control_index": null
  }
}