{
  "train_time": 54.238967180252075,
  "train_metrics": {
    "loss": 0.01895251362881762,
    "mse": 0.019163163378834724,
    "rmse": 0.1384310780816025,
    "r2": 0.12118202447891235
  },
  "val_metrics": {
    "loss": 0.018462132569402455,
    "mse": 0.01971597410738468,
    "rmse": 0.14041358234652615,
    "r2": 0.020378470420837402
  },
  "test_metrics": {
    "loss": 0.02129903861454555,
    "mse": 0.021428797394037247,
    "rmse": 0.1463857827592463,
    "r2": 0.06879359483718872
  },
  "language": "ko",
  "task": "single_submetric",
  "task_type": "regression",
  "model_type": "lm_probe",
  "is_control": true,
  "control_index": 3,
  "submetric": "avg_links_len"
}