{
  "train": {
    "ar": {
      "mse": 0.03215302154421806,
      "rmse": 0.17931263632052835,
      "mae": 0.143027663230896,
      "r2": -0.04741966724395752
    },
    "en": {
      "mse": 0.02683296985924244,
      "rmse": 0.16380772222103096,
      "mae": 0.1306157410144806,
      "r2": -0.00016021728515625
    },
    "fi": {
      "mse": 0.022512631490826607,
      "rmse": 0.15004209906165206,
      "mae": 0.1210944652557373,
      "r2": -0.11404287815093994
    },
    "id": {
      "mse": 0.03632216528058052,
      "rmse": 0.19058374873157607,
      "mae": 0.1557745486497879,
      "r2": -0.0009763240814208984
    },
    "ja": {
      "mse": 0.04026643559336662,
      "rmse": 0.20066498347585865,
      "mae": 0.16934293508529663,
      "r2": -0.005019187927246094
    },
    "ko": {
      "mse": 0.022327391430735588,
      "rmse": 0.14942353037836975,
      "mae": 0.12123286724090576,
      "r2": -0.002958059310913086
    },
    "ru": {
      "mse": 0.020033525303006172,
      "rmse": 0.14153983645252022,
      "mae": 0.10934235900640488,
      "r2": -0.004831552505493164
    }
  },
  "val": {
    "ar": {
      "mse": 0.06487950682640076,
      "rmse": 0.25471455951005384,
      "mae": 0.2046888768672943,
      "r2": -9.059906005859375e-06
    },
    "en": {
      "mse": 0.04681095480918884,
      "rmse": 0.21635839435803927,
      "mae": 0.17533499002456665,
      "r2": -0.11850905418395996
    },
    "fi": {
      "mse": 0.07390546053647995,
      "rmse": 0.2718555876499138,
      "mae": 0.22340241074562073,
      "r2": -0.12728559970855713
    },
    "id": {
      "mse": 0.05401737987995148,
      "rmse": 0.23241639331155511,
      "mae": 0.1905544102191925,
      "r2": -0.2919987440109253
    },
    "ja": {
      "mse": 0.06678894907236099,
      "rmse": 0.258435580120774,
      "mae": 0.21695291996002197,
      "r2": -0.08852124214172363
    },
    "ko": {
      "mse": 0.054173365235328674,
      "rmse": 0.23275172445189032,
      "mae": 0.19090670347213745,
      "r2": -0.1499112844467163
    },
    "ru": {
      "mse": 0.06184987351298332,
      "rmse": 0.24869634800893906,
      "mae": 0.1979149729013443,
      "r2": -0.3295571804046631
    }
  },
  "test": {
    "ar": {
      "mse": 0.05892105773091316,
      "rmse": 0.24273660154767177,
      "mae": 0.19318686425685883,
      "r2": -0.01577281951904297
    },
    "en": {
      "mse": 0.038640543818473816,
      "rmse": 0.19657198126506692,
      "mae": 0.1533021777868271,
      "r2": -0.0026448965072631836
    },
    "fi": {
      "mse": 0.04028290882706642,
      "rmse": 0.20070602588628578,
      "mae": 0.1596611589193344,
      "r2": -0.020156025886535645
    },
    "id": {
      "mse": 0.040779586881399155,
      "rmse": 0.20193956244728065,
      "mae": 0.16276849806308746,
      "r2": -0.00013434886932373047
    },
    "ja": {
      "mse": 0.0630357638001442,
      "rmse": 0.25106924104745326,
      "mae": 0.20040756464004517,
      "r2": -0.21086275577545166
    },
    "ko": {
      "mse": 0.03568042069673538,
      "rmse": 0.18889261684019146,
      "mae": 0.1483713686466217,
      "r2": -0.10788357257843018
    },
    "ru": {
      "mse": 0.059071365743875504,
      "rmse": 0.24304601569224604,
      "mae": 0.19454628229141235,
      "r2": -0.49415457248687744
    }
  }
}