{
  "en": {
    "train_time": 78.34521746635437,
    "train_metrics": {
      "loss": 0.0035499902504185837,
      "mse": 0.003536415519192815,
      "rmse": 0.05946776874234323,
      "r2": 0.7180094122886658
    },
    "val_metrics": {
      "loss": 0.007898144889622927,
      "mse": 0.008442572318017483,
      "rmse": 0.0918834714081781,
      "r2": 0.3659507632255554
    },
    "test_metrics": {
      "loss": 0.010574453510344028,
      "mse": 0.01047042477875948,
      "rmse": 0.1023250935927228,
      "r2": -0.12571632862091064
    },
    "language": "en",
    "task": "single_submetric",
    "task_type": "regression",
    "model_type": "lm_probe",
    "is_control": false,
    "control_index": null,
    "submetric": "avg_links_len"
  }
}