{
  "train": {
    "ar": {
      "accuracy": 0.7276381909547739,
      "f1": 0.7126193001060446
    },
    "en": {
      "accuracy": 0.7055369127516778,
      "f1": 0.6759002770083102
    },
    "fi": {
      "accuracy": 0.703765690376569,
      "f1": 0.6932409012131716
    },
    "id": {
      "accuracy": 0.6761006289308176,
      "f1": 0.6033376123234917
    },
    "ja": {
      "accuracy": 0.7371956339210747,
      "f1": 0.7304048234280792
    },
    "ko": {
      "accuracy": 0.7767253044654939,
      "f1": 0.7226890756302521
    },
    "ru": {
      "accuracy": 0.7579564489112228,
      "f1": 0.7523564695801199
    }
  },
  "val": {
    "ar": {
      "accuracy": 0.5681818181818182,
      "f1": 0.5128205128205128
    },
    "en": {
      "accuracy": 0.4583333333333333,
      "f1": 0.43478260869565216
    },
    "fi": {
      "accuracy": 0.5714285714285714,
      "f1": 0.5573770491803278
    },
    "id": {
      "accuracy": 0.6111111111111112,
      "f1": 0.5483870967741935
    },
    "ja": {
      "accuracy": 0.6521739130434783,
      "f1": 0.7142857142857143
    },
    "ko": {
      "accuracy": 0.375,
      "f1": 0.26229508196721313
    },
    "ru": {
      "accuracy": 0.7083333333333334,
      "f1": 0.7123287671232876
    }
  },
  "test": {
    "ar": {
      "accuracy": 0.42857142857142855,
      "f1": 0.26666666666666666
    },
    "en": {
      "accuracy": 0.5454545454545454,
      "f1": 0.5283018867924528
    },
    "fi": {
      "accuracy": 0.4727272727272727,
      "f1": 0.3829787234042553
    },
    "id": {
      "accuracy": 0.4727272727272727,
      "f1": 0.3695652173913043
    },
    "ja": {
      "accuracy": 0.5108695652173914,
      "f1": 0.5263157894736842
    },
    "ko": {
      "accuracy": 0.4818181818181818,
      "f1": 0.3870967741935484
    },
    "ru": {
      "accuracy": 0.8,
      "f1": 0.8166666666666667
    }
  }
}