{
  "model_type": "XGBClassifier",
  "training_time": 149.0665102005005,
  "train_metrics": {
    "accuracy": 0.7249329758713137,
    "f1": 0.7018308631211857
  },
  "val_metrics": {
    "accuracy": 0.5578231292517006,
    "f1": 0.5368171021377672
  },
  "test_metrics": {
    "accuracy": 0.5354659248956884,
    "f1": 0.49393939393939396
  },
  "per_language_metrics": {
    "train": {
      "ar": {
        "accuracy": 0.7276381909547739,
        "f1": 0.7126193001060446
      },
      "en": {
        "accuracy": 0.7055369127516778,
        "f1": 0.6759002770083102
      },
      "fi": {
        "accuracy": 0.703765690376569,
        "f1": 0.6932409012131716
      },
      "id": {
        "accuracy": 0.6761006289308176,
        "f1": 0.6033376123234917
      },
      "ja": {
        "accuracy": 0.7371956339210747,
        "f1": 0.7304048234280792
      },
      "ko": {
        "accuracy": 0.7767253044654939,
        "f1": 0.7226890756302521
      },
      "ru": {
        "accuracy": 0.7579564489112228,
        "f1": 0.7523564695801199
      }
    },
    "val": {
      "ar": {
        "accuracy": 0.5681818181818182,
        "f1": 0.5128205128205128
      },
      "en": {
        "accuracy": 0.4583333333333333,
        "f1": 0.43478260869565216
      },
      "fi": {
        "accuracy": 0.5714285714285714,
        "f1": 0.5573770491803278
      },
      "id": {
        "accuracy": 0.6111111111111112,
        "f1": 0.5483870967741935
      },
      "ja": {
        "accuracy": 0.6521739130434783,
        "f1": 0.7142857142857143
      },
      "ko": {
        "accuracy": 0.375,
        "f1": 0.26229508196721313
      },
      "ru": {
        "accuracy": 0.7083333333333334,
        "f1": 0.7123287671232876
      }
    },
    "test": {
      "ar": {
        "accuracy": 0.42857142857142855,
        "f1": 0.26666666666666666
      },
      "en": {
        "accuracy": 0.5454545454545454,
        "f1": 0.5283018867924528
      },
      "fi": {
        "accuracy": 0.4727272727272727,
        "f1": 0.3829787234042553
      },
      "id": {
        "accuracy": 0.4727272727272727,
        "f1": 0.3695652173913043
      },
      "ja": {
        "accuracy": 0.5108695652173914,
        "f1": 0.5263157894736842
      },
      "ko": {
        "accuracy": 0.4818181818181818,
        "f1": 0.3870967741935484
      },
      "ru": {
        "accuracy": 0.8,
        "f1": 0.8166666666666667
      }
    }
  },
  "feature_importances": [
    [
      3931,
      0.0028069205582141876
    ],
    [
      15796,
      0.0027984785847365856
    ],
    [
      118728,
      0.002791075734421611
    ],
    [
      2992,
      0.002733020344749093
    ],
    [
      35120,
      0.0027181685436517
    ],
    [
      15986,
      0.002690457971766591
    ],
    [
      22081,
      0.0026609650813043118
    ],
    [
      1406,
      0.0025689511094242334
    ],
    [
      12533,
      0.00255578919313848
    ],
    [
      513,
      0.002521357499063015
    ],
    [
      21456,
      0.0025122349616140127
    ],
    [
      1071,
      0.0024975126143544912
    ],
    [
      4649,
      0.0024100274313241243
    ],
    [
      19896,
      0.0023955011274665594
    ],
    [
      387,
      0.002392534166574478
    ],
    [
      27372,
      0.0023852726444602013
    ],
    [
      170,
      0.0023643618915230036
    ],
    [
      26759,
      0.0023568938486278057
    ],
    [
      3242,
      0.0023553951177746058
    ],
    [
      1003,
      0.002335538621991873
    ],
    [
      87070,
      0.0023105074651539326
    ],
    [
      55,
      0.0023071360774338245
    ],
    [
      6489,
      0.0022987890988588333
    ],
    [
      72942,
      0.002292072866111994
    ],
    [
      17724,
      0.0022906295489519835
    ],
    [
      17281,
      0.0022879368625581264
    ],
    [
      260,
      0.0022664712741971016
    ],
    [
      1673,
      0.002255993662402034
    ],
    [
      13778,
      0.002249430399388075
    ],
    [
      203,
      0.002247668569907546
    ],
    [
      41918,
      0.0022296819370239973
    ],
    [
      4567,
      0.002227367600426078
    ],
    [
      70478,
      0.0022262162528932095
    ],
    [
      51,
      0.0022253396455198526
    ],
    [
      943,
      0.0022170718293637037
    ],
    [
      1452,
      0.002216554945334792
    ],
    [
      25579,
      0.0022084603551775217
    ],
    [
      3239,
      0.0022053990978747606
    ],
    [
      17976,
      0.0022008437663316727
    ],
    [
      2666,
      0.002200345741584897
    ],
    [
      42449,
      0.0021978067234158516
    ],
    [
      66624,
      0.0021959675941616297
    ],
    [
      914,
      0.002195898676291108
    ],
    [
      3751,
      0.002192234853282571
    ],
    [
      7582,
      0.0021893365774303675
    ],
    [
      17464,
      0.0021858823020011187
    ],
    [
      727,
      0.00217616674490273
    ],
    [
      8353,
      0.0021760836243629456
    ],
    [
      1191,
      0.002167894272133708
    ],
    [
      12022,
      0.002167773898690939
    ],
    [
      6918,
      0.0021648253314197063
    ],
    [
      380,
      0.002160413423553109
    ],
    [
      6653,
      0.002158610848709941
    ],
    [
      56,
      0.002157764043658972
    ],
    [
      36954,
      0.002151050604879856
    ],
    [
      58129,
      0.002144782803952694
    ],
    [
      90,
      0.0021439609117805958
    ],
    [
      9983,
      0.0021407287567853928
    ],
    [
      483,
      0.002138399286195636
    ],
    [
      1188,
      0.0021377152297645807
    ],
    [
      46,
      0.002125693717971444
    ],
    [
      304,
      0.0021223837975412607
    ],
    [
      415,
      0.0021178070455789566
    ],
    [
      25923,
      0.00211589434184134
    ],
    [
      3245,
      0.002113455208018422
    ],
    [
      8667,
      0.002112489426508546
    ],
    [
      57659,
      0.00210847076959908
    ],
    [
      843,
      0.0020982257556170225
    ],
    [
      5498,
      0.00209594052284956
    ],
    [
      41734,
      0.002090493915602565
    ],
    [
      86723,
      0.0020853192545473576
    ],
    [
      406,
      0.002078820252791047
    ],
    [
      167,
      0.002071948256343603
    ],
    [
      4523,
      0.0020718821324408054
    ],
    [
      11857,
      0.002070618560537696
    ],
    [
      2080,
      0.002068958478048444
    ],
    [
      14255,
      0.002068180590867996
    ],
    [
      6467,
      0.002064970089122653
    ],
    [
      7546,
      0.002064736559987068
    ],
    [
      432,
      0.0020573206711560488
    ],
    [
      10466,
      0.0020540254190564156
    ],
    [
      11195,
      0.002052172552794218
    ],
    [
      91,
      0.0020492596086114645
    ],
    [
      2106,
      0.002046824898570776
    ],
    [
      1948,
      0.002045336179435253
    ],
    [
      2472,
      0.0020420716609805822
    ],
    [
      985,
      0.0020385875832289457
    ],
    [
      938,
      0.0020379337947815657
    ],
    [
      42,
      0.002034006640315056
    ],
    [
      92,
      0.0020320552866905928
    ],
    [
      335,
      0.002021707594394684
    ],
    [
      4098,
      0.0020204607862979174
    ],
    [
      740,
      0.002016149926930666
    ],
    [
      3597,
      0.002012483077123761
    ],
    [
      1143,
      0.0020087503362447023
    ],
    [
      377,
      0.0020083794370293617
    ],
    [
      11635,
      0.002004641806706786
    ],
    [
      2188,
      0.002004629699513316
    ],
    [
      45043,
      0.002003060420975089
    ],
    [
      6658,
      0.0020024054683744907
    ]
  ]
}