{
  "ja": {
    "train_time": 42.58189797401428,
    "train_metrics": {
      "loss": 0.004856604562761883,
      "mse": 0.004871145356446505,
      "rmse": 0.06979359108432882,
      "r2": 0.4763176441192627
    },
    "val_metrics": {
      "loss": 0.014164195396006107,
      "mse": 0.014420505613088608,
      "rmse": 0.12008540965949448,
      "r2": 0.19112056493759155
    },
    "test_metrics": {
      "loss": 0.09090621148546536,
      "mse": 0.08945109695196152,
      "rmse": 0.29908376243447504,
      "r2": -1.103787899017334
    },
    "language": "ja",
    "task": "single_submetric",
    "task_type": "regression",
    "model_type": "lm_probe",
    "is_control": false,
    "control_index": null,
    "submetric": "avg_links_len"
  }
}