{
  "train_time": 48.228336811065674,
  "train_metrics": {
    "loss": 0.021848434377461673,
    "mse": 0.02186848782002926,
    "rmse": 0.1478799777523288,
    "r2": 0.18488365411758423
  },
  "val_metrics": {
    "loss": 0.03582490757107735,
    "mse": 0.03637943044304848,
    "rmse": 0.190733925778946,
    "r2": 0.1307436227798462
  },
  "test_metrics": {
    "loss": 0.195625963807106,
    "mse": 0.19343477487564087,
    "rmse": 0.43981220410038746,
    "r2": -2.3347294330596924
  },
  "train_language": "en",
  "eval_language": "ar",
  "task": "complexity",
  "task_type": "regression",
  "model_type": "lm_probe"
}