{
  "train_time": 36.489153146743774,
  "train_metrics": {
    "loss": 0.010752848532803833,
    "mse": 0.01088143140077591,
    "rmse": 0.10431409972183008,
    "r2": -0.09809088706970215
  },
  "val_metrics": {
    "loss": 0.04680081997066736,
    "mse": 0.051172688603401184,
    "rmse": 0.22621381169902333,
    "r2": -0.18744170665740967
  },
  "test_metrics": {
    "loss": 0.0712061237011637,
    "mse": 0.07063953578472137,
    "rmse": 0.2657809921433837,
    "r2": -0.6939703226089478
  },
  "language": "ko",
  "task": "single_submetric",
  "task_type": "regression",
  "model_type": "lm_probe",
  "is_control": true,
  "control_index": 1,
  "submetric": "n_tokens"
}