{
  "train_time": 67.64056348800659,
  "train_metrics": {
    "loss": 0.06590513298908869,
    "mse": 0.0656154602766037,
    "rmse": 0.256155148838753,
    "r2": -0.010017752647399902
  },
  "val_metrics": {
    "loss": 0.0844590924680233,
    "mse": 0.0859045758843422,
    "rmse": 0.29309482404904763,
    "r2": 0.0013824701309204102
  },
  "test_metrics": {
    "loss": 0.10041504974166553,
    "mse": 0.10158149898052216,
    "rmse": 0.31871852625870706,
    "r2": -0.06338191032409668
  },
  "language": "ja",
  "task": "single_submetric",
  "task_type": "regression",
  "model_type": "lm_probe",
  "is_control": true,
  "control_index": 1,
  "submetric": "avg_verb_edges"
}