{
  "train_time": 27.197882890701294,
  "train_metrics": {
    "loss": 0.030490957762277317,
    "mse": 0.030673302710056305,
    "rmse": 0.1751379533683556,
    "r2": 0.0007838010787963867
  },
  "val_metrics": {
    "loss": 0.06638283530871074,
    "mse": 0.06600718945264816,
    "rmse": 0.25691864364550926,
    "r2": -0.01739037036895752
  },
  "test_metrics": {
    "loss": 0.058278845995664595,
    "mse": 0.05780545249581337,
    "rmse": 0.2404276450323743,
    "r2": 0.003459751605987549
  },
  "language": "ar",
  "task": "complexity",
  "task_type": "regression",
  "model_type": "lm_probe",
  "is_control": true,
  "control_index": 2
}