{
  "id": {
    "train_time": 64.84404110908508,
    "train_metrics": {
      "loss": 0.03568153387556473,
      "mse": 0.0357622429728508,
      "rmse": 0.18910907691819237,
      "r2": 0.014454126358032227
    },
    "val_metrics": {
      "loss": 0.058302858099341395,
      "mse": 0.0572117418050766,
      "rmse": 0.23918976107909928,
      "r2": -0.36840224266052246
    },
    "test_metrics": {
      "loss": 0.04740471925054278,
      "mse": 0.047322746366262436,
      "rmse": 0.217537919375594,
      "r2": -0.16060781478881836
    },
    "language": "id",
    "task": "complexity",
    "task_type": "regression",
    "model_type": "lm_probe",
    "is_control": true,
    "control_index": 3
  }
}