{
  "train_time": 49.04900574684143,
  "train_metrics": {
    "loss": 0.038406492446859675,
    "mse": 0.03836914151906967,
    "rmse": 0.1958804265848675,
    "r2": 0.0407336950302124
  },
  "val_metrics": {
    "loss": 0.03180318744853139,
    "mse": 0.031857993453741074,
    "rmse": 0.17848807650300083,
    "r2": 0.10204207897186279
  },
  "test_metrics": {
    "loss": 0.04871275009853499,
    "mse": 0.04901542514562607,
    "rmse": 0.2213942753226155,
    "r2": -0.09604907035827637
  },
  "language": "fi",
  "task": "single_submetric",
  "task_type": "regression",
  "model_type": "lm_probe",
  "is_control": true,
  "control_index": 2,
  "submetric": "lexical_density"
}