{
  "id": {
    "train_time": 66.89134168624878,
    "train_metrics": {
      "loss": 0.0819148571540912,
      "mse": 0.08170608431100845,
      "rmse": 0.28584276151585236,
      "r2": 0.1706380844116211
    },
    "val_metrics": {
      "loss": 0.05870372354984284,
      "mse": 0.06294919550418854,
      "rmse": 0.25089678257041986,
      "r2": -0.044182419776916504
    },
    "test_metrics": {
      "loss": 0.07457989241395678,
      "mse": 0.0742165595293045,
      "rmse": 0.27242716371409165,
      "r2": -0.16199219226837158
    },
    "language": "id",
    "task": "single_submetric",
    "task_type": "regression",
    "model_type": "lm_probe",
    "is_control": true,
    "control_index": 2,
    "submetric": "avg_verb_edges"
  }
}