Language,Dummy,LogReg,XGBoost,LM-L2,LM-L6,LM-L11,LM-L12,Average
Arabic,0.7142857142857143,0.987012987012987,0.987012987012987,0.974025974025974,0.961038961038961,0.8441558441558441,0.8311688311688312,0.8998144712430426
English,0.5,0.7909090909090909,0.7363636363636363,0.8909090909090909,0.9181818181818182,0.9181818181818182,0.9454545454545454,0.8142857142857142
Finnish,0.5,0.8454545454545455,0.8090909090909091,0.8636363636363636,0.9181818181818182,0.8909090909090909,0.9,0.8181818181818182
Indonesian,0.5,0.5727272727272728,0.6909090909090909,0.5727272727272728,0.6181818181818182,0.6363636363636364,0.7454545454545455,0.6194805194805194
Japanese,0.4021739130434782,0.6521739130434783,0.6413043478260869,0.6413043478260869,0.7391304347826086,0.8586956521739131,0.8586956521739131,0.6847826086956522
Korean,0.5,0.6636363636363637,0.6636363636363637,0.5909090909090909,0.7090909090909091,0.8727272727272727,0.8636363636363636,0.6948051948051948
Russian,0.5,0.8,0.8727272727272727,0.990909090909091,0.9363636363636364,0.9363636363636364,0.9,0.8480519480519482
