{
  "ko": {
    "train_time": 54.088125228881836,
    "train_metrics": {
      "loss": 0.021965063494095143,
      "mse": 0.02208196558058262,
      "rmse": 0.1486000187771947,
      "r2": 0.00806647539138794
    },
    "val_metrics": {
      "loss": 0.05511944517493248,
      "mse": 0.05772566795349121,
      "rmse": 0.24026166559293477,
      "r2": -0.22531437873840332
    },
    "test_metrics": {
      "loss": 0.03683146807764258,
      "mse": 0.03688492253422737,
      "rmse": 0.19205447803742398,
      "r2": -0.14528357982635498
    },
    "language": "ko",
    "task": "complexity",
    "task_type": "regression",
    "model_type": "lm_probe",
    "is_control": true,
    "control_index": 1
  }
}