{
  "ko": {
    "train_time": 35.73130679130554,
    "train_metrics": {
      "loss": 0.034154475408982726,
      "mse": 0.03448928892612457,
      "rmse": 0.1857129207301543,
      "r2": -0.007107138633728027
    },
    "val_metrics": {
      "loss": 0.04671623334288597,
      "mse": 0.043672721832990646,
      "rmse": 0.2089801948343207,
      "r2": -0.0509721040725708
    },
    "test_metrics": {
      "loss": 0.0947191406573568,
      "mse": 0.09480935335159302,
      "rmse": 0.3079112751290427,
      "r2": -1.37174391746521
    },
    "language": "ko",
    "task": "single_submetric",
    "task_type": "regression",
    "model_type": "lm_probe",
    "is_control": true,
    "control_index": 2,
    "submetric": "lexical_density"
  }
}