{
  "ko": {
    "train_time": 55.50530767440796,
    "train_metrics": {
      "loss": 0.5879171592123965,
      "accuracy": 0.7158322056833559,
      "f1": 0.6488294314381271
    },
    "val_metrics": {
      "loss": 0.609853982925415,
      "accuracy": 0.6944444444444444,
      "f1": 0.6451612903225806
    },
    "test_metrics": {
      "loss": 0.6885971512113299,
      "accuracy": 0.5909090909090909,
      "f1": 0.5631067961165048
    },
    "language": "ko",
    "task": "question_type",
    "task_type": "classification",
    "model_type": "lm_probe",
    "is_control": true,
    "control_index": 1
  }
}