{
  "train": {
    "ar": {
      "mse": 0.0032617608085274696,
      "rmse": 0.05711182722105352,
      "mae": 0.045524027198553085,
      "r2": 0.831775426864624
    },
    "en": {
      "mse": 0.0027174800634384155,
      "rmse": 0.0521294548546061,
      "mae": 0.04006990045309067,
      "r2": 0.8702748417854309
    },
    "fi": {
      "mse": 0.0031945607624948025,
      "rmse": 0.0565204455263297,
      "mae": 0.045407138764858246,
      "r2": 0.7820644378662109
    },
    "id": {
      "mse": 0.0038773093838244677,
      "rmse": 0.062268044644299435,
      "mae": 0.049080878496170044,
      "r2": 0.8789083361625671
    },
    "ja": {
      "mse": 0.0033475516829639673,
      "rmse": 0.0578580304103412,
      "mae": 0.045059993863105774,
      "r2": 0.8389149904251099
    },
    "ko": {
      "mse": 0.0011847340501844883,
      "rmse": 0.034419965865533454,
      "mae": 0.02526409924030304,
      "r2": 0.8804435133934021
    },
    "ru": {
      "mse": 0.0028932641725987196,
      "rmse": 0.05378907112600774,
      "mae": 0.041311103850603104,
      "r2": 0.8014002442359924
    }
  },
  "val": {
    "ar": {
      "mse": 0.02096187137067318,
      "rmse": 0.14478215142300235,
      "mae": 0.09458925575017929,
      "r2": 0.5964174866676331
    },
    "en": {
      "mse": 0.022480398416519165,
      "rmse": 0.14993464715174798,
      "mae": 0.11211758106946945,
      "r2": 0.38655948638916016
    },
    "fi": {
      "mse": 0.009673824533820152,
      "rmse": 0.09835560245263181,
      "mae": 0.07278937846422195,
      "r2": 0.4748818874359131
    },
    "id": {
      "mse": 0.02144080027937889,
      "rmse": 0.1464267744621143,
      "mae": 0.10275005549192429,
      "r2": 0.3549216389656067
    },
    "ja": {
      "mse": 0.0062836287543177605,
      "rmse": 0.07926934309250809,
      "mae": 0.06380269676446915,
      "r2": 0.6855150461196899
    },
    "ko": {
      "mse": 0.019762076437473297,
      "rmse": 0.14057765269584385,
      "mae": 0.086750328540802,
      "r2": 0.5414289832115173
    },
    "ru": {
      "mse": 0.006896703504025936,
      "rmse": 0.08304639368465036,
      "mae": 0.06403494626283646,
      "r2": 0.649594783782959
    }
  },
  "test": {
    "ar": {
      "mse": 0.03761758655309677,
      "rmse": 0.19395253685656388,
      "mae": 0.1506238728761673,
      "r2": 0.49778127670288086
    },
    "en": {
      "mse": 0.01832631044089794,
      "rmse": 0.13537470384417447,
      "mae": 0.10763417929410934,
      "r2": 0.03109961748123169
    },
    "fi": {
      "mse": 0.011449393816292286,
      "rmse": 0.10700184024722326,
      "mae": 0.07881628721952438,
      "r2": 0.1719241738319397
    },
    "id": {
      "mse": 0.03493651747703552,
      "rmse": 0.18691312815593109,
      "mae": 0.14246268570423126,
      "r2": -0.18266630172729492
    },
    "ja": {
      "mse": 0.028216911479830742,
      "rmse": 0.16797890188898945,
      "mae": 0.11854034662246704,
      "r2": 0.5270256400108337
    },
    "ko": {
      "mse": 0.03331238403916359,
      "rmse": 0.18251680481304616,
      "mae": 0.12671169638633728,
      "r2": 0.20115280151367188
    },
    "ru": {
      "mse": 0.008982465602457523,
      "rmse": 0.09477587035979951,
      "mae": 0.07199135422706604,
      "r2": 0.21036607027053833
    }
  }
}