{
  "train_time": 32.07009696960449,
  "train_metrics": {
    "loss": 0.020961642228066922,
    "mse": 0.020974144339561462,
    "rmse": 0.14482452948158148,
    "r2": -0.009280800819396973
  },
  "val_metrics": {
    "loss": 0.02130107581615448,
    "mse": 0.021289201453328133,
    "rmse": 0.14590819529186197,
    "r2": -0.06548833847045898
  },
  "test_metrics": {
    "loss": 0.06352782621979713,
    "mse": 0.06344324350357056,
    "rmse": 0.25187942254890644,
    "r2": -0.06344115734100342
  },
  "language": "ja",
  "task": "single_submetric",
  "task_type": "regression",
  "model_type": "lm_probe",
  "is_control": true,
  "control_index": 1,
  "submetric": "n_tokens"
}