{
  "ko": {
    "train_time": 41.983837604522705,
    "train_metrics": {
      "loss": 0.014222480326970207,
      "mse": 0.014383760280907154,
      "rmse": 0.11993231541543403,
      "r2": 0.5799859166145325
    },
    "val_metrics": {
      "loss": 0.03665847331285477,
      "mse": 0.03265555202960968,
      "rmse": 0.18070847248983563,
      "r2": 0.21415311098098755
    },
    "test_metrics": {
      "loss": 0.06747570421014513,
      "mse": 0.06801837682723999,
      "rmse": 0.26080332978556847,
      "r2": -0.701542854309082
    },
    "language": "ko",
    "task": "single_submetric",
    "task_type": "regression",
    "model_type": "lm_probe",
    "is_control": false,
    "control_index": null,
    "submetric": "lexical_density"
  }
}