{
  "train_time": 32.00914907455444,
  "train_metrics": {
    "loss": 0.06389618302385013,
    "mse": 0.06393175572156906,
    "rmse": 0.2528472972399924,
    "r2": 0.0158994197845459
  },
  "val_metrics": {
    "loss": 0.08486077810327212,
    "mse": 0.08636925369501114,
    "rmse": 0.29388646395336265,
    "r2": -0.004019379615783691
  },
  "test_metrics": {
    "loss": 0.10749465723832448,
    "mse": 0.10895385593175888,
    "rmse": 0.33008158981039654,
    "r2": -0.1405576467514038
  },
  "language": "ja",
  "task": "single_submetric",
  "task_type": "regression",
  "model_type": "lm_probe",
  "is_control": true,
  "control_index": 1,
  "submetric": "avg_verb_edges"
}