{
  "train_time": 79.57013177871704,
  "train_metrics": {
    "loss": 0.02507319305402537,
    "mse": 0.025227393954992294,
    "rmse": 0.15883133807593605,
    "r2": 0.0009919404983520508
  },
  "val_metrics": {
    "loss": 0.03524482473731041,
    "mse": 0.037402842193841934,
    "rmse": 0.19339814423577578,
    "r2": -0.05415189266204834
  },
  "test_metrics": {
    "loss": 0.028940914464848384,
    "mse": 0.028969835489988327,
    "rmse": 0.17020527456570883,
    "r2": -0.02480161190032959
  },
  "language": "en",
  "task": "single_submetric",
  "task_type": "regression",
  "model_type": "lm_probe",
  "is_control": true,
  "control_index": 3,
  "submetric": "avg_max_depth"
}